=========================================
MLLF Policy Pretraining with Filtering
=========================================
Job ID: 6302942
Started: Thu Feb  5 11:00:27 EST 2026

Working directory: /home/pbowling/mllf/examples
Conda environment: mllf

Configuration:
  Config file: workflow_pretrain.yaml
  Output dir: models/pretraining
  Epochs: 50
  Learning rate: 0.001
  Outlier threshold: 2.5σ
  Reward threshold: >= 5
  Filtering enabled: yes
  Use best only: no

=========================================
Scanning Pretraining Data
=========================================

  - 14benz_pair_combos (combo structure):
      comb_0063_site1_3__site1_1: 1 runs
      comb_0188_site2_1__site2_3: 1 runs
      comb_0189_site2_1__site2_4: 1 runs
      comb_0217_site2_3__site2_1: 1 runs
      comb_0218_site2_3__site2_2: 1 runs
      comb_0232_site2_4__site2_1: 1 runs
      comb_0249_site2_5__site2_3: 1 runs
  - 14benz_solv: 60 runs
  - 1benz_solvent_group1: 172 runs
  - 1benz_solvent_group10: 171 runs
  - 1benz_solvent_group11: 161 runs
  - 1benz_solvent_group2: 171 runs
  - 1benz_solvent_group3: 171 runs
  - 1benz_solvent_group4: 171 runs
  - 1benz_solvent_group5: 161 runs
  - 1benz_solvent_group6: 161 runs
  - 1benz_solvent_group7: 161 runs
  - 1benz_solvent_group8: 161 runs
  - 1benz_solvent_group9: 161 runs
  - 1_FAAH_solvent_group1: 171 runs
  - 1_FAAH_solvent_group2: 171 runs
  - 1_FAAH_solvent_group3: 171 runs
  - 1_FAAH_solvent_group4: 171 runs
  - 1_FAAH_solvent_group5: 171 runs
  - 1_FAAH_solvent_group6: 171 runs
  - 1_FAAH_solvent_group7: 161 runs
  - 2_ChEMBL_solvent_group1: 176 runs
  - 2_ChEMBL_solvent_group2: 171 runs
  - 2_ChEMBL_solvent_group3: 171 runs
  - 2_ChEMBL_solvent_group4: 171 runs
  - 2_ChEMBL_solvent_group5: 161 runs
  - abl_protein_mutant_group1: 181 runs
  - abl_protein_mutant_group2: 181 runs
  - abl_protein_wildtype_group1: 181 runs
  - abl_protein_wildtype_group2: 181 runs
  - abl_water_group1: 161 runs
  - abl_water_group2: 161 runs
  - cmet_solvent_group1: 161 runs
  - dnaligase_solvent_group1: 161 runs
  - dnaligase_solvent_group2: 161 runs
  - dnaligase_solvent_group3: 161 runs
  - faah_solv: 160 runs
  - indole_solv: 231 runs
  - indolizine_solv: 231 runs
  - mup1_solvent_group1: 161 runs
  - mup1_solvent_group2: 181 runs
  - mup1_solvent_group3: 161 runs
  - p38_protein_groupA: 181 runs
  - p38_protein_groupB: 181 runs
  - p38_protein_groupC: 181 runs
  - p38_water_groupA: 180 runs
  - p38_water_groupB: 180 runs
  - p38_water_groupC: 160 runs
  - pfkfb3_solvent_group1: 161 runs
  - pfkfb3_solvent_group2: 161 runs
  - thrombin_solvent_group1: 161 runs
  - thrombin_solvent_group2: 161 runs

Total: 57 systems, 8448 runs available

=========================================
Starting Pretraining
=========================================

Statistical filtering: ENABLED (±2.5σ threshold)
Reward filtering: ENABLED (>= 5)
Training mode: All valid runs

Command:
python -u -m mllf.cb.pretrain_policy      --pretraining-dir ../pretraining/14benz_pair_combos/comb_0063_site1_3__site1_1/ --pretraining-dir ../pretraining/14benz_pair_combos/comb_0188_site2_1__site2_3/ --pretraining-dir ../pretraining/14benz_pair_combos/comb_0189_site2_1__site2_4/ --pretraining-dir ../pretraining/14benz_pair_combos/comb_0217_site2_3__site2_1/ --pretraining-dir ../pretraining/14benz_pair_combos/comb_0218_site2_3__site2_2/ --pretraining-dir ../pretraining/14benz_pair_combos/comb_0232_site2_4__site2_1/ --pretraining-dir ../pretraining/14benz_pair_combos/comb_0249_site2_5__site2_3/ --pretraining-dir ../pretraining/14benz_solv/ --pretraining-dir ../pretraining/1benz_solvent_group1/ --pretraining-dir ../pretraining/1benz_solvent_group10/ --pretraining-dir ../pretraining/1benz_solvent_group11/ --pretraining-dir ../pretraining/1benz_solvent_group2/ --pretraining-dir ../pretraining/1benz_solvent_group3/ --pretraining-dir ../pretraining/1benz_solvent_group4/ --pretraining-dir ../pretraining/1benz_solvent_group5/ --pretraining-dir ../pretraining/1benz_solvent_group6/ --pretraining-dir ../pretraining/1benz_solvent_group7/ --pretraining-dir ../pretraining/1benz_solvent_group8/ --pretraining-dir ../pretraining/1benz_solvent_group9/ --pretraining-dir ../pretraining/1_FAAH_solvent_group1/ --pretraining-dir ../pretraining/1_FAAH_solvent_group2/ --pretraining-dir ../pretraining/1_FAAH_solvent_group3/ --pretraining-dir ../pretraining/1_FAAH_solvent_group4/ --pretraining-dir ../pretraining/1_FAAH_solvent_group5/ --pretraining-dir ../pretraining/1_FAAH_solvent_group6/ --pretraining-dir ../pretraining/1_FAAH_solvent_group7/ --pretraining-dir ../pretraining/2_ChEMBL_solvent_group1/ --pretraining-dir ../pretraining/2_ChEMBL_solvent_group2/ --pretraining-dir ../pretraining/2_ChEMBL_solvent_group3/ --pretraining-dir ../pretraining/2_ChEMBL_solvent_group4/ --pretraining-dir ../pretraining/2_ChEMBL_solvent_group5/ --pretraining-dir ../pretraining/abl_protein_mutant_group1/ --pretraining-dir ../pretraining/abl_protein_mutant_group2/ --pretraining-dir ../pretraining/abl_protein_wildtype_group1/ --pretraining-dir ../pretraining/abl_protein_wildtype_group2/ --pretraining-dir ../pretraining/abl_water_group1/ --pretraining-dir ../pretraining/abl_water_group2/ --pretraining-dir ../pretraining/cmet_solvent_group1/ --pretraining-dir ../pretraining/dnaligase_solvent_group1/ --pretraining-dir ../pretraining/dnaligase_solvent_group2/ --pretraining-dir ../pretraining/dnaligase_solvent_group3/ --pretraining-dir ../pretraining/faah_solv/ --pretraining-dir ../pretraining/indole_solv/ --pretraining-dir ../pretraining/indolizine_solv/ --pretraining-dir ../pretraining/mup1_solvent_group1/ --pretraining-dir ../pretraining/mup1_solvent_group2/ --pretraining-dir ../pretraining/mup1_solvent_group3/ --pretraining-dir ../pretraining/p38_protein_groupA/ --pretraining-dir ../pretraining/p38_protein_groupB/ --pretraining-dir ../pretraining/p38_protein_groupC/ --pretraining-dir ../pretraining/p38_water_groupA/ --pretraining-dir ../pretraining/p38_water_groupB/ --pretraining-dir ../pretraining/p38_water_groupC/ --pretraining-dir ../pretraining/pfkfb3_solvent_group1/ --pretraining-dir ../pretraining/pfkfb3_solvent_group2/ --pretraining-dir ../pretraining/thrombin_solvent_group1/ --pretraining-dir ../pretraining/thrombin_solvent_group2/     --output-dir models/pretraining     --config workflow_pretrain.yaml     --epochs 50     --learning-rate 0.001 --outlier-std-threshold 2.5 --min-reward-threshold 5

Starting pretraining at Thu Feb  5 11:00:34 EST 2026...


Loading from ../pretraining/14benz_pair_combos/comb_0063_site1_3__site1_1...
  Loaded 1 runs

Loading from ../pretraining/14benz_pair_combos/comb_0188_site2_1__site2_3...
  Loaded 1 runs

Loading from ../pretraining/14benz_pair_combos/comb_0189_site2_1__site2_4...
  Loaded 1 runs

Loading from ../pretraining/14benz_pair_combos/comb_0217_site2_3__site2_1...
  Loaded 1 runs

Loading from ../pretraining/14benz_pair_combos/comb_0218_site2_3__site2_2...
  Loaded 1 runs

Loading from ../pretraining/14benz_pair_combos/comb_0232_site2_4__site2_1...
  Loaded 1 runs

Loading from ../pretraining/14benz_pair_combos/comb_0249_site2_5__site2_3...
  Loaded 1 runs

Loading from ../pretraining/14benz_solv...
  Loaded 60 runs

Loading from ../pretraining/1benz_solvent_group1...
  Loaded 172 runs

Loading from ../pretraining/1benz_solvent_group10...
  Loaded 171 runs

Loading from ../pretraining/1benz_solvent_group11...
  Loaded 161 runs

Loading from ../pretraining/1benz_solvent_group2...
  Loaded 171 runs

Loading from ../pretraining/1benz_solvent_group3...
  Loaded 171 runs

Loading from ../pretraining/1benz_solvent_group4...
  Loaded 171 runs

Loading from ../pretraining/1benz_solvent_group5...
  Loaded 161 runs

Loading from ../pretraining/1benz_solvent_group6...
  Loaded 161 runs

Loading from ../pretraining/1benz_solvent_group7...
  Loaded 161 runs

Loading from ../pretraining/1benz_solvent_group8...
  Loaded 161 runs

Loading from ../pretraining/1benz_solvent_group9...
  Loaded 161 runs

Loading from ../pretraining/1_FAAH_solvent_group1...
  Loaded 171 runs

Loading from ../pretraining/1_FAAH_solvent_group2...
  Loaded 171 runs

Loading from ../pretraining/1_FAAH_solvent_group3...
  Loaded 171 runs

Loading from ../pretraining/1_FAAH_solvent_group4...
  Loaded 171 runs

Loading from ../pretraining/1_FAAH_solvent_group5...
  Loaded 171 runs

Loading from ../pretraining/1_FAAH_solvent_group6...
  Loaded 171 runs

Loading from ../pretraining/1_FAAH_solvent_group7...
  Loaded 161 runs

Loading from ../pretraining/2_ChEMBL_solvent_group1...
  Loaded 176 runs

Loading from ../pretraining/2_ChEMBL_solvent_group2...
  Loaded 171 runs

Loading from ../pretraining/2_ChEMBL_solvent_group3...
  Loaded 171 runs

Loading from ../pretraining/2_ChEMBL_solvent_group4...
  Loaded 171 runs

Loading from ../pretraining/2_ChEMBL_solvent_group5...
  Loaded 161 runs

Loading from ../pretraining/abl_protein_mutant_group1...
  Loaded 181 runs

Loading from ../pretraining/abl_protein_mutant_group2...
  Loaded 181 runs

Loading from ../pretraining/abl_protein_wildtype_group1...
  Loaded 181 runs

Loading from ../pretraining/abl_protein_wildtype_group2...
  Loaded 181 runs

Loading from ../pretraining/abl_water_group1...
  Loaded 161 runs

Loading from ../pretraining/abl_water_group2...
  Loaded 161 runs

Loading from ../pretraining/cmet_solvent_group1...
  Loaded 161 runs

Loading from ../pretraining/dnaligase_solvent_group1...
  Loaded 161 runs

Loading from ../pretraining/dnaligase_solvent_group2...
  Loaded 161 runs

Loading from ../pretraining/dnaligase_solvent_group3...
  Loaded 161 runs

Loading from ../pretraining/faah_solv...
  Loaded 160 runs

Loading from ../pretraining/indole_solv...
  Loaded 231 runs

Loading from ../pretraining/indolizine_solv...
  Loaded 231 runs

Loading from ../pretraining/mup1_solvent_group1...
  Loaded 161 runs

Loading from ../pretraining/mup1_solvent_group2...
  Loaded 181 runs

Loading from ../pretraining/mup1_solvent_group3...
  Loaded 161 runs

Loading from ../pretraining/p38_protein_groupA...
  Loaded 181 runs

Loading from ../pretraining/p38_protein_groupB...
  Loaded 181 runs

Loading from ../pretraining/p38_protein_groupC...
  Loaded 181 runs

Loading from ../pretraining/p38_water_groupA...
  Loaded 180 runs

Loading from ../pretraining/p38_water_groupB...
  Loaded 180 runs

Loading from ../pretraining/p38_water_groupC...
  Loaded 160 runs

Loading from ../pretraining/pfkfb3_solvent_group1...
  Loaded 161 runs

Loading from ../pretraining/pfkfb3_solvent_group2...
  Loaded 161 runs

Loading from ../pretraining/thrombin_solvent_group1...
  Loaded 161 runs

Loading from ../pretraining/thrombin_solvent_group2...
  Loaded 161 runs

Total runs from all directories: 8448
Using device: cpu

Using all 8448 valid runs for pretraining (no filtering)


Applying reward filtering (threshold: >= 5.0)...

================================================================================
Reward Filtering (threshold: >= 5.0)
================================================================================
  Total runs: 8448
  Kept: 1476 (17.5%)
  Excluded: 6972 (82.5%)

  Reward statistics for excluded runs:
    Mean: -32.13
    Min: -50.00
    Max: 4.97

  Top 10 excluded runs (by reward):
    1_FAAH_solvent_group6          run151          reward=   4.97
    faah_solv                      run53           reward=   4.97
    faah_solv                      run134          reward=   4.95
    abl_protein_mutant_group2      run170          reward=   4.95
    1benz_solvent_group6           run31           reward=   4.92
    faah_solv                      run119          reward=   4.91
    dnaligase_solvent_group3       run79           reward=   4.89
    1benz_solvent_group1           run151          reward=   4.86
    faah_solv                      run66           reward=   4.84
    1benz_solvent_group4           run167          reward=   4.80
================================================================================


Applying statistical filtering (±2.5σ threshold)...
Computing coefficient statistics across 1476 runs...

================================================================================
Coefficient Statistics Across All Runs
================================================================================
linear      : mean=  18.49, std=  19.26, p95=  51.16, max= 232.52, n=12591
quadratic   : mean=  21.98, std=  22.45, p95=  58.74, max= 265.64, n=78210
skew        : mean=   2.07, std=   2.28, p95=   5.48, max=  77.03, n=88297
end         : mean=   1.03, std=   1.07, p95=   2.98, max=  20.57, n=88233
================================================================================

Filtering thresholds (mean ± 2.5σ):
  linear      : ≤ 66.63
  quadratic   : ≤ 78.11
  skew        : ≤ 7.77
  end         : ≤ 3.71


================================================================================
Statistical Filtering Results (±2.5σ threshold)
================================================================================
  Total runs: 1476
  Kept: 803 (54.4%)
  Excluded: 673 (45.6%)

  Top 10 excluded runs:
    1benz_solvent_group4           run153          (linear    : 232.52)
    1benz_solvent_group4           run158          (linear    : 232.48)
    1benz_solvent_group4           run155          (linear    : 232.36)
    1benz_solvent_group4           run154          (linear    : 232.33)
    1benz_solvent_group4           run159          (linear    : 232.27)
    1benz_solvent_group4           run170          (linear    : 232.02)
    1benz_solvent_group4           run165          (linear    : 232.00)
    1benz_solvent_group4           run160          (linear    : 231.82)
    1benz_solvent_group4           run164          (linear    : 231.76)
    1benz_solvent_group4           run168          (linear    : 231.76)
================================================================================


Model architecture:
  Encoder: 157984 params
  Policy: 192040 params

============================================================
Starting behavior cloning for 50 epochs
Training on 803 best runs per system
============================================================

Epoch 1/50
  Run 10/803: mse_loss=62.2787, avg_loss=69.7100
  Run 20/803: mse_loss=14.0263, avg_loss=46.5412
  Run 30/803: mse_loss=2.9240, avg_loss=32.2115
  Run 40/803: mse_loss=1.6760, avg_loss=24.6338
  Run 50/803: mse_loss=1.3769, avg_loss=19.8784
  Run 60/803: mse_loss=1.5853, avg_loss=16.8726
  Run 70/803: mse_loss=1.9676, avg_loss=14.9553
  Run 80/803: mse_loss=3.6008, avg_loss=13.3536
  Run 90/803: mse_loss=28.1054, avg_loss=18.4219
  Run 100/803: mse_loss=11.2527, avg_loss=18.8711
  Run 110/803: mse_loss=207.1673, avg_loss=25.9927
  Run 120/803: mse_loss=144.8698, avg_loss=38.6217
  ⚠️  HIGH LOSS: Run 129/803 (abl_protein_mutant_group1/run151): loss=878.31
  ⚠️  HIGH LOSS: Run 130/803 (abl_protein_mutant_group1/run154): loss=738.46
  Run 130/803: mse_loss=738.4557, avg_loss=53.4090
  ⚠️  HIGH LOSS: Run 131/803 (abl_protein_mutant_group1/run157): loss=556.41
  Run 140/803: mse_loss=118.9494, avg_loss=68.8149
  Run 150/803: mse_loss=44.7428, avg_loss=69.6423
  Run 160/803: mse_loss=42.7059, avg_loss=73.0876
  Run 170/803: mse_loss=17.3520, avg_loss=70.6300
  Run 180/803: mse_loss=30.0402, avg_loss=70.1444
  Run 190/803: mse_loss=37.9145, avg_loss=68.7661
  Run 200/803: mse_loss=38.2720, avg_loss=67.3594
  ⚠️  HIGH LOSS: Run 208/803 (dnaligase_solvent_group1/run100): loss=1062.54
  ⚠️  HIGH LOSS: Run 209/803 (dnaligase_solvent_group1/run101): loss=996.80
  ⚠️  HIGH LOSS: Run 210/803 (dnaligase_solvent_group1/run102): loss=806.47
  Run 210/803: mse_loss=806.4664, avg_loss=78.7041
  ⚠️  HIGH LOSS: Run 211/803 (dnaligase_solvent_group1/run103): loss=591.44
  Run 220/803: mse_loss=24.6999, avg_loss=82.5442
  Run 230/803: mse_loss=3.4341, avg_loss=79.3274
  Run 240/803: mse_loss=2.4497, avg_loss=76.1202
  Run 250/803: mse_loss=5.3914, avg_loss=73.1807
  Run 260/803: mse_loss=1.1669, avg_loss=70.4213
  Run 270/803: mse_loss=0.8825, avg_loss=67.8693
  Run 280/803: mse_loss=1.9944, avg_loss=65.5244
  Run 290/803: mse_loss=1.4232, avg_loss=63.3312
  Run 300/803: mse_loss=1.8866, avg_loss=61.2722
  Run 310/803: mse_loss=1.3464, avg_loss=59.3465
  Run 320/803: mse_loss=0.7738, avg_loss=57.5220
  Run 330/803: mse_loss=0.6094, avg_loss=55.8058
  Run 340/803: mse_loss=0.9820, avg_loss=54.2202
  Run 350/803: mse_loss=2.1112, avg_loss=52.7254
  Run 360/803: mse_loss=13.1440, avg_loss=52.3722
  Run 370/803: mse_loss=4.0752, avg_loss=51.1258
  Run 380/803: mse_loss=3.7058, avg_loss=49.8818
  Run 390/803: mse_loss=3.2651, avg_loss=48.6457
  Run 400/803: mse_loss=2.9929, avg_loss=47.4650
  Run 410/803: mse_loss=3.3776, avg_loss=46.3689
  Run 420/803: mse_loss=0.5978, avg_loss=45.3330
  Run 430/803: mse_loss=3.3881, avg_loss=44.3179
  Run 440/803: mse_loss=325.3351, avg_loss=47.5771
  Run 450/803: mse_loss=143.0953, avg_loss=50.7686
  Run 460/803: mse_loss=24.2934, avg_loss=51.1428
  Run 470/803: mse_loss=8.8085, avg_loss=50.3356
  ⚠️  HIGH LOSS: Run 471/803 (faah_solv/run102): loss=604.02
  ⚠️  HIGH LOSS: Run 472/803 (faah_solv/run103): loss=549.23
  Run 480/803: mse_loss=104.1618, avg_loss=55.7973
  Run 490/803: mse_loss=51.5004, avg_loss=55.8684
  Run 500/803: mse_loss=11.4811, avg_loss=55.2626
  Run 510/803: mse_loss=11.1635, avg_loss=54.4172
  Run 520/803: mse_loss=6.1800, avg_loss=53.5365
  Run 530/803: mse_loss=4.7371, avg_loss=52.6653
  Run 540/803: mse_loss=9.8283, avg_loss=51.7920
  Run 550/803: mse_loss=3.3362, avg_loss=50.9237
  Run 560/803: mse_loss=67.1295, avg_loss=50.9970
  Run 570/803: mse_loss=22.6228, avg_loss=50.8059
  Run 580/803: mse_loss=10.6946, avg_loss=50.1866
  Run 590/803: mse_loss=6.7666, avg_loss=49.4682
  Run 600/803: mse_loss=7.9431, avg_loss=48.7621
  Run 610/803: mse_loss=3.4305, avg_loss=48.0301
  Run 620/803: mse_loss=4.9830, avg_loss=47.3198
  Run 630/803: mse_loss=3.2920, avg_loss=46.6337
  Run 640/803: mse_loss=3.0540, avg_loss=45.9554
  Run 650/803: mse_loss=3.3655, avg_loss=45.2936
  Run 660/803: mse_loss=1.7886, avg_loss=44.6351
  Run 670/803: mse_loss=1.7139, avg_loss=43.9969
  Run 680/803: mse_loss=7.1896, avg_loss=43.4641
  Run 690/803: mse_loss=5.2980, avg_loss=42.9179
  Run 700/803: mse_loss=34.2426, avg_loss=44.6783
  Run 710/803: mse_loss=6.0932, avg_loss=44.2820
  Run 720/803: mse_loss=1.5128, avg_loss=43.7345
  Run 730/803: mse_loss=0.8470, avg_loss=43.1809
  Run 740/803: mse_loss=2.5395, avg_loss=42.6181
  Run 750/803: mse_loss=0.4110, avg_loss=42.0578
  Run 760/803: mse_loss=0.6285, avg_loss=41.5134
  Run 770/803: mse_loss=0.9042, avg_loss=40.9833
  Run 780/803: mse_loss=0.8473, avg_loss=40.4653
  Run 790/803: mse_loss=0.7693, avg_loss=39.9642
  Run 800/803: mse_loss=0.2741, avg_loss=39.4702
  MSE Loss: 39.3278
  Runs processed: 803
  Saved best model (loss: 39.3278)
Epoch 2/50
  Run 10/803: mse_loss=98.0352, avg_loss=155.9776
  Run 20/803: mse_loss=20.2483, avg_loss=99.6246
  Run 30/803: mse_loss=3.9798, avg_loss=68.3733
  Run 40/803: mse_loss=1.7605, avg_loss=51.9633
  Run 50/803: mse_loss=1.3463, avg_loss=41.7938
  Run 60/803: mse_loss=1.7566, avg_loss=35.1821
  Run 70/803: mse_loss=1.8547, avg_loss=30.7908
  Run 80/803: mse_loss=3.9005, avg_loss=27.1574
  Run 90/803: mse_loss=32.2628, avg_loss=29.9161
  Run 100/803: mse_loss=9.4081, avg_loss=28.7373
  Run 110/803: mse_loss=153.0992, avg_loss=35.3017
  Run 120/803: mse_loss=19.7212, avg_loss=37.6087
  ⚠️  HIGH LOSS: Run 129/803 (abl_protein_mutant_group1/run151): loss=904.64
  ⚠️  HIGH LOSS: Run 130/803 (abl_protein_mutant_group1/run154): loss=804.42
  Run 130/803: mse_loss=804.4218, avg_loss=48.4926
  ⚠️  HIGH LOSS: Run 131/803 (abl_protein_mutant_group1/run157): loss=684.70
  ⚠️  HIGH LOSS: Run 132/803 (abl_protein_mutant_group1/run158): loss=588.56
  Run 140/803: mse_loss=353.9951, avg_loss=76.4937
  Run 150/803: mse_loss=92.8888, avg_loss=83.8684
  Run 160/803: mse_loss=28.5125, avg_loss=83.8848
  Run 170/803: mse_loss=14.9856, avg_loss=80.4582
  Run 180/803: mse_loss=34.3891, avg_loss=80.2662
  Run 190/803: mse_loss=35.6513, avg_loss=77.9640
  Run 200/803: mse_loss=12.4330, avg_loss=75.2060
  Run 210/803: mse_loss=217.4785, avg_loss=75.5673
  Run 220/803: mse_loss=23.5817, avg_loss=75.9637
  Run 230/803: mse_loss=2.9879, avg_loss=73.0356
  Run 240/803: mse_loss=1.8669, avg_loss=70.1235
  Run 250/803: mse_loss=7.5282, avg_loss=67.4101
  Run 260/803: mse_loss=0.6830, avg_loss=64.8470
  Run 270/803: mse_loss=0.6439, avg_loss=62.4843
  Run 280/803: mse_loss=2.3408, avg_loss=60.3414
  Run 290/803: mse_loss=1.1353, avg_loss=58.3180
  Run 300/803: mse_loss=2.4815, avg_loss=56.4224
  Run 310/803: mse_loss=1.2163, avg_loss=54.6540
  Run 320/803: mse_loss=0.8681, avg_loss=52.9846
  Run 330/803: mse_loss=0.8998, avg_loss=51.4029
  Run 340/803: mse_loss=1.8161, avg_loss=49.9355
  Run 350/803: mse_loss=1.8137, avg_loss=48.5584
  Run 360/803: mse_loss=11.8606, avg_loss=48.6230
  Run 370/803: mse_loss=2.1073, avg_loss=47.4801
  Run 380/803: mse_loss=1.2495, avg_loss=46.2976
  Run 390/803: mse_loss=3.8507, avg_loss=45.1454
  Run 400/803: mse_loss=2.0071, avg_loss=44.0462
  Run 410/803: mse_loss=2.9700, avg_loss=43.0157
  Run 420/803: mse_loss=0.9620, avg_loss=42.0360
  Run 430/803: mse_loss=3.6043, avg_loss=41.1025
  Run 440/803: mse_loss=196.4427, avg_loss=43.0580
  Run 450/803: mse_loss=35.1807, avg_loss=43.7457
  Run 460/803: mse_loss=8.1383, avg_loss=43.1389
  Run 470/803: mse_loss=3.9888, avg_loss=42.3501
  Run 480/803: mse_loss=93.5622, avg_loss=46.1437
  Run 490/803: mse_loss=30.5755, avg_loss=46.4718
  Run 500/803: mse_loss=10.7804, avg_loss=45.8808
  Run 510/803: mse_loss=7.0056, avg_loss=45.2331
  Run 520/803: mse_loss=4.5276, avg_loss=44.5357
  Run 530/803: mse_loss=4.9554, avg_loss=43.8173
  Run 540/803: mse_loss=5.9359, avg_loss=43.0745
  Run 550/803: mse_loss=3.4214, avg_loss=42.3670
  Run 560/803: mse_loss=24.4022, avg_loss=42.0126
  Run 570/803: mse_loss=10.1383, avg_loss=41.5312
  Run 580/803: mse_loss=4.4437, avg_loss=40.9292
  Run 590/803: mse_loss=2.5405, avg_loss=40.2889
  Run 600/803: mse_loss=3.4394, avg_loss=39.6757
  Run 610/803: mse_loss=3.9262, avg_loss=39.0892
  Run 620/803: mse_loss=2.8163, avg_loss=38.5097
  Run 630/803: mse_loss=2.0487, avg_loss=37.9357
  Run 640/803: mse_loss=1.7019, avg_loss=37.3751
  Run 650/803: mse_loss=1.3154, avg_loss=36.8249
  Run 660/803: mse_loss=0.6776, avg_loss=36.2817
  Run 670/803: mse_loss=0.5974, avg_loss=35.7491
  Run 680/803: mse_loss=4.4643, avg_loss=35.3087
  Run 690/803: mse_loss=3.6949, avg_loss=34.8544
  Run 700/803: mse_loss=18.1697, avg_loss=35.1618
  Run 710/803: mse_loss=3.7294, avg_loss=34.7795
  Run 720/803: mse_loss=2.1281, avg_loss=34.3204
  Run 730/803: mse_loss=0.4887, avg_loss=33.8899
  Run 740/803: mse_loss=3.3573, avg_loss=33.4487
  Run 750/803: mse_loss=0.4759, avg_loss=33.0125
  Run 760/803: mse_loss=1.1697, avg_loss=32.5885
  Run 770/803: mse_loss=0.5297, avg_loss=32.1730
  Run 780/803: mse_loss=0.5845, avg_loss=31.7670
  Run 790/803: mse_loss=0.6822, avg_loss=31.3727
  Run 800/803: mse_loss=0.2906, avg_loss=30.9853
  MSE Loss: 30.8747
  Runs processed: 803
  Saved best model (loss: 30.8747)
Epoch 3/50
  Run 10/803: mse_loss=72.4689, avg_loss=77.9045
  Run 20/803: mse_loss=5.3756, avg_loss=56.9610
  Run 30/803: mse_loss=2.1459, avg_loss=40.7650
  Run 40/803: mse_loss=2.0673, avg_loss=31.1272
  Run 50/803: mse_loss=3.6261, avg_loss=25.3277
  Run 60/803: mse_loss=2.3071, avg_loss=21.4727
  Run 70/803: mse_loss=1.2388, avg_loss=18.7105
  Run 80/803: mse_loss=3.5132, avg_loss=16.5968
  Run 90/803: mse_loss=31.7033, avg_loss=20.1405
  Run 100/803: mse_loss=13.2162, avg_loss=20.3338
  Run 110/803: mse_loss=135.8056, avg_loss=27.8033
  Run 120/803: mse_loss=21.4592, avg_loss=31.1079
  ⚠️  HIGH LOSS: Run 129/803 (abl_protein_mutant_group1/run151): loss=571.42
  Run 130/803: mse_loss=451.6999, avg_loss=37.3185
  Run 140/803: mse_loss=101.2458, avg_loss=46.0754
  Run 150/803: mse_loss=33.8904, avg_loss=45.5327
  Run 160/803: mse_loss=59.0905, avg_loss=46.9564
  Run 170/803: mse_loss=12.0279, avg_loss=45.7959
  Run 180/803: mse_loss=10.7859, avg_loss=44.7115
  Run 190/803: mse_loss=64.0852, avg_loss=48.0889
  Run 200/803: mse_loss=38.1118, avg_loss=48.9712
  Run 210/803: mse_loss=87.2290, avg_loss=49.5132
  Run 220/803: mse_loss=12.1875, avg_loss=48.3630
  Run 230/803: mse_loss=2.9209, avg_loss=46.4732
  Run 240/803: mse_loss=1.8754, avg_loss=44.6608
  Run 250/803: mse_loss=5.7547, avg_loss=42.9545
  Run 260/803: mse_loss=1.3285, avg_loss=41.3652
  Run 270/803: mse_loss=0.7996, avg_loss=39.8887
  Run 280/803: mse_loss=3.7854, avg_loss=38.5745
  Run 290/803: mse_loss=1.1096, avg_loss=37.2989
  Run 300/803: mse_loss=2.0705, avg_loss=36.1147
  Run 310/803: mse_loss=1.9955, avg_loss=35.0244
  Run 320/803: mse_loss=1.0842, avg_loss=33.9790
  Run 330/803: mse_loss=0.7803, avg_loss=32.9755
  Run 340/803: mse_loss=2.9955, avg_loss=32.0603
  Run 350/803: mse_loss=0.5420, avg_loss=31.1782
  Run 360/803: mse_loss=15.1115, avg_loss=31.3976
  Run 370/803: mse_loss=2.5496, avg_loss=30.6575
  Run 380/803: mse_loss=1.8293, avg_loss=29.9211
  Run 390/803: mse_loss=3.3544, avg_loss=29.1814
  Run 400/803: mse_loss=1.6362, avg_loss=28.4733
  Run 410/803: mse_loss=4.0616, avg_loss=27.8257
  Run 420/803: mse_loss=0.8066, avg_loss=27.1984
  Run 430/803: mse_loss=2.6536, avg_loss=26.5979
  Run 440/803: mse_loss=83.1704, avg_loss=27.5997
  Run 450/803: mse_loss=18.6251, avg_loss=27.6392
  Run 460/803: mse_loss=5.6350, avg_loss=27.2466
  Run 470/803: mse_loss=4.0782, avg_loss=26.7764
  Run 480/803: mse_loss=22.9536, avg_loss=28.9786
  Run 490/803: mse_loss=14.5866, avg_loss=29.0420
  Run 500/803: mse_loss=3.9565, avg_loss=28.5663
  Run 510/803: mse_loss=5.5022, avg_loss=28.1935
  Run 520/803: mse_loss=2.7194, avg_loss=27.7784
  Run 530/803: mse_loss=4.8273, avg_loss=27.3574
  Run 540/803: mse_loss=3.3620, avg_loss=26.9186
  Run 550/803: mse_loss=2.7793, avg_loss=26.4746
  Run 560/803: mse_loss=16.6125, avg_loss=26.3248
  Run 570/803: mse_loss=7.9494, avg_loss=26.0309
  Run 580/803: mse_loss=3.9182, avg_loss=25.6713
  Run 590/803: mse_loss=2.2303, avg_loss=25.2864
  Run 600/803: mse_loss=1.8103, avg_loss=24.8995
  Run 610/803: mse_loss=1.8499, avg_loss=24.5165
  Run 620/803: mse_loss=2.0078, avg_loss=24.1513
  Run 630/803: mse_loss=1.5481, avg_loss=23.7932
  Run 640/803: mse_loss=1.5951, avg_loss=23.4448
  Run 650/803: mse_loss=0.8764, avg_loss=23.1024
  Run 660/803: mse_loss=0.6068, avg_loss=22.7665
  Run 670/803: mse_loss=0.5089, avg_loss=22.4357
  Run 680/803: mse_loss=3.7888, avg_loss=22.1901
  Run 690/803: mse_loss=3.1353, avg_loss=21.9162
  Run 700/803: mse_loss=10.6958, avg_loss=21.8506
  Run 710/803: mse_loss=1.6177, avg_loss=21.5934
  Run 720/803: mse_loss=0.8879, avg_loss=21.3144
  Run 730/803: mse_loss=0.5276, avg_loss=21.0598
  Run 740/803: mse_loss=3.0456, avg_loss=20.7924
  Run 750/803: mse_loss=0.5405, avg_loss=20.5236
  Run 760/803: mse_loss=0.8937, avg_loss=20.2647
  Run 770/803: mse_loss=0.3979, avg_loss=20.0091
  Run 780/803: mse_loss=0.6454, avg_loss=19.7603
  Run 790/803: mse_loss=0.3616, avg_loss=19.5173
  Run 800/803: mse_loss=0.4972, avg_loss=19.2772
  MSE Loss: 19.2123
  Runs processed: 803
  Saved best model (loss: 19.2123)
Epoch 4/50
  Run 10/803: mse_loss=69.1490, avg_loss=85.1200
  Run 20/803: mse_loss=8.3781, avg_loss=60.5902
  Run 30/803: mse_loss=3.1544, avg_loss=42.0847
  Run 40/803: mse_loss=1.2331, avg_loss=31.9947
  Run 50/803: mse_loss=1.7388, avg_loss=25.8132
  Run 60/803: mse_loss=4.1390, avg_loss=21.9367
  Run 70/803: mse_loss=1.4170, avg_loss=19.1084
  Run 80/803: mse_loss=3.0653, avg_loss=16.9597
  Run 90/803: mse_loss=19.7272, avg_loss=19.5976
  Run 100/803: mse_loss=8.7762, avg_loss=19.0240
  Run 110/803: mse_loss=58.8603, avg_loss=21.6535
  Run 120/803: mse_loss=8.8245, avg_loss=21.6265
  Run 130/803: mse_loss=165.6464, avg_loss=23.2440
  Run 140/803: mse_loss=14.8480, avg_loss=24.7970
  Run 150/803: mse_loss=6.2027, avg_loss=23.9313
  Run 160/803: mse_loss=5.0883, avg_loss=23.2980
  Run 170/803: mse_loss=22.0672, avg_loss=23.2999
  Run 180/803: mse_loss=10.5104, avg_loss=22.8765
  Run 190/803: mse_loss=29.1308, avg_loss=23.5225
  Run 200/803: mse_loss=11.9142, avg_loss=23.4913
  Run 210/803: mse_loss=16.3926, avg_loss=22.8508
  Run 220/803: mse_loss=4.9915, avg_loss=22.0497
  Run 230/803: mse_loss=1.7335, avg_loss=21.2394
  Run 240/803: mse_loss=0.7460, avg_loss=20.4482
  Run 250/803: mse_loss=6.7054, avg_loss=19.7017
  Run 260/803: mse_loss=2.0453, avg_loss=19.0184
  Run 270/803: mse_loss=0.7187, avg_loss=18.3772
  Run 280/803: mse_loss=3.6364, avg_loss=17.8246
  Run 290/803: mse_loss=0.6344, avg_loss=17.2410
  Run 300/803: mse_loss=2.0023, avg_loss=16.7117
  Run 310/803: mse_loss=1.4832, avg_loss=16.2348
  Run 320/803: mse_loss=0.6784, avg_loss=15.7751
  Run 330/803: mse_loss=1.0409, avg_loss=15.3174
  Run 340/803: mse_loss=1.9471, avg_loss=14.9102
  Run 350/803: mse_loss=0.7294, avg_loss=14.5135
  Run 360/803: mse_loss=10.2953, avg_loss=14.3612
  Run 370/803: mse_loss=1.7514, avg_loss=14.0828
  Run 380/803: mse_loss=2.3638, avg_loss=13.7841
  Run 390/803: mse_loss=2.5782, avg_loss=13.4591
  Run 400/803: mse_loss=1.9435, avg_loss=13.1425
  Run 410/803: mse_loss=2.2206, avg_loss=12.8634
  Run 420/803: mse_loss=0.9789, avg_loss=12.6078
  Run 430/803: mse_loss=2.5526, avg_loss=12.3460
  Run 440/803: mse_loss=40.3707, avg_loss=12.9959
  Run 450/803: mse_loss=11.6736, avg_loss=13.0975
  Run 460/803: mse_loss=4.1742, avg_loss=12.9495
  Run 470/803: mse_loss=3.2694, avg_loss=12.7637
  Run 480/803: mse_loss=8.1944, avg_loss=13.2076
  Run 490/803: mse_loss=4.8812, avg_loss=13.2146
  Run 500/803: mse_loss=2.1450, avg_loss=13.0078
  Run 510/803: mse_loss=6.6333, avg_loss=12.9498
  Run 520/803: mse_loss=2.6850, avg_loss=12.8052
  Run 530/803: mse_loss=2.8201, avg_loss=12.6285
  Run 540/803: mse_loss=5.3262, avg_loss=12.4440
  Run 550/803: mse_loss=2.2603, avg_loss=12.2616
  Run 560/803: mse_loss=24.8086, avg_loss=12.4612
  Run 570/803: mse_loss=9.2943, avg_loss=12.5522
  Run 580/803: mse_loss=3.9591, avg_loss=12.4390
  Run 590/803: mse_loss=3.0475, avg_loss=12.2859
  Run 600/803: mse_loss=2.0366, avg_loss=12.1201
  Run 610/803: mse_loss=1.7474, avg_loss=11.9492
  Run 620/803: mse_loss=1.3733, avg_loss=11.7837
  Run 630/803: mse_loss=1.3984, avg_loss=11.6171
  Run 640/803: mse_loss=1.3576, avg_loss=11.4550
  Run 650/803: mse_loss=0.6909, avg_loss=11.2930
  Run 660/803: mse_loss=0.6442, avg_loss=11.1315
  Run 670/803: mse_loss=0.3850, avg_loss=10.9722
  Run 680/803: mse_loss=3.7608, avg_loss=10.8908
  Run 690/803: mse_loss=3.0956, avg_loss=10.7789
  Run 700/803: mse_loss=9.8253, avg_loss=10.8286
  Run 710/803: mse_loss=1.2418, avg_loss=10.7157
  Run 720/803: mse_loss=1.2018, avg_loss=10.5896
  Run 730/803: mse_loss=1.5773, avg_loss=10.4882
  Run 740/803: mse_loss=2.8099, avg_loss=10.3674
  Run 750/803: mse_loss=0.6695, avg_loss=10.2383
  Run 760/803: mse_loss=0.8934, avg_loss=10.1168
  Run 770/803: mse_loss=0.5460, avg_loss=9.9954
  Run 780/803: mse_loss=0.3708, avg_loss=9.8747
  Run 790/803: mse_loss=0.6842, avg_loss=9.7581
  Run 800/803: mse_loss=0.5368, avg_loss=9.6414
  MSE Loss: 9.6133
  Runs processed: 803
  Saved best model (loss: 9.6133)
Epoch 5/50
  Run 10/803: mse_loss=33.3257, avg_loss=44.6607
  Run 20/803: mse_loss=7.4213, avg_loss=30.7133
  Run 30/803: mse_loss=2.1127, avg_loss=22.4721
  Run 40/803: mse_loss=1.1903, avg_loss=17.1594
  Run 50/803: mse_loss=1.7124, avg_loss=13.9379
  Run 60/803: mse_loss=4.2236, avg_loss=12.0712
  Run 70/803: mse_loss=1.6987, avg_loss=10.6764
  Run 80/803: mse_loss=2.8215, avg_loss=9.5401
  Run 90/803: mse_loss=28.5552, avg_loss=17.6023
  Run 100/803: mse_loss=9.1561, avg_loss=17.5176
  Run 110/803: mse_loss=23.1647, avg_loss=20.3040
  Run 120/803: mse_loss=6.7062, avg_loss=19.7910
  Run 130/803: mse_loss=139.8583, avg_loss=21.0535
  Run 140/803: mse_loss=14.1589, avg_loss=21.9437
  Run 150/803: mse_loss=7.2418, avg_loss=21.1659
  Run 160/803: mse_loss=4.1340, avg_loss=20.4258
  Run 170/803: mse_loss=7.4861, avg_loss=19.8200
  Run 180/803: mse_loss=11.2611, avg_loss=19.1979
  Run 190/803: mse_loss=26.1010, avg_loss=19.7920
  Run 200/803: mse_loss=15.3425, avg_loss=19.9702
  Run 210/803: mse_loss=28.2411, avg_loss=19.6908
  Run 220/803: mse_loss=5.0280, avg_loss=19.1499
  Run 230/803: mse_loss=1.2000, avg_loss=18.4718
  Run 240/803: mse_loss=1.1286, avg_loss=17.7918
  Run 250/803: mse_loss=7.1832, avg_loss=17.1546
  Run 260/803: mse_loss=1.3282, avg_loss=16.5405
  Run 270/803: mse_loss=0.4590, avg_loss=15.9742
  Run 280/803: mse_loss=3.7248, avg_loss=15.5070
  Run 290/803: mse_loss=0.5583, avg_loss=14.9990
  Run 300/803: mse_loss=1.6332, avg_loss=14.5461
  Run 310/803: mse_loss=1.3230, avg_loss=14.1332
  Run 320/803: mse_loss=0.5542, avg_loss=13.7344
  Run 330/803: mse_loss=0.7853, avg_loss=13.3371
  Run 340/803: mse_loss=2.0465, avg_loss=12.9843
  Run 350/803: mse_loss=0.9039, avg_loss=12.6469
  Run 360/803: mse_loss=2.3052, avg_loss=12.3729
  Run 370/803: mse_loss=2.1898, avg_loss=12.1286
  Run 380/803: mse_loss=1.7071, avg_loss=11.8742
  Run 390/803: mse_loss=3.4222, avg_loss=11.5938
  Run 400/803: mse_loss=1.9216, avg_loss=11.3223
  Run 410/803: mse_loss=3.3564, avg_loss=11.0887
  Run 420/803: mse_loss=0.5317, avg_loss=10.8556
  Run 430/803: mse_loss=2.4036, avg_loss=10.6295
  Run 440/803: mse_loss=14.4422, avg_loss=10.8255
  Run 450/803: mse_loss=7.0896, avg_loss=10.8443
  Run 460/803: mse_loss=2.2787, avg_loss=10.6972
  Run 470/803: mse_loss=2.4843, avg_loss=10.5398
  Run 480/803: mse_loss=14.1396, avg_loss=10.8054
  Run 490/803: mse_loss=2.7091, avg_loss=10.7871
  Run 500/803: mse_loss=2.3954, avg_loss=10.6293
  Run 510/803: mse_loss=4.3212, avg_loss=10.5667
  Run 520/803: mse_loss=3.6989, avg_loss=10.4534
  Run 530/803: mse_loss=2.4300, avg_loss=10.3351
  Run 540/803: mse_loss=3.0669, avg_loss=10.1911
  Run 550/803: mse_loss=2.2486, avg_loss=10.0448
  Run 560/803: mse_loss=17.3628, avg_loss=10.5972
  Run 570/803: mse_loss=9.3973, avg_loss=10.7948
  Run 580/803: mse_loss=6.6676, avg_loss=10.7511
  Run 590/803: mse_loss=2.5466, avg_loss=10.6312
  Run 600/803: mse_loss=1.8530, avg_loss=10.4907
  Run 610/803: mse_loss=1.8546, avg_loss=10.3458
  Run 620/803: mse_loss=1.5540, avg_loss=10.2084
  Run 630/803: mse_loss=1.7611, avg_loss=10.0719
  Run 640/803: mse_loss=1.4018, avg_loss=9.9357
  Run 650/803: mse_loss=0.8365, avg_loss=9.8009
  Run 660/803: mse_loss=0.6816, avg_loss=9.6648
  Run 670/803: mse_loss=0.5335, avg_loss=9.5286
  Run 680/803: mse_loss=4.3178, avg_loss=9.4736
  Run 690/803: mse_loss=3.5676, avg_loss=9.3891
  Run 700/803: mse_loss=4.6533, avg_loss=9.3348
  Run 710/803: mse_loss=1.0656, avg_loss=9.2324
  Run 720/803: mse_loss=1.1958, avg_loss=9.1289
  Run 730/803: mse_loss=0.9913, avg_loss=9.0416
  Run 740/803: mse_loss=2.2692, avg_loss=8.9377
  Run 750/803: mse_loss=0.6353, avg_loss=8.8244
  Run 760/803: mse_loss=0.4185, avg_loss=8.7191
  Run 770/803: mse_loss=0.7878, avg_loss=8.6137
  Run 780/803: mse_loss=0.5191, avg_loss=8.5110
  Run 790/803: mse_loss=0.5201, avg_loss=8.4121
  Run 800/803: mse_loss=0.4574, avg_loss=8.3121
  MSE Loss: 8.2868
  Runs processed: 803
  Saved best model (loss: 8.2868)
Epoch 6/50
  Run 10/803: mse_loss=10.2357, avg_loss=22.3729
  Run 20/803: mse_loss=7.6433, avg_loss=15.8371
  Run 30/803: mse_loss=2.8555, avg_loss=11.8442
  Run 40/803: mse_loss=0.4611, avg_loss=9.2203
  Run 50/803: mse_loss=2.4595, avg_loss=7.5998
  Run 60/803: mse_loss=2.8028, avg_loss=6.6200
  Run 70/803: mse_loss=1.2390, avg_loss=5.9364
  Run 80/803: mse_loss=3.6171, avg_loss=5.4100
  Run 90/803: mse_loss=30.1035, avg_loss=21.1899
  Run 100/803: mse_loss=10.7514, avg_loss=21.0397
  Run 110/803: mse_loss=28.8591, avg_loss=22.4645
  Run 120/803: mse_loss=5.5976, avg_loss=21.7359
  Run 130/803: mse_loss=193.5189, avg_loss=23.6438
  Run 140/803: mse_loss=24.8373, avg_loss=25.4455
  Run 150/803: mse_loss=8.6770, avg_loss=24.9667
  Run 160/803: mse_loss=4.5505, avg_loss=24.1031
  Run 170/803: mse_loss=21.2254, avg_loss=23.7635
  Run 180/803: mse_loss=13.8034, avg_loss=23.7789
  Run 190/803: mse_loss=7.7240, avg_loss=22.9510
  Run 200/803: mse_loss=5.6047, avg_loss=22.2265
  Run 210/803: mse_loss=33.1731, avg_loss=21.8905
  Run 220/803: mse_loss=5.5868, avg_loss=21.3681
  Run 230/803: mse_loss=1.6938, avg_loss=20.6106
  Run 240/803: mse_loss=0.7441, avg_loss=19.8379
  Run 250/803: mse_loss=6.7688, avg_loss=19.1104
  Run 260/803: mse_loss=1.3450, avg_loss=18.4226
  Run 270/803: mse_loss=0.7413, avg_loss=17.7936
  Run 280/803: mse_loss=3.5246, avg_loss=17.2545
  Run 290/803: mse_loss=0.5526, avg_loss=16.6893
  Run 300/803: mse_loss=1.7612, avg_loss=16.1811
  Run 310/803: mse_loss=1.2059, avg_loss=15.7125
  Run 320/803: mse_loss=0.6292, avg_loss=15.2609
  Run 330/803: mse_loss=0.8981, avg_loss=14.8201
  Run 340/803: mse_loss=2.0771, avg_loss=14.4271
  Run 350/803: mse_loss=0.7283, avg_loss=14.0499
  Run 360/803: mse_loss=3.9809, avg_loss=13.7431
  Run 370/803: mse_loss=1.9847, avg_loss=13.4326
  Run 380/803: mse_loss=1.2997, avg_loss=13.1334
  Run 390/803: mse_loss=3.5904, avg_loss=12.8212
  Run 400/803: mse_loss=2.0066, avg_loss=12.5194
  Run 410/803: mse_loss=2.7560, avg_loss=12.2469
  Run 420/803: mse_loss=1.0007, avg_loss=11.9932
  Run 430/803: mse_loss=2.5198, avg_loss=11.7407
  Run 440/803: mse_loss=12.2566, avg_loss=11.8554
  Run 450/803: mse_loss=4.5987, avg_loss=11.8084
  Run 460/803: mse_loss=1.4856, avg_loss=11.6224
  Run 470/803: mse_loss=2.7688, avg_loss=11.4366
  Run 480/803: mse_loss=18.3772, avg_loss=12.3179
  Run 490/803: mse_loss=3.9133, avg_loss=12.2958
  Run 500/803: mse_loss=3.1155, avg_loss=12.1020
  Run 510/803: mse_loss=8.9851, avg_loss=12.0448
  Run 520/803: mse_loss=3.8011, avg_loss=11.9015
  Run 530/803: mse_loss=2.1681, avg_loss=11.7698
  Run 540/803: mse_loss=2.8225, avg_loss=11.5928
  Run 550/803: mse_loss=2.4638, avg_loss=11.4177
  Run 560/803: mse_loss=12.4308, avg_loss=11.6198
  Run 570/803: mse_loss=7.6585, avg_loss=11.6718
  Run 580/803: mse_loss=3.6391, avg_loss=11.5519
  Run 590/803: mse_loss=1.6221, avg_loss=11.3954
  Run 600/803: mse_loss=1.3715, avg_loss=11.2297
  Run 610/803: mse_loss=1.8123, avg_loss=11.0684
  Run 620/803: mse_loss=1.3045, avg_loss=10.9148
  Run 630/803: mse_loss=1.0914, avg_loss=10.7607
  Run 640/803: mse_loss=1.2552, avg_loss=10.6096
  Run 650/803: mse_loss=0.8053, avg_loss=10.4615
  Run 660/803: mse_loss=0.8405, avg_loss=10.3167
  Run 670/803: mse_loss=0.4757, avg_loss=10.1717
  Run 680/803: mse_loss=4.1223, avg_loss=10.1046
  Run 690/803: mse_loss=3.1518, avg_loss=10.0052
  Run 700/803: mse_loss=7.9712, avg_loss=9.9779
  Run 710/803: mse_loss=1.3040, avg_loss=9.8711
  Run 720/803: mse_loss=0.6382, avg_loss=9.7510
  Run 730/803: mse_loss=0.1800, avg_loss=9.6502
  Run 740/803: mse_loss=2.2022, avg_loss=9.5336
  Run 750/803: mse_loss=0.3769, avg_loss=9.4120
  Run 760/803: mse_loss=0.6271, avg_loss=9.2970
  Run 770/803: mse_loss=0.5653, avg_loss=9.1841
  Run 780/803: mse_loss=0.4240, avg_loss=9.0748
  Run 790/803: mse_loss=0.5857, avg_loss=8.9691
  Run 800/803: mse_loss=0.6270, avg_loss=8.8618
  MSE Loss: 8.8380
  Runs processed: 803
Epoch 7/50
  Run 10/803: mse_loss=19.1298, avg_loss=31.1078
  Run 20/803: mse_loss=4.8034, avg_loss=20.1729
  Run 30/803: mse_loss=2.2595, avg_loss=14.5171
  Run 40/803: mse_loss=0.6176, avg_loss=11.2042
  Run 50/803: mse_loss=2.3183, avg_loss=9.1902
  Run 60/803: mse_loss=3.3106, avg_loss=7.9653
  Run 70/803: mse_loss=1.8693, avg_loss=7.1056
  Run 80/803: mse_loss=3.4221, avg_loss=6.4223
  Run 90/803: mse_loss=49.4311, avg_loss=21.3900
  Run 100/803: mse_loss=9.9062, avg_loss=21.4742
  Run 110/803: mse_loss=25.8437, avg_loss=21.8462
  Run 120/803: mse_loss=4.2932, avg_loss=20.8098
  Run 130/803: mse_loss=50.3866, avg_loss=20.3072
  Run 140/803: mse_loss=6.4020, avg_loss=19.8838
  Run 150/803: mse_loss=3.1696, avg_loss=18.9021
  Run 160/803: mse_loss=4.5510, avg_loss=18.1402
  Run 170/803: mse_loss=14.8933, avg_loss=17.9947
  Run 180/803: mse_loss=6.4644, avg_loss=17.2817
  Run 190/803: mse_loss=13.8473, avg_loss=17.5050
  Run 200/803: mse_loss=5.9183, avg_loss=17.3380
  Run 210/803: mse_loss=26.4059, avg_loss=17.0490
  Run 220/803: mse_loss=6.1345, avg_loss=16.7596
  Run 230/803: mse_loss=1.3431, avg_loss=16.2146
  Run 240/803: mse_loss=0.5402, avg_loss=15.6182
  Run 250/803: mse_loss=6.5932, avg_loss=15.0649
  Run 260/803: mse_loss=1.0093, avg_loss=14.5292
  Run 270/803: mse_loss=0.5207, avg_loss=14.0350
  Run 280/803: mse_loss=3.6987, avg_loss=13.6331
  Run 290/803: mse_loss=0.4824, avg_loss=13.1965
  Run 300/803: mse_loss=1.2475, avg_loss=12.8105
  Run 310/803: mse_loss=1.0118, avg_loss=12.4382
  Run 320/803: mse_loss=0.4793, avg_loss=12.0828
  Run 330/803: mse_loss=0.8074, avg_loss=11.7333
  Run 340/803: mse_loss=2.3960, avg_loss=11.4343
  Run 350/803: mse_loss=0.6738, avg_loss=11.1407
  Run 360/803: mse_loss=3.7466, avg_loss=10.9815
  Run 370/803: mse_loss=2.4487, avg_loss=10.7684
  Run 380/803: mse_loss=1.4981, avg_loss=10.5433
  Run 390/803: mse_loss=3.6438, avg_loss=10.2964
  Run 400/803: mse_loss=2.0553, avg_loss=10.0574
  Run 410/803: mse_loss=2.7922, avg_loss=9.8475
  Run 420/803: mse_loss=0.6853, avg_loss=9.6540
  Run 430/803: mse_loss=1.9780, avg_loss=9.4546
  Run 440/803: mse_loss=11.4573, avg_loss=9.6258
  Run 450/803: mse_loss=7.5853, avg_loss=9.6437
  Run 460/803: mse_loss=2.5449, avg_loss=9.5148
  Run 470/803: mse_loss=2.4725, avg_loss=9.3793
  Run 480/803: mse_loss=11.0366, avg_loss=9.7278
  Run 490/803: mse_loss=4.0904, avg_loss=9.7468
  Run 500/803: mse_loss=3.9796, avg_loss=9.6266
  Run 510/803: mse_loss=5.7672, avg_loss=9.6058
  Run 520/803: mse_loss=4.1914, avg_loss=9.5184
  Run 530/803: mse_loss=2.8878, avg_loss=9.4330
  Run 540/803: mse_loss=3.1998, avg_loss=9.2980
  Run 550/803: mse_loss=2.4652, avg_loss=9.1661
  Run 560/803: mse_loss=11.2833, avg_loss=9.6061
  Run 570/803: mse_loss=9.5996, avg_loss=9.7983
  Run 580/803: mse_loss=6.8515, avg_loss=9.7654
  Run 590/803: mse_loss=2.5074, avg_loss=9.6676
  Run 600/803: mse_loss=1.9226, avg_loss=9.5419
  Run 610/803: mse_loss=1.8217, avg_loss=9.4131
  Run 620/803: mse_loss=1.7191, avg_loss=9.2923
  Run 630/803: mse_loss=1.2680, avg_loss=9.1691
  Run 640/803: mse_loss=1.3149, avg_loss=9.0445
  Run 650/803: mse_loss=0.8460, avg_loss=8.9220
  Run 660/803: mse_loss=0.5535, avg_loss=8.7980
  Run 670/803: mse_loss=0.4567, avg_loss=8.6745
  Run 680/803: mse_loss=4.0673, avg_loss=8.6287
  Run 690/803: mse_loss=3.3905, avg_loss=8.5528
  Run 700/803: mse_loss=1.4513, avg_loss=8.4579
  Run 710/803: mse_loss=0.7799, avg_loss=8.3540
  Run 720/803: mse_loss=0.6293, avg_loss=8.2485
  Run 730/803: mse_loss=0.2899, avg_loss=8.1670
  Run 740/803: mse_loss=2.6990, avg_loss=8.0706
  Run 750/803: mse_loss=0.4915, avg_loss=7.9705
  Run 760/803: mse_loss=0.7008, avg_loss=7.8743
  Run 770/803: mse_loss=0.7088, avg_loss=7.7812
  Run 780/803: mse_loss=0.5367, avg_loss=7.6888
  Run 790/803: mse_loss=0.6840, avg_loss=7.6009
  Run 800/803: mse_loss=0.7448, avg_loss=7.5113
  MSE Loss: 7.4926
  Runs processed: 803
  Saved best model (loss: 7.4926)
Epoch 8/50
  Run 10/803: mse_loss=17.2923, avg_loss=26.5806
  Run 20/803: mse_loss=4.8963, avg_loss=17.6967
  Run 30/803: mse_loss=1.8497, avg_loss=12.9692
  Run 40/803: mse_loss=0.6887, avg_loss=9.9839
  Run 50/803: mse_loss=2.1610, avg_loss=8.1903
  Run 60/803: mse_loss=3.9682, avg_loss=7.1593
  Run 70/803: mse_loss=1.6755, avg_loss=6.3906
  Run 80/803: mse_loss=3.5568, avg_loss=5.7997
  Run 90/803: mse_loss=19.6747, avg_loss=11.2989
  Run 100/803: mse_loss=6.7754, avg_loss=11.3528
  Run 110/803: mse_loss=30.2695, avg_loss=12.9802
  Run 120/803: mse_loss=6.1954, avg_loss=12.8507
  Run 130/803: mse_loss=71.5302, avg_loss=13.3700
  Run 140/803: mse_loss=5.1629, avg_loss=13.5816
  Run 150/803: mse_loss=2.6775, avg_loss=12.9280
  Run 160/803: mse_loss=8.4416, avg_loss=12.6114
  Run 170/803: mse_loss=4.6287, avg_loss=12.3593
  Run 180/803: mse_loss=8.1356, avg_loss=12.0866
  Run 190/803: mse_loss=5.8676, avg_loss=12.1345
  Run 200/803: mse_loss=7.1903, avg_loss=12.2760
  Run 210/803: mse_loss=40.2389, avg_loss=12.5720
  Run 220/803: mse_loss=6.9234, avg_loss=12.5602
  Run 230/803: mse_loss=1.2411, avg_loss=12.1983
  Run 240/803: mse_loss=0.6983, avg_loss=11.7686
  Run 250/803: mse_loss=7.6576, avg_loss=11.3711
  Run 260/803: mse_loss=0.8918, avg_loss=10.9703
  Run 270/803: mse_loss=0.6068, avg_loss=10.6089
  Run 280/803: mse_loss=3.7476, avg_loss=10.3295
  Run 290/803: mse_loss=0.6115, avg_loss=10.0065
  Run 300/803: mse_loss=1.5486, avg_loss=9.7234
  Run 310/803: mse_loss=1.1499, avg_loss=9.4559
  Run 320/803: mse_loss=0.8810, avg_loss=9.2044
  Run 330/803: mse_loss=0.7587, avg_loss=8.9489
  Run 340/803: mse_loss=2.0486, avg_loss=8.7257
  Run 350/803: mse_loss=0.6835, avg_loss=8.5089
  Run 360/803: mse_loss=2.5537, avg_loss=8.3459
  Run 370/803: mse_loss=1.7885, avg_loss=8.1890
  Run 380/803: mse_loss=1.1235, avg_loss=8.0247
  Run 390/803: mse_loss=3.3580, avg_loss=7.8425
  Run 400/803: mse_loss=2.5782, avg_loss=7.6681
  Run 410/803: mse_loss=2.1380, avg_loss=7.5073
  Run 420/803: mse_loss=1.3170, avg_loss=7.3761
  Run 430/803: mse_loss=2.9013, avg_loss=7.2284
  Run 440/803: mse_loss=6.3254, avg_loss=7.2293
  Run 450/803: mse_loss=3.7839, avg_loss=7.1876
  Run 460/803: mse_loss=1.3381, avg_loss=7.0866
  Run 470/803: mse_loss=2.7888, avg_loss=6.9932
  Run 480/803: mse_loss=4.9878, avg_loss=7.1224
  Run 490/803: mse_loss=3.2265, avg_loss=7.1458
  Run 500/803: mse_loss=2.5089, avg_loss=7.0438
  Run 510/803: mse_loss=6.3498, avg_loss=7.0573
  Run 520/803: mse_loss=3.3112, avg_loss=7.0021
  Run 530/803: mse_loss=2.1410, avg_loss=6.9426
  Run 540/803: mse_loss=3.8694, avg_loss=6.8518
  Run 550/803: mse_loss=1.7843, avg_loss=6.7645
  Run 560/803: mse_loss=7.6005, avg_loss=6.9077
  Run 570/803: mse_loss=5.0698, avg_loss=7.0006
  Run 580/803: mse_loss=2.5501, avg_loss=6.9441
  Run 590/803: mse_loss=1.4990, avg_loss=6.8594
  Run 600/803: mse_loss=1.2212, avg_loss=6.7678
  Run 610/803: mse_loss=1.4172, avg_loss=6.6753
  Run 620/803: mse_loss=1.4867, avg_loss=6.5918
  Run 630/803: mse_loss=1.5175, avg_loss=6.5078
  Run 640/803: mse_loss=1.1204, avg_loss=6.4235
  Run 650/803: mse_loss=0.6952, avg_loss=6.3386
  Run 660/803: mse_loss=0.5836, avg_loss=6.2531
  Run 670/803: mse_loss=0.4409, avg_loss=6.1677
  Run 680/803: mse_loss=3.7187, avg_loss=6.1595
  Run 690/803: mse_loss=2.8440, avg_loss=6.1120
  Run 700/803: mse_loss=0.6624, avg_loss=6.0717
  Run 710/803: mse_loss=1.3140, avg_loss=6.0135
  Run 720/803: mse_loss=1.4949, avg_loss=5.9536
  Run 730/803: mse_loss=0.5747, avg_loss=5.8996
  Run 740/803: mse_loss=2.9530, avg_loss=5.8341
  Run 750/803: mse_loss=0.4555, avg_loss=5.7629
  Run 760/803: mse_loss=0.4097, avg_loss=5.6973
  Run 770/803: mse_loss=0.4151, avg_loss=5.6349
  Run 780/803: mse_loss=0.6148, avg_loss=5.5702
  Run 790/803: mse_loss=0.3298, avg_loss=5.5075
  Run 800/803: mse_loss=0.5314, avg_loss=5.4425
  MSE Loss: 5.4316
  Runs processed: 803
  Saved best model (loss: 5.4316)
Epoch 9/50
  Run 10/803: mse_loss=16.9805, avg_loss=33.4995
  Run 20/803: mse_loss=4.6138, avg_loss=21.0705
  Run 30/803: mse_loss=1.7622, avg_loss=14.9521
  Run 40/803: mse_loss=0.6238, avg_loss=11.4823
  Run 50/803: mse_loss=2.3742, avg_loss=9.3774
  Run 60/803: mse_loss=2.5221, avg_loss=8.1123
  Run 70/803: mse_loss=1.2780, avg_loss=7.1710
  Run 80/803: mse_loss=2.9438, avg_loss=6.4465
  Run 90/803: mse_loss=14.5485, avg_loss=9.5933
  Run 100/803: mse_loss=6.0940, avg_loss=9.8972
  Run 110/803: mse_loss=8.4381, avg_loss=10.6696
  Run 120/803: mse_loss=2.4242, avg_loss=10.1326
  Run 130/803: mse_loss=50.7372, avg_loss=10.3522
  Run 140/803: mse_loss=4.8803, avg_loss=10.4165
  Run 150/803: mse_loss=2.3633, avg_loss=9.9364
  Run 160/803: mse_loss=4.3894, avg_loss=10.1280
  Run 170/803: mse_loss=2.1743, avg_loss=9.9727
  Run 180/803: mse_loss=7.2926, avg_loss=9.8178
  Run 190/803: mse_loss=17.0469, avg_loss=10.5657
  Run 200/803: mse_loss=7.0790, avg_loss=10.8986
  Run 210/803: mse_loss=29.8686, avg_loss=11.0661
  Run 220/803: mse_loss=3.8202, avg_loss=10.9821
  Run 230/803: mse_loss=1.0525, avg_loss=10.6473
  Run 240/803: mse_loss=0.6909, avg_loss=10.2770
  Run 250/803: mse_loss=6.5715, avg_loss=9.9265
  Run 260/803: mse_loss=0.7602, avg_loss=9.5965
  Run 270/803: mse_loss=0.8015, avg_loss=9.3072
  Run 280/803: mse_loss=3.8445, avg_loss=9.0735
  Run 290/803: mse_loss=0.5793, avg_loss=8.8032
  Run 300/803: mse_loss=1.3912, avg_loss=8.5827
  Run 310/803: mse_loss=0.9005, avg_loss=8.3467
  Run 320/803: mse_loss=0.4595, avg_loss=8.1186
  Run 330/803: mse_loss=0.9252, avg_loss=7.8920
  Run 340/803: mse_loss=1.7171, avg_loss=7.7013
  Run 350/803: mse_loss=0.6842, avg_loss=7.5158
  Run 360/803: mse_loss=2.4554, avg_loss=7.3569
  Run 370/803: mse_loss=1.3452, avg_loss=7.2162
  Run 380/803: mse_loss=0.5690, avg_loss=7.0706
  Run 390/803: mse_loss=3.9295, avg_loss=6.9133
  Run 400/803: mse_loss=2.2826, avg_loss=6.7632
  Run 410/803: mse_loss=2.6181, avg_loss=6.6310
  Run 420/803: mse_loss=1.1784, avg_loss=6.5194
  Run 430/803: mse_loss=1.5446, avg_loss=6.3868
  Run 440/803: mse_loss=5.2210, avg_loss=6.3705
  Run 450/803: mse_loss=3.3409, avg_loss=6.3253
  Run 460/803: mse_loss=1.1581, avg_loss=6.2326
  Run 470/803: mse_loss=2.0428, avg_loss=6.1500
  Run 480/803: mse_loss=3.2933, avg_loss=6.1412
  Run 490/803: mse_loss=2.6430, avg_loss=6.1748
  Run 500/803: mse_loss=2.5799, avg_loss=6.0887
  Run 510/803: mse_loss=6.1010, avg_loss=6.1151
  Run 520/803: mse_loss=2.5115, avg_loss=6.0745
  Run 530/803: mse_loss=2.3090, avg_loss=6.0375
  Run 540/803: mse_loss=2.4405, avg_loss=5.9619
  Run 550/803: mse_loss=1.9785, avg_loss=5.8901
  Run 560/803: mse_loss=10.4720, avg_loss=5.9584
  Run 570/803: mse_loss=3.7832, avg_loss=5.9799
  Run 580/803: mse_loss=2.3757, avg_loss=5.9286
  Run 590/803: mse_loss=1.7596, avg_loss=5.8609
  Run 600/803: mse_loss=1.2169, avg_loss=5.7896
  Run 610/803: mse_loss=1.2563, avg_loss=5.7120
  Run 620/803: mse_loss=1.0162, avg_loss=5.6413
  Run 630/803: mse_loss=1.2298, avg_loss=5.5734
  Run 640/803: mse_loss=1.1846, avg_loss=5.5053
  Run 650/803: mse_loss=0.7276, avg_loss=5.4347
  Run 660/803: mse_loss=0.4764, avg_loss=5.3620
  Run 670/803: mse_loss=0.3999, avg_loss=5.2882
  Run 680/803: mse_loss=4.2176, avg_loss=5.2938
  Run 690/803: mse_loss=3.1385, avg_loss=5.2631
  Run 700/803: mse_loss=1.6291, avg_loss=5.2454
  Run 710/803: mse_loss=1.0029, avg_loss=5.1916
  Run 720/803: mse_loss=1.1396, avg_loss=5.1396
  Run 730/803: mse_loss=0.4677, avg_loss=5.0998
  Run 740/803: mse_loss=2.6735, avg_loss=5.0444
  Run 750/803: mse_loss=0.6500, avg_loss=4.9864
  Run 760/803: mse_loss=0.5574, avg_loss=4.9329
  Run 770/803: mse_loss=0.4932, avg_loss=4.8749
  Run 780/803: mse_loss=0.4397, avg_loss=4.8187
  Run 790/803: mse_loss=0.3750, avg_loss=4.7656
  Run 800/803: mse_loss=0.6233, avg_loss=4.7106
  MSE Loss: 4.7032
  Runs processed: 803
  Saved best model (loss: 4.7032)
Epoch 10/50
  Run 10/803: mse_loss=18.7316, avg_loss=29.0362
  Run 20/803: mse_loss=3.9592, avg_loss=19.1472
  Run 30/803: mse_loss=1.7295, avg_loss=13.7496
  Run 40/803: mse_loss=0.7935, avg_loss=10.6163
  Run 50/803: mse_loss=2.2034, avg_loss=8.6744
  Run 60/803: mse_loss=3.0468, avg_loss=7.5283
  Run 70/803: mse_loss=1.3381, avg_loss=6.7006
  Run 80/803: mse_loss=3.9498, avg_loss=6.0666
  Run 90/803: mse_loss=12.3590, avg_loss=7.8211
  Run 100/803: mse_loss=7.1257, avg_loss=7.8481
  Run 110/803: mse_loss=9.1832, avg_loss=9.3608
  Run 120/803: mse_loss=2.4573, avg_loss=9.0070
  Run 130/803: mse_loss=38.8272, avg_loss=9.1392
  Run 140/803: mse_loss=4.4389, avg_loss=9.1785
  Run 150/803: mse_loss=3.4267, avg_loss=8.8347
  Run 160/803: mse_loss=4.0154, avg_loss=9.1561
  Run 170/803: mse_loss=6.7401, avg_loss=9.2072
  Run 180/803: mse_loss=5.5382, avg_loss=9.0662
  Run 190/803: mse_loss=6.2835, avg_loss=9.1741
  Run 200/803: mse_loss=4.8157, avg_loss=9.1654
  Run 210/803: mse_loss=26.0159, avg_loss=9.2564
  Run 220/803: mse_loss=3.1963, avg_loss=9.3199
  Run 230/803: mse_loss=1.7136, avg_loss=9.0577
  Run 240/803: mse_loss=1.0371, avg_loss=8.7619
  Run 250/803: mse_loss=7.1006, avg_loss=8.4840
  Run 260/803: mse_loss=0.5152, avg_loss=8.2120
  Run 270/803: mse_loss=0.6520, avg_loss=7.9491
  Run 280/803: mse_loss=3.6491, avg_loss=7.7580
  Run 290/803: mse_loss=0.6334, avg_loss=7.5306
  Run 300/803: mse_loss=1.1736, avg_loss=7.3469
  Run 310/803: mse_loss=0.9790, avg_loss=7.1499
  Run 320/803: mse_loss=0.4452, avg_loss=6.9590
  Run 330/803: mse_loss=0.6048, avg_loss=6.7633
  Run 340/803: mse_loss=2.1675, avg_loss=6.6084
  Run 350/803: mse_loss=0.6157, avg_loss=6.4495
  Run 360/803: mse_loss=2.2884, avg_loss=6.3197
  Run 370/803: mse_loss=1.4880, avg_loss=6.2074
  Run 380/803: mse_loss=0.7824, avg_loss=6.0889
  Run 390/803: mse_loss=4.5957, avg_loss=5.9590
  Run 400/803: mse_loss=1.7638, avg_loss=5.8287
  Run 410/803: mse_loss=3.4463, avg_loss=5.7237
  Run 420/803: mse_loss=0.9711, avg_loss=5.6232
  Run 430/803: mse_loss=2.8363, avg_loss=5.5153
  Run 440/803: mse_loss=6.0209, avg_loss=5.5139
  Run 450/803: mse_loss=2.5116, avg_loss=5.4895
  Run 460/803: mse_loss=0.7011, avg_loss=5.4050
  Run 470/803: mse_loss=2.1305, avg_loss=5.3473
  Run 480/803: mse_loss=5.8503, avg_loss=5.4381
  Run 490/803: mse_loss=2.6609, avg_loss=5.4744
  Run 500/803: mse_loss=3.1793, avg_loss=5.4265
  Run 510/803: mse_loss=5.7095, avg_loss=5.4756
  Run 520/803: mse_loss=2.4826, avg_loss=5.4696
  Run 530/803: mse_loss=4.3526, avg_loss=5.4413
  Run 540/803: mse_loss=1.4488, avg_loss=5.3809
  Run 550/803: mse_loss=1.9335, avg_loss=5.3303
  Run 560/803: mse_loss=7.5833, avg_loss=5.4802
  Run 570/803: mse_loss=5.1981, avg_loss=5.5565
  Run 580/803: mse_loss=3.0298, avg_loss=5.5268
  Run 590/803: mse_loss=1.5259, avg_loss=5.4703
  Run 600/803: mse_loss=1.2011, avg_loss=5.4010
  Run 610/803: mse_loss=1.2944, avg_loss=5.3305
  Run 620/803: mse_loss=1.2485, avg_loss=5.2680
  Run 630/803: mse_loss=0.9988, avg_loss=5.2019
  Run 640/803: mse_loss=1.1114, avg_loss=5.1371
  Run 650/803: mse_loss=0.6393, avg_loss=5.0705
  Run 660/803: mse_loss=0.4361, avg_loss=5.0018
  Run 670/803: mse_loss=0.3475, avg_loss=4.9326
  Run 680/803: mse_loss=4.5908, avg_loss=4.9449
  Run 690/803: mse_loss=3.2798, avg_loss=4.9232
  Run 700/803: mse_loss=0.6688, avg_loss=4.8860
  Run 710/803: mse_loss=1.1420, avg_loss=4.8352
  Run 720/803: mse_loss=0.8955, avg_loss=4.7882
  Run 730/803: mse_loss=0.3728, avg_loss=4.7496
  Run 740/803: mse_loss=2.6933, avg_loss=4.6988
  Run 750/803: mse_loss=0.3112, avg_loss=4.6436
  Run 760/803: mse_loss=1.1524, avg_loss=4.5919
  Run 770/803: mse_loss=0.3150, avg_loss=4.5428
  Run 780/803: mse_loss=0.5848, avg_loss=4.4910
  Run 790/803: mse_loss=0.3189, avg_loss=4.4417
  Run 800/803: mse_loss=0.7656, avg_loss=4.3903
  MSE Loss: 4.3843
  Runs processed: 803
  Saved best model (loss: 4.3843)
Epoch 11/50
  Run 10/803: mse_loss=17.1058, avg_loss=19.1631
  Run 20/803: mse_loss=4.4537, avg_loss=14.4513
  Run 30/803: mse_loss=1.4566, avg_loss=10.8329
  Run 40/803: mse_loss=0.6202, avg_loss=8.3955
  Run 50/803: mse_loss=1.8873, avg_loss=6.8957
  Run 60/803: mse_loss=3.3880, avg_loss=6.0941
  Run 70/803: mse_loss=1.1581, avg_loss=5.4783
  Run 80/803: mse_loss=3.4525, avg_loss=4.9838
  Run 90/803: mse_loss=9.1940, avg_loss=6.6331
  Run 100/803: mse_loss=5.5125, avg_loss=6.7815
  Run 110/803: mse_loss=14.0155, avg_loss=7.6013
  Run 120/803: mse_loss=1.9553, avg_loss=7.3821
  Run 130/803: mse_loss=57.1845, avg_loss=7.9703
  Run 140/803: mse_loss=5.6534, avg_loss=8.2898
  Run 150/803: mse_loss=2.7673, avg_loss=8.0138
  Run 160/803: mse_loss=3.9222, avg_loss=8.2819
  Run 170/803: mse_loss=2.6944, avg_loss=8.2705
  Run 180/803: mse_loss=7.7286, avg_loss=8.1746
  Run 190/803: mse_loss=11.9197, avg_loss=8.7163
  Run 200/803: mse_loss=6.5760, avg_loss=8.9534
  Run 210/803: mse_loss=19.4981, avg_loss=8.9798
  Run 220/803: mse_loss=3.5123, avg_loss=8.8535
  Run 230/803: mse_loss=0.9926, avg_loss=8.6032
  Run 240/803: mse_loss=0.8836, avg_loss=8.3185
  Run 250/803: mse_loss=8.2552, avg_loss=8.0635
  Run 260/803: mse_loss=0.7490, avg_loss=7.7853
  Run 270/803: mse_loss=0.3980, avg_loss=7.5373
  Run 280/803: mse_loss=3.6301, avg_loss=7.3616
  Run 290/803: mse_loss=0.4249, avg_loss=7.1396
  Run 300/803: mse_loss=1.5058, avg_loss=6.9580
  Run 310/803: mse_loss=1.1834, avg_loss=6.7785
  Run 320/803: mse_loss=0.5748, avg_loss=6.5995
  Run 330/803: mse_loss=0.8799, avg_loss=6.4206
  Run 340/803: mse_loss=1.9945, avg_loss=6.2706
  Run 350/803: mse_loss=0.5315, avg_loss=6.1245
  Run 360/803: mse_loss=2.0542, avg_loss=5.9904
  Run 370/803: mse_loss=1.7957, avg_loss=5.8842
  Run 380/803: mse_loss=1.3002, avg_loss=5.7754
  Run 390/803: mse_loss=3.3046, avg_loss=5.6499
  Run 400/803: mse_loss=3.1685, avg_loss=5.5347
  Run 410/803: mse_loss=1.7905, avg_loss=5.4300
  Run 420/803: mse_loss=1.5493, avg_loss=5.3512
  Run 430/803: mse_loss=2.6491, avg_loss=5.2476
  Run 440/803: mse_loss=6.5274, avg_loss=5.3130
  Run 450/803: mse_loss=2.4365, avg_loss=5.3047
  Run 460/803: mse_loss=0.8470, avg_loss=5.2248
  Run 470/803: mse_loss=2.4669, avg_loss=5.1732
  Run 480/803: mse_loss=3.1107, avg_loss=5.1898
  Run 490/803: mse_loss=2.0814, avg_loss=5.2121
  Run 500/803: mse_loss=2.8759, avg_loss=5.1625
  Run 510/803: mse_loss=6.6491, avg_loss=5.2321
  Run 520/803: mse_loss=3.7302, avg_loss=5.2331
  Run 530/803: mse_loss=2.6665, avg_loss=5.2113
  Run 540/803: mse_loss=2.7314, avg_loss=5.1584
  Run 550/803: mse_loss=1.5996, avg_loss=5.1050
  Run 560/803: mse_loss=6.9654, avg_loss=5.1730
  Run 570/803: mse_loss=3.8515, avg_loss=5.1880
  Run 580/803: mse_loss=2.4057, avg_loss=5.1532
  Run 590/803: mse_loss=1.2746, avg_loss=5.0948
  Run 600/803: mse_loss=1.0579, avg_loss=5.0293
  Run 610/803: mse_loss=1.4021, avg_loss=4.9638
  Run 620/803: mse_loss=1.1553, avg_loss=4.9046
  Run 630/803: mse_loss=1.0491, avg_loss=4.8440
  Run 640/803: mse_loss=1.0007, avg_loss=4.7838
  Run 650/803: mse_loss=0.6105, avg_loss=4.7219
  Run 660/803: mse_loss=0.3688, avg_loss=4.6578
  Run 670/803: mse_loss=0.3284, avg_loss=4.5939
  Run 680/803: mse_loss=4.4239, avg_loss=4.6103
  Run 690/803: mse_loss=3.3644, avg_loss=4.5924
  Run 700/803: mse_loss=5.5932, avg_loss=4.6531
  Run 710/803: mse_loss=1.0572, avg_loss=4.6173
  Run 720/803: mse_loss=0.7130, avg_loss=4.5676
  Run 730/803: mse_loss=0.4455, avg_loss=4.5460
  Run 740/803: mse_loss=2.2392, avg_loss=4.4979
  Run 750/803: mse_loss=0.3723, avg_loss=4.4445
  Run 760/803: mse_loss=0.8533, avg_loss=4.3951
  Run 770/803: mse_loss=0.6363, avg_loss=4.3461
  Run 780/803: mse_loss=0.7309, avg_loss=4.2991
  Run 790/803: mse_loss=0.5069, avg_loss=4.2532
  Run 800/803: mse_loss=0.5361, avg_loss=4.2041
  MSE Loss: 4.1971
  Runs processed: 803
  Saved best model (loss: 4.1971)
Epoch 12/50
  Run 10/803: mse_loss=11.2936, avg_loss=15.5297
  Run 20/803: mse_loss=7.0893, avg_loss=11.4351
  Run 30/803: mse_loss=3.0292, avg_loss=8.9251
  Run 40/803: mse_loss=1.4351, avg_loss=7.1015
  Run 50/803: mse_loss=1.9232, avg_loss=5.9016
  Run 60/803: mse_loss=3.8281, avg_loss=5.2802
  Run 70/803: mse_loss=2.1599, avg_loss=4.8290
  Run 80/803: mse_loss=3.1927, avg_loss=4.4269
  Run 90/803: mse_loss=12.4332, avg_loss=8.6132
  Run 100/803: mse_loss=4.7836, avg_loss=8.6353
  Run 110/803: mse_loss=3.7155, avg_loss=9.1815
  Run 120/803: mse_loss=1.4456, avg_loss=8.6156
  Run 130/803: mse_loss=70.0143, avg_loss=9.2704
  Run 140/803: mse_loss=5.7866, avg_loss=9.6960
  Run 150/803: mse_loss=3.3551, avg_loss=9.3706
  Run 160/803: mse_loss=5.4219, avg_loss=9.7095
  Run 170/803: mse_loss=2.5098, avg_loss=9.6032
  Run 180/803: mse_loss=4.7615, avg_loss=9.2804
  Run 190/803: mse_loss=12.0632, avg_loss=9.6466
  Run 200/803: mse_loss=4.6839, avg_loss=9.7898
  Run 210/803: mse_loss=23.6236, avg_loss=9.8288
  Run 220/803: mse_loss=4.7803, avg_loss=9.7493
  Run 230/803: mse_loss=0.9769, avg_loss=9.4680
  Run 240/803: mse_loss=0.6126, avg_loss=9.1502
  Run 250/803: mse_loss=8.0403, avg_loss=8.8584
  Run 260/803: mse_loss=0.8052, avg_loss=8.5482
  Run 270/803: mse_loss=0.4881, avg_loss=8.2672
  Run 280/803: mse_loss=3.4312, avg_loss=8.0612
  Run 290/803: mse_loss=0.5892, avg_loss=7.8222
  Run 300/803: mse_loss=1.4100, avg_loss=7.6221
  Run 310/803: mse_loss=1.2353, avg_loss=7.4212
  Run 320/803: mse_loss=0.4901, avg_loss=7.2264
  Run 330/803: mse_loss=0.7816, avg_loss=7.0230
  Run 340/803: mse_loss=2.4686, avg_loss=6.8637
  Run 350/803: mse_loss=0.6715, avg_loss=6.7066
  Run 360/803: mse_loss=2.7650, avg_loss=6.5758
  Run 370/803: mse_loss=1.7727, avg_loss=6.4485
  Run 380/803: mse_loss=0.8524, avg_loss=6.3306
  Run 390/803: mse_loss=4.1029, avg_loss=6.1975
  Run 400/803: mse_loss=2.4911, avg_loss=6.0648
  Run 410/803: mse_loss=1.6831, avg_loss=5.9501
  Run 420/803: mse_loss=1.5470, avg_loss=5.8728
  Run 430/803: mse_loss=1.8334, avg_loss=5.7580
  Run 440/803: mse_loss=8.8196, avg_loss=5.9023
  Run 450/803: mse_loss=3.6951, avg_loss=5.9039
  Run 460/803: mse_loss=0.9068, avg_loss=5.8138
  Run 470/803: mse_loss=2.3408, avg_loss=5.7445
  Run 480/803: mse_loss=3.3600, avg_loss=5.8115
  Run 490/803: mse_loss=4.5515, avg_loss=5.8089
  Run 500/803: mse_loss=3.2118, avg_loss=5.7560
  Run 510/803: mse_loss=6.3439, avg_loss=5.8326
  Run 520/803: mse_loss=4.2507, avg_loss=5.8276
  Run 530/803: mse_loss=2.2805, avg_loss=5.7968
  Run 540/803: mse_loss=5.4867, avg_loss=5.7396
  Run 550/803: mse_loss=2.2207, avg_loss=5.6842
  Run 560/803: mse_loss=5.8699, avg_loss=5.7438
  Run 570/803: mse_loss=3.6010, avg_loss=5.7481
  Run 580/803: mse_loss=2.2225, avg_loss=5.6985
  Run 590/803: mse_loss=1.3809, avg_loss=5.6299
  Run 600/803: mse_loss=1.1652, avg_loss=5.5572
  Run 610/803: mse_loss=1.4832, avg_loss=5.4847
  Run 620/803: mse_loss=1.2835, avg_loss=5.4192
  Run 630/803: mse_loss=1.0366, avg_loss=5.3516
  Run 640/803: mse_loss=0.9385, avg_loss=5.2831
  Run 650/803: mse_loss=0.7325, avg_loss=5.2140
  Run 660/803: mse_loss=0.3983, avg_loss=5.1440
  Run 670/803: mse_loss=0.3175, avg_loss=5.0724
  Run 680/803: mse_loss=4.4687, avg_loss=5.0800
  Run 690/803: mse_loss=3.1003, avg_loss=5.0531
  Run 700/803: mse_loss=4.2832, avg_loss=5.0716
  Run 710/803: mse_loss=1.2949, avg_loss=5.0256
  Run 720/803: mse_loss=0.7892, avg_loss=4.9740
  Run 730/803: mse_loss=0.3988, avg_loss=4.9413
  Run 740/803: mse_loss=2.5147, avg_loss=4.8906
  Run 750/803: mse_loss=0.4676, avg_loss=4.8322
  Run 760/803: mse_loss=0.9528, avg_loss=4.7792
  Run 770/803: mse_loss=0.3250, avg_loss=4.7239
  Run 780/803: mse_loss=0.6176, avg_loss=4.6709
  Run 790/803: mse_loss=0.4259, avg_loss=4.6203
  Run 800/803: mse_loss=0.3702, avg_loss=4.5659
  MSE Loss: 4.5564
  Runs processed: 803
Epoch 13/50
  Run 10/803: mse_loss=10.9478, avg_loss=14.4741
  Run 20/803: mse_loss=3.9855, avg_loss=10.2176
  Run 30/803: mse_loss=1.4854, avg_loss=7.6712
  Run 40/803: mse_loss=0.6824, avg_loss=6.0621
  Run 50/803: mse_loss=1.7537, avg_loss=5.0177
  Run 60/803: mse_loss=3.1799, avg_loss=4.4734
  Run 70/803: mse_loss=1.6278, avg_loss=4.1030
  Run 80/803: mse_loss=3.5564, avg_loss=3.7978
  Run 90/803: mse_loss=7.8626, avg_loss=5.2555
  Run 100/803: mse_loss=6.1701, avg_loss=5.3683
  Run 110/803: mse_loss=6.1141, avg_loss=6.1884
  Run 120/803: mse_loss=1.6151, avg_loss=5.9915
  Run 130/803: mse_loss=39.4467, avg_loss=6.4081
  Run 140/803: mse_loss=4.8759, avg_loss=6.5632
  Run 150/803: mse_loss=2.2699, avg_loss=6.3637
  Run 160/803: mse_loss=3.9869, avg_loss=6.8674
  Run 170/803: mse_loss=3.6952, avg_loss=6.7978
  Run 180/803: mse_loss=5.1511, avg_loss=6.6854
  Run 190/803: mse_loss=8.0480, avg_loss=7.0584
  Run 200/803: mse_loss=6.9681, avg_loss=7.2409
  Run 210/803: mse_loss=14.1795, avg_loss=7.2720
  Run 220/803: mse_loss=3.6937, avg_loss=7.1637
  Run 230/803: mse_loss=0.9725, avg_loss=6.9854
  Run 240/803: mse_loss=0.5494, avg_loss=6.7610
  Run 250/803: mse_loss=7.9433, avg_loss=6.5608
  Run 260/803: mse_loss=0.7116, avg_loss=6.3394
  Run 270/803: mse_loss=0.4243, avg_loss=6.1461
  Run 280/803: mse_loss=3.6212, avg_loss=6.0194
  Run 290/803: mse_loss=0.7206, avg_loss=5.8502
  Run 300/803: mse_loss=1.1790, avg_loss=5.7247
  Run 310/803: mse_loss=1.0501, avg_loss=5.5787
  Run 320/803: mse_loss=0.4791, avg_loss=5.4379
  Run 330/803: mse_loss=0.6613, avg_loss=5.2883
  Run 340/803: mse_loss=2.0835, avg_loss=5.1767
  Run 350/803: mse_loss=0.6692, avg_loss=5.0631
  Run 360/803: mse_loss=1.7313, avg_loss=4.9590
  Run 370/803: mse_loss=1.6307, avg_loss=4.8805
  Run 380/803: mse_loss=0.6952, avg_loss=4.8003
  Run 390/803: mse_loss=3.6998, avg_loss=4.6990
  Run 400/803: mse_loss=2.4801, avg_loss=4.6018
  Run 410/803: mse_loss=1.7344, avg_loss=4.5145
  Run 420/803: mse_loss=1.1432, avg_loss=4.4585
  Run 430/803: mse_loss=2.2168, avg_loss=4.3760
  Run 440/803: mse_loss=6.0476, avg_loss=4.4819
  Run 450/803: mse_loss=2.6313, avg_loss=4.4935
  Run 460/803: mse_loss=0.9078, avg_loss=4.4370
  Run 470/803: mse_loss=2.0454, avg_loss=4.3959
  Run 480/803: mse_loss=1.7839, avg_loss=4.4098
  Run 490/803: mse_loss=3.0654, avg_loss=4.4315
  Run 500/803: mse_loss=4.9955, avg_loss=4.4074
  Run 510/803: mse_loss=8.1132, avg_loss=4.5314
  Run 520/803: mse_loss=3.6994, avg_loss=4.5489
  Run 530/803: mse_loss=2.1939, avg_loss=4.5354
  Run 540/803: mse_loss=2.2074, avg_loss=4.4890
  Run 550/803: mse_loss=1.6960, avg_loss=4.4445
  Run 560/803: mse_loss=6.4312, avg_loss=4.5465
  Run 570/803: mse_loss=5.3887, avg_loss=4.6245
  Run 580/803: mse_loss=2.6416, avg_loss=4.6037
  Run 590/803: mse_loss=1.4051, avg_loss=4.5585
  Run 600/803: mse_loss=1.0586, avg_loss=4.5028
  Run 610/803: mse_loss=1.2855, avg_loss=4.4443
  Run 620/803: mse_loss=1.1904, avg_loss=4.3927
  Run 630/803: mse_loss=0.9463, avg_loss=4.3390
  Run 640/803: mse_loss=0.9345, avg_loss=4.2858
  Run 650/803: mse_loss=0.8068, avg_loss=4.2329
  Run 660/803: mse_loss=0.4501, avg_loss=4.1793
  Run 670/803: mse_loss=0.3579, avg_loss=4.1231
  Run 680/803: mse_loss=4.4372, avg_loss=4.1457
  Run 690/803: mse_loss=3.0175, avg_loss=4.1325
  Run 700/803: mse_loss=1.5320, avg_loss=4.1352
  Run 710/803: mse_loss=1.3345, avg_loss=4.0984
  Run 720/803: mse_loss=0.8436, avg_loss=4.0623
  Run 730/803: mse_loss=1.0388, avg_loss=4.0345
  Run 740/803: mse_loss=2.8450, avg_loss=3.9941
  Run 750/803: mse_loss=0.4252, avg_loss=3.9480
  Run 760/803: mse_loss=0.7501, avg_loss=3.9051
  Run 770/803: mse_loss=0.3245, avg_loss=3.8608
  Run 780/803: mse_loss=0.4977, avg_loss=3.8183
  Run 790/803: mse_loss=0.2562, avg_loss=3.7787
  Run 800/803: mse_loss=0.4383, avg_loss=3.7353
  MSE Loss: 3.7293
  Runs processed: 803
  Saved best model (loss: 3.7293)
Epoch 14/50
  Run 10/803: mse_loss=9.9511, avg_loss=16.9924
  Run 20/803: mse_loss=5.5358, avg_loss=11.6272
  Run 30/803: mse_loss=1.8324, avg_loss=8.7647
  Run 40/803: mse_loss=0.7451, avg_loss=6.8688
  Run 50/803: mse_loss=2.0733, avg_loss=5.6742
  Run 60/803: mse_loss=2.2996, avg_loss=5.0936
  Run 70/803: mse_loss=1.3717, avg_loss=4.6102
  Run 80/803: mse_loss=3.2487, avg_loss=4.2109
  Run 90/803: mse_loss=7.1033, avg_loss=5.2871
  Run 100/803: mse_loss=4.4218, avg_loss=5.2916
  Run 110/803: mse_loss=6.0388, avg_loss=6.0565
  Run 120/803: mse_loss=1.4146, avg_loss=5.7608
  Run 130/803: mse_loss=37.6821, avg_loss=6.0869
  Run 140/803: mse_loss=3.2541, avg_loss=6.2472
  Run 150/803: mse_loss=2.2620, avg_loss=6.0889
  Run 160/803: mse_loss=3.8668, avg_loss=6.4640
  Run 170/803: mse_loss=2.4124, avg_loss=6.4434
  Run 180/803: mse_loss=4.5397, avg_loss=6.3672
  Run 190/803: mse_loss=4.2777, avg_loss=6.5851
  Run 200/803: mse_loss=7.5962, avg_loss=6.8978
  Run 210/803: mse_loss=7.4613, avg_loss=6.8378
  Run 220/803: mse_loss=3.3745, avg_loss=6.6638
  Run 230/803: mse_loss=0.8536, avg_loss=6.4945
  Run 240/803: mse_loss=0.5833, avg_loss=6.2970
  Run 250/803: mse_loss=8.3877, avg_loss=6.1174
  Run 260/803: mse_loss=0.7304, avg_loss=5.9118
  Run 270/803: mse_loss=0.3454, avg_loss=5.7307
  Run 280/803: mse_loss=3.6395, avg_loss=5.6167
  Run 290/803: mse_loss=0.9308, avg_loss=5.4651
  Run 300/803: mse_loss=1.2301, avg_loss=5.3489
  Run 310/803: mse_loss=0.9302, avg_loss=5.2176
  Run 320/803: mse_loss=0.4475, avg_loss=5.0834
  Run 330/803: mse_loss=0.7166, avg_loss=4.9447
  Run 340/803: mse_loss=1.8609, avg_loss=4.8416
  Run 350/803: mse_loss=0.5842, avg_loss=4.7350
  Run 360/803: mse_loss=1.7068, avg_loss=4.6391
  Run 370/803: mse_loss=1.4214, avg_loss=4.5836
  Run 380/803: mse_loss=1.1776, avg_loss=4.5093
  Run 390/803: mse_loss=3.4527, avg_loss=4.4160
  Run 400/803: mse_loss=2.3108, avg_loss=4.3251
  Run 410/803: mse_loss=2.1410, avg_loss=4.2498
  Run 420/803: mse_loss=1.4414, avg_loss=4.1995
  Run 430/803: mse_loss=3.3182, avg_loss=4.1262
  Run 440/803: mse_loss=6.0031, avg_loss=4.1762
  Run 450/803: mse_loss=2.4894, avg_loss=4.1723
  Run 460/803: mse_loss=0.9381, avg_loss=4.1209
  Run 470/803: mse_loss=2.2985, avg_loss=4.0914
  Run 480/803: mse_loss=7.2940, avg_loss=4.2806
  Run 490/803: mse_loss=2.1167, avg_loss=4.3433
  Run 500/803: mse_loss=2.1913, avg_loss=4.2992
  Run 510/803: mse_loss=6.1226, avg_loss=4.3687
  Run 520/803: mse_loss=3.3147, avg_loss=4.3815
  Run 530/803: mse_loss=2.6137, avg_loss=4.3756
  Run 540/803: mse_loss=1.9009, avg_loss=4.3321
  Run 550/803: mse_loss=2.1171, avg_loss=4.2912
  Run 560/803: mse_loss=4.2847, avg_loss=4.3741
  Run 570/803: mse_loss=3.9415, avg_loss=4.3938
  Run 580/803: mse_loss=2.1046, avg_loss=4.3646
  Run 590/803: mse_loss=1.2880, avg_loss=4.3167
  Run 600/803: mse_loss=1.1001, avg_loss=4.2676
  Run 610/803: mse_loss=1.2477, avg_loss=4.2131
  Run 620/803: mse_loss=1.2192, avg_loss=4.1664
  Run 630/803: mse_loss=0.9295, avg_loss=4.1169
  Run 640/803: mse_loss=0.8865, avg_loss=4.0665
  Run 650/803: mse_loss=0.6936, avg_loss=4.0163
  Run 660/803: mse_loss=0.4011, avg_loss=3.9648
  Run 670/803: mse_loss=0.3236, avg_loss=3.9109
  Run 680/803: mse_loss=4.4252, avg_loss=3.9343
  Run 690/803: mse_loss=3.0461, avg_loss=3.9228
  Run 700/803: mse_loss=4.6971, avg_loss=3.9578
  Run 710/803: mse_loss=0.7447, avg_loss=3.9273
  Run 720/803: mse_loss=0.3317, avg_loss=3.8882
  Run 730/803: mse_loss=0.1606, avg_loss=3.8660
  Run 740/803: mse_loss=2.4800, avg_loss=3.8268
  Run 750/803: mse_loss=0.4724, avg_loss=3.7821
  Run 760/803: mse_loss=0.6469, avg_loss=3.7406
  Run 770/803: mse_loss=0.5279, avg_loss=3.6999
  Run 780/803: mse_loss=0.5983, avg_loss=3.6591
  Run 790/803: mse_loss=0.3055, avg_loss=3.6209
  Run 800/803: mse_loss=0.4407, avg_loss=3.5785
  MSE Loss: 3.5729
  Runs processed: 803
  Saved best model (loss: 3.5729)
Epoch 15/50
  Run 10/803: mse_loss=6.9866, avg_loss=15.3390
  Run 20/803: mse_loss=7.1649, avg_loss=10.8100
  Run 30/803: mse_loss=2.3770, avg_loss=8.3610
  Run 40/803: mse_loss=1.0721, avg_loss=6.6355
  Run 50/803: mse_loss=1.9791, avg_loss=5.4979
  Run 60/803: mse_loss=3.0153, avg_loss=4.9666
  Run 70/803: mse_loss=1.9983, avg_loss=4.5552
  Run 80/803: mse_loss=3.2424, avg_loss=4.1603
  Run 90/803: mse_loss=12.4688, avg_loss=6.5549
  Run 100/803: mse_loss=4.1124, avg_loss=6.5766
  Run 110/803: mse_loss=9.9754, avg_loss=7.0616
  Run 120/803: mse_loss=1.9597, avg_loss=6.8287
  Run 130/803: mse_loss=82.3875, avg_loss=7.9015
  Run 140/803: mse_loss=9.8462, avg_loss=8.5871
  Run 150/803: mse_loss=2.2322, avg_loss=8.4750
  Run 160/803: mse_loss=4.8509, avg_loss=8.7705
  Run 170/803: mse_loss=11.7213, avg_loss=8.9101
  Run 180/803: mse_loss=7.7990, avg_loss=8.7847
  Run 190/803: mse_loss=9.9358, avg_loss=9.0469
  Run 200/803: mse_loss=7.3912, avg_loss=9.0634
  Run 210/803: mse_loss=20.0182, avg_loss=9.1064
  Run 220/803: mse_loss=3.1885, avg_loss=9.0163
  Run 230/803: mse_loss=1.2530, avg_loss=8.7407
  Run 240/803: mse_loss=0.5846, avg_loss=8.4442
  Run 250/803: mse_loss=6.6865, avg_loss=8.1711
  Run 260/803: mse_loss=0.8066, avg_loss=7.9154
  Run 270/803: mse_loss=0.5355, avg_loss=7.6619
  Run 280/803: mse_loss=3.7108, avg_loss=7.4801
  Run 290/803: mse_loss=0.7001, avg_loss=7.2602
  Run 300/803: mse_loss=1.3576, avg_loss=7.0855
  Run 310/803: mse_loss=0.8872, avg_loss=6.8982
  Run 320/803: mse_loss=0.4462, avg_loss=6.7120
  Run 330/803: mse_loss=0.6691, avg_loss=6.5247
  Run 340/803: mse_loss=1.7138, avg_loss=6.3764
  Run 350/803: mse_loss=0.6945, avg_loss=6.2310
  Run 360/803: mse_loss=3.3316, avg_loss=6.1163
  Run 370/803: mse_loss=1.3056, avg_loss=5.9914
  Run 380/803: mse_loss=0.6315, avg_loss=5.8776
  Run 390/803: mse_loss=4.3556, avg_loss=5.7520
  Run 400/803: mse_loss=2.3723, avg_loss=5.6294
  Run 410/803: mse_loss=2.2630, avg_loss=5.5223
  Run 420/803: mse_loss=1.4926, avg_loss=5.4336
  Run 430/803: mse_loss=2.8755, avg_loss=5.3282
  Run 440/803: mse_loss=5.8444, avg_loss=5.4201
  Run 450/803: mse_loss=2.8367, avg_loss=5.4086
  Run 460/803: mse_loss=0.7516, avg_loss=5.3240
  Run 470/803: mse_loss=2.2588, avg_loss=5.2673
  Run 480/803: mse_loss=2.0874, avg_loss=5.2962
  Run 490/803: mse_loss=1.8281, avg_loss=5.3111
  Run 500/803: mse_loss=2.5397, avg_loss=5.2467
  Run 510/803: mse_loss=6.3565, avg_loss=5.3016
  Run 520/803: mse_loss=3.1285, avg_loss=5.2815
  Run 530/803: mse_loss=2.1629, avg_loss=5.2663
  Run 540/803: mse_loss=1.9139, avg_loss=5.2052
  Run 550/803: mse_loss=1.6830, avg_loss=5.1491
  Run 560/803: mse_loss=5.9974, avg_loss=5.3346
  Run 570/803: mse_loss=4.7646, avg_loss=5.3865
  Run 580/803: mse_loss=2.3507, avg_loss=5.3517
  Run 590/803: mse_loss=1.3266, avg_loss=5.2890
  Run 600/803: mse_loss=1.1133, avg_loss=5.2213
  Run 610/803: mse_loss=1.4131, avg_loss=5.1541
  Run 620/803: mse_loss=1.2495, avg_loss=5.0936
  Run 630/803: mse_loss=1.1972, avg_loss=5.0310
  Run 640/803: mse_loss=1.2584, avg_loss=4.9731
  Run 650/803: mse_loss=0.7167, avg_loss=4.9129
  Run 660/803: mse_loss=0.4774, avg_loss=4.8493
  Run 670/803: mse_loss=0.4169, avg_loss=4.7841
  Run 680/803: mse_loss=4.8374, avg_loss=4.7992
  Run 690/803: mse_loss=2.9711, avg_loss=4.7770
  Run 700/803: mse_loss=0.8124, avg_loss=4.7317
  Run 710/803: mse_loss=0.9974, avg_loss=4.6772
  Run 720/803: mse_loss=1.0595, avg_loss=4.6284
  Run 730/803: mse_loss=0.9074, avg_loss=4.5978
  Run 740/803: mse_loss=2.6626, avg_loss=4.5507
  Run 750/803: mse_loss=0.3718, avg_loss=4.4958
  Run 760/803: mse_loss=0.5215, avg_loss=4.4449
  Run 770/803: mse_loss=0.7158, avg_loss=4.3946
  Run 780/803: mse_loss=0.4007, avg_loss=4.3445
  Run 790/803: mse_loss=0.5971, avg_loss=4.2972
  Run 800/803: mse_loss=0.4528, avg_loss=4.2477
  MSE Loss: 4.2406
  Runs processed: 803
Epoch 16/50
  Run 10/803: mse_loss=8.3732, avg_loss=11.6354
  Run 20/803: mse_loss=7.2038, avg_loss=8.9003
  Run 30/803: mse_loss=2.8406, avg_loss=7.1533
  Run 40/803: mse_loss=1.3440, avg_loss=5.7324
  Run 50/803: mse_loss=1.7839, avg_loss=4.7844
  Run 60/803: mse_loss=2.3182, avg_loss=4.3092
  Run 70/803: mse_loss=1.5616, avg_loss=3.9483
  Run 80/803: mse_loss=3.1218, avg_loss=3.6244
  Run 90/803: mse_loss=10.3404, avg_loss=4.9796
  Run 100/803: mse_loss=5.0548, avg_loss=5.1567
  Run 110/803: mse_loss=3.8611, avg_loss=5.5525
  Run 120/803: mse_loss=1.3090, avg_loss=5.2848
  Run 130/803: mse_loss=57.0116, avg_loss=5.9892
  Run 140/803: mse_loss=3.4953, avg_loss=6.3055
  Run 150/803: mse_loss=3.7166, avg_loss=6.1307
  Run 160/803: mse_loss=8.9833, avg_loss=6.6295
  Run 170/803: mse_loss=9.0602, avg_loss=7.0291
  Run 180/803: mse_loss=5.2206, avg_loss=6.9036
  Run 190/803: mse_loss=6.8303, avg_loss=7.2311
  Run 200/803: mse_loss=3.5884, avg_loss=7.4838
  Run 210/803: mse_loss=1.0055, avg_loss=7.2647
  Run 220/803: mse_loss=1.3477, avg_loss=6.9915
  Run 230/803: mse_loss=0.8882, avg_loss=6.7751
  Run 240/803: mse_loss=0.8953, avg_loss=6.5746
  Run 250/803: mse_loss=8.6145, avg_loss=6.3928
  Run 260/803: mse_loss=0.7080, avg_loss=6.1725
  Run 270/803: mse_loss=0.3852, avg_loss=5.9800
  Run 280/803: mse_loss=3.9333, avg_loss=5.8641
  Run 290/803: mse_loss=0.5393, avg_loss=5.6971
  Run 300/803: mse_loss=0.9851, avg_loss=5.5687
  Run 310/803: mse_loss=0.9009, avg_loss=5.4289
  Run 320/803: mse_loss=0.5122, avg_loss=5.2915
  Run 330/803: mse_loss=0.7912, avg_loss=5.1493
  Run 340/803: mse_loss=1.7773, avg_loss=5.0360
  Run 350/803: mse_loss=0.7585, avg_loss=4.9291
  Run 360/803: mse_loss=1.6439, avg_loss=4.8350
  Run 370/803: mse_loss=1.0317, avg_loss=4.7613
  Run 380/803: mse_loss=0.8253, avg_loss=4.6780
  Run 390/803: mse_loss=4.0594, avg_loss=4.5845
  Run 400/803: mse_loss=1.9790, avg_loss=4.4904
  Run 410/803: mse_loss=2.5976, avg_loss=4.4145
  Run 420/803: mse_loss=1.2944, avg_loss=4.3463
  Run 430/803: mse_loss=2.0788, avg_loss=4.2639
  Run 440/803: mse_loss=6.9096, avg_loss=4.3968
  Run 450/803: mse_loss=2.7122, avg_loss=4.3964
  Run 460/803: mse_loss=0.8026, avg_loss=4.3315
  Run 470/803: mse_loss=2.4830, avg_loss=4.3024
  Run 480/803: mse_loss=7.3659, avg_loss=4.6061
  Run 490/803: mse_loss=2.6023, avg_loss=4.6617
  Run 500/803: mse_loss=2.9101, avg_loss=4.6094
  Run 510/803: mse_loss=7.1712, avg_loss=4.6713
  Run 520/803: mse_loss=2.6645, avg_loss=4.6583
  Run 530/803: mse_loss=3.1540, avg_loss=4.6468
  Run 540/803: mse_loss=2.2585, avg_loss=4.6015
  Run 550/803: mse_loss=1.7900, avg_loss=4.5539
  Run 560/803: mse_loss=5.1164, avg_loss=4.6319
  Run 570/803: mse_loss=4.5086, avg_loss=4.6613
  Run 580/803: mse_loss=2.0847, avg_loss=4.6331
  Run 590/803: mse_loss=1.0807, avg_loss=4.5795
  Run 600/803: mse_loss=1.0691, avg_loss=4.5219
  Run 610/803: mse_loss=1.4454, avg_loss=4.4659
  Run 620/803: mse_loss=1.0701, avg_loss=4.4143
  Run 630/803: mse_loss=1.1770, avg_loss=4.3627
  Run 640/803: mse_loss=1.0677, avg_loss=4.3107
  Run 650/803: mse_loss=0.7472, avg_loss=4.2585
  Run 660/803: mse_loss=0.4229, avg_loss=4.2034
  Run 670/803: mse_loss=0.3634, avg_loss=4.1464
  Run 680/803: mse_loss=4.4511, avg_loss=4.1675
  Run 690/803: mse_loss=3.1653, avg_loss=4.1547
  Run 700/803: mse_loss=4.1578, avg_loss=4.1801
  Run 710/803: mse_loss=0.9126, avg_loss=4.1413
  Run 720/803: mse_loss=0.6231, avg_loss=4.1008
  Run 730/803: mse_loss=0.3141, avg_loss=4.0738
  Run 740/803: mse_loss=2.7176, avg_loss=4.0317
  Run 750/803: mse_loss=0.3997, avg_loss=3.9838
  Run 760/803: mse_loss=0.4781, avg_loss=3.9398
  Run 770/803: mse_loss=0.3448, avg_loss=3.8954
  Run 780/803: mse_loss=0.4803, avg_loss=3.8524
  Run 790/803: mse_loss=0.5430, avg_loss=3.8124
  Run 800/803: mse_loss=0.4642, avg_loss=3.7686
  MSE Loss: 3.7635
  Runs processed: 803
Epoch 17/50
  Run 10/803: mse_loss=8.4736, avg_loss=17.7679
  Run 20/803: mse_loss=8.3566, avg_loss=12.2185
  Run 30/803: mse_loss=2.7230, avg_loss=9.3539
  Run 40/803: mse_loss=0.7117, avg_loss=7.3210
  Run 50/803: mse_loss=2.2420, avg_loss=6.0589
  Run 60/803: mse_loss=2.2518, avg_loss=5.3564
  Run 70/803: mse_loss=1.3684, avg_loss=4.8156
  Run 80/803: mse_loss=3.1201, avg_loss=4.3921
  Run 90/803: mse_loss=5.4607, avg_loss=5.1844
  Run 100/803: mse_loss=4.8798, avg_loss=5.1572
  Run 110/803: mse_loss=4.8539, avg_loss=5.6044
  Run 120/803: mse_loss=0.9502, avg_loss=5.3502
  Run 130/803: mse_loss=40.0870, avg_loss=5.7675
  Run 140/803: mse_loss=8.3008, avg_loss=6.1076
  Run 150/803: mse_loss=3.0516, avg_loss=5.9958
  Run 160/803: mse_loss=3.0929, avg_loss=6.6968
  Run 170/803: mse_loss=10.9815, avg_loss=6.9837
  Run 180/803: mse_loss=6.7350, avg_loss=6.9978
  Run 190/803: mse_loss=15.7488, avg_loss=7.5523
  Run 200/803: mse_loss=8.4298, avg_loss=7.7086
  Run 210/803: mse_loss=9.9306, avg_loss=7.7380
  Run 220/803: mse_loss=1.6977, avg_loss=7.5747
  Run 230/803: mse_loss=0.8870, avg_loss=7.3453
  Run 240/803: mse_loss=0.8878, avg_loss=7.1141
  Run 250/803: mse_loss=9.0615, avg_loss=6.9102
  Run 260/803: mse_loss=0.8935, avg_loss=6.6726
  Run 270/803: mse_loss=0.3854, avg_loss=6.4652
  Run 280/803: mse_loss=3.3009, avg_loss=6.3207
  Run 290/803: mse_loss=0.7767, avg_loss=6.1368
  Run 300/803: mse_loss=1.5582, avg_loss=5.9893
  Run 310/803: mse_loss=1.2070, avg_loss=5.8469
  Run 320/803: mse_loss=0.4070, avg_loss=5.6935
  Run 330/803: mse_loss=0.6965, avg_loss=5.5375
  Run 340/803: mse_loss=1.7657, avg_loss=5.4149
  Run 350/803: mse_loss=0.6919, avg_loss=5.3027
  Run 360/803: mse_loss=2.9739, avg_loss=5.2779
  Run 370/803: mse_loss=0.7760, avg_loss=5.1840
  Run 380/803: mse_loss=0.6799, avg_loss=5.0863
  Run 390/803: mse_loss=3.7438, avg_loss=4.9844
  Run 400/803: mse_loss=2.1225, avg_loss=4.8796
  Run 410/803: mse_loss=2.6858, avg_loss=4.7953
  Run 420/803: mse_loss=1.2681, avg_loss=4.7165
  Run 430/803: mse_loss=2.2896, avg_loss=4.6243
  Run 440/803: mse_loss=5.5328, avg_loss=4.7100
  Run 450/803: mse_loss=2.6753, avg_loss=4.6918
  Run 460/803: mse_loss=0.7059, avg_loss=4.6237
  Run 470/803: mse_loss=2.2787, avg_loss=4.5820
  Run 480/803: mse_loss=4.7506, avg_loss=4.7263
  Run 490/803: mse_loss=5.2676, avg_loss=4.7331
  Run 500/803: mse_loss=3.0422, avg_loss=4.6973
  Run 510/803: mse_loss=7.9710, avg_loss=4.7841
  Run 520/803: mse_loss=4.3907, avg_loss=4.7830
  Run 530/803: mse_loss=1.8989, avg_loss=4.7635
  Run 540/803: mse_loss=5.6211, avg_loss=4.7217
  Run 550/803: mse_loss=1.5382, avg_loss=4.6841
  Run 560/803: mse_loss=4.4702, avg_loss=4.7526
  Run 570/803: mse_loss=4.0867, avg_loss=4.7689
  Run 580/803: mse_loss=2.1555, avg_loss=4.7401
  Run 590/803: mse_loss=1.1974, avg_loss=4.6874
  Run 600/803: mse_loss=1.0511, avg_loss=4.6306
  Run 610/803: mse_loss=1.3038, avg_loss=4.5707
  Run 620/803: mse_loss=1.5238, avg_loss=4.5206
  Run 630/803: mse_loss=0.9541, avg_loss=4.4649
  Run 640/803: mse_loss=1.0825, avg_loss=4.4094
  Run 650/803: mse_loss=0.8981, avg_loss=4.3563
  Run 660/803: mse_loss=0.4950, avg_loss=4.3009
  Run 670/803: mse_loss=0.3631, avg_loss=4.2433
  Run 680/803: mse_loss=3.8828, avg_loss=4.2594
  Run 690/803: mse_loss=2.8993, avg_loss=4.2416
  Run 700/803: mse_loss=3.2383, avg_loss=4.2473
  Run 710/803: mse_loss=0.7982, avg_loss=4.2035
  Run 720/803: mse_loss=0.7962, avg_loss=4.1614
  Run 730/803: mse_loss=0.7418, avg_loss=4.1328
  Run 740/803: mse_loss=2.8017, avg_loss=4.0903
  Run 750/803: mse_loss=0.4239, avg_loss=4.0417
  Run 760/803: mse_loss=0.7543, avg_loss=3.9971
  Run 770/803: mse_loss=0.4383, avg_loss=3.9526
  Run 780/803: mse_loss=0.3712, avg_loss=3.9081
  Run 790/803: mse_loss=0.2571, avg_loss=3.8661
  Run 800/803: mse_loss=0.5348, avg_loss=3.8212
  MSE Loss: 3.8161
  Runs processed: 803
Epoch 18/50
  Run 10/803: mse_loss=6.8663, avg_loss=10.4526
  Run 20/803: mse_loss=7.2015, avg_loss=8.2645
  Run 30/803: mse_loss=2.2838, avg_loss=6.5421
  Run 40/803: mse_loss=0.8357, avg_loss=5.2193
  Run 50/803: mse_loss=2.0178, avg_loss=4.3555
  Run 60/803: mse_loss=2.4634, avg_loss=3.9543
  Run 70/803: mse_loss=1.3332, avg_loss=3.6237
  Run 80/803: mse_loss=3.2821, avg_loss=3.3505
  Run 90/803: mse_loss=5.7421, avg_loss=4.2680
  Run 100/803: mse_loss=2.2822, avg_loss=4.3255
  Run 110/803: mse_loss=9.1592, avg_loss=4.8467
  Run 120/803: mse_loss=1.3771, avg_loss=4.6979
  Run 130/803: mse_loss=19.8706, avg_loss=4.8327
  Run 140/803: mse_loss=5.6933, avg_loss=4.9621
  Run 150/803: mse_loss=1.5552, avg_loss=4.8561
  Run 160/803: mse_loss=5.5904, avg_loss=5.2505
  Run 170/803: mse_loss=9.4532, avg_loss=5.4777
  Run 180/803: mse_loss=4.3232, avg_loss=5.3823
  Run 190/803: mse_loss=3.0656, avg_loss=5.4874
  Run 200/803: mse_loss=6.1045, avg_loss=5.6024
  Run 210/803: mse_loss=2.0290, avg_loss=5.4836
  Run 220/803: mse_loss=2.2535, avg_loss=5.2980
  Run 230/803: mse_loss=1.0864, avg_loss=5.1641
  Run 240/803: mse_loss=0.5958, avg_loss=5.0184
  Run 250/803: mse_loss=7.8173, avg_loss=4.8835
  Run 260/803: mse_loss=0.6519, avg_loss=4.7245
  Run 270/803: mse_loss=0.4672, avg_loss=4.5903
  Run 280/803: mse_loss=3.4428, avg_loss=4.5110
  Run 290/803: mse_loss=0.5854, avg_loss=4.3859
  Run 300/803: mse_loss=1.6358, avg_loss=4.2918
  Run 310/803: mse_loss=1.1710, avg_loss=4.2029
  Run 320/803: mse_loss=0.4486, avg_loss=4.0989
  Run 330/803: mse_loss=0.8999, avg_loss=3.9922
  Run 340/803: mse_loss=1.4957, avg_loss=3.9114
  Run 350/803: mse_loss=0.7589, avg_loss=3.8337
  Run 360/803: mse_loss=1.8517, avg_loss=3.7600
  Run 370/803: mse_loss=1.0390, avg_loss=3.7183
  Run 380/803: mse_loss=1.1082, avg_loss=3.6674
  Run 390/803: mse_loss=4.2539, avg_loss=3.5994
  Run 400/803: mse_loss=1.8727, avg_loss=3.5294
  Run 410/803: mse_loss=2.7642, avg_loss=3.4763
  Run 420/803: mse_loss=1.5003, avg_loss=3.4307
  Run 430/803: mse_loss=2.7398, avg_loss=3.3697
  Run 440/803: mse_loss=5.3692, avg_loss=3.5370
  Run 450/803: mse_loss=4.9413, avg_loss=3.6177
  Run 460/803: mse_loss=0.7149, avg_loss=3.5810
  Run 470/803: mse_loss=2.1225, avg_loss=3.5570
  Run 480/803: mse_loss=2.4429, avg_loss=3.5819
  Run 490/803: mse_loss=2.6382, avg_loss=3.6138
  Run 500/803: mse_loss=4.1924, avg_loss=3.5949
  Run 510/803: mse_loss=9.3942, avg_loss=3.7335
  Run 520/803: mse_loss=3.3957, avg_loss=3.7633
  Run 530/803: mse_loss=1.7116, avg_loss=3.7610
  Run 540/803: mse_loss=2.7419, avg_loss=3.7223
  Run 550/803: mse_loss=1.7209, avg_loss=3.6848
  Run 560/803: mse_loss=5.2444, avg_loss=3.7203
  Run 570/803: mse_loss=2.5360, avg_loss=3.7275
  Run 580/803: mse_loss=1.7536, avg_loss=3.7009
  Run 590/803: mse_loss=1.1406, avg_loss=3.6599
  Run 600/803: mse_loss=0.8499, avg_loss=3.6152
  Run 610/803: mse_loss=1.1683, avg_loss=3.5701
  Run 620/803: mse_loss=1.0846, avg_loss=3.5317
  Run 630/803: mse_loss=0.9727, avg_loss=3.4921
  Run 640/803: mse_loss=1.1962, avg_loss=3.4547
  Run 650/803: mse_loss=0.6608, avg_loss=3.4162
  Run 660/803: mse_loss=0.4961, avg_loss=3.3747
  Run 670/803: mse_loss=0.3909, avg_loss=3.3307
  Run 680/803: mse_loss=4.7252, avg_loss=3.3649
  Run 690/803: mse_loss=2.9386, avg_loss=3.3619
  Run 700/803: mse_loss=2.9881, avg_loss=3.3871
  Run 710/803: mse_loss=0.9687, avg_loss=3.3594
  Run 720/803: mse_loss=0.9168, avg_loss=3.3305
  Run 730/803: mse_loss=0.5121, avg_loss=3.3115
  Run 740/803: mse_loss=2.7797, avg_loss=3.2796
  Run 750/803: mse_loss=0.3938, avg_loss=3.2420
  Run 760/803: mse_loss=0.8541, avg_loss=3.2087
  Run 770/803: mse_loss=0.2768, avg_loss=3.1736
  Run 780/803: mse_loss=0.4691, avg_loss=3.1387
  Run 790/803: mse_loss=0.2856, avg_loss=3.1079
  Run 800/803: mse_loss=0.5603, avg_loss=3.0723
  MSE Loss: 3.0696
  Runs processed: 803
  Saved best model (loss: 3.0696)
Epoch 19/50
  Run 10/803: mse_loss=8.0419, avg_loss=19.4816
  Run 20/803: mse_loss=4.7945, avg_loss=12.3345
  Run 30/803: mse_loss=1.8614, avg_loss=9.0771
  Run 40/803: mse_loss=0.8550, avg_loss=7.1285
  Run 50/803: mse_loss=1.9958, avg_loss=5.8941
  Run 60/803: mse_loss=2.4373, avg_loss=5.2352
  Run 70/803: mse_loss=1.3720, avg_loss=4.7248
  Run 80/803: mse_loss=2.9668, avg_loss=4.3091
  Run 90/803: mse_loss=2.6557, avg_loss=4.4779
  Run 100/803: mse_loss=2.1895, avg_loss=4.3151
  Run 110/803: mse_loss=4.6574, avg_loss=5.7682
  Run 120/803: mse_loss=1.4398, avg_loss=5.5645
  Run 130/803: mse_loss=15.0831, avg_loss=5.5279
  Run 140/803: mse_loss=4.7006, avg_loss=5.5376
  Run 150/803: mse_loss=4.5915, avg_loss=5.4608
  Run 160/803: mse_loss=5.0189, avg_loss=6.0887
  Run 170/803: mse_loss=5.4705, avg_loss=6.8181
  Run 180/803: mse_loss=4.1621, avg_loss=6.6233
  Run 190/803: mse_loss=1.4080, avg_loss=6.4549
  Run 200/803: mse_loss=2.8893, avg_loss=6.2909
  Run 210/803: mse_loss=1.7515, avg_loss=6.0892
  Run 220/803: mse_loss=1.8045, avg_loss=5.8688
  Run 230/803: mse_loss=1.0073, avg_loss=5.7026
  Run 240/803: mse_loss=0.5355, avg_loss=5.5352
  Run 250/803: mse_loss=8.3854, avg_loss=5.3866
  Run 260/803: mse_loss=0.7587, avg_loss=5.2110
  Run 270/803: mse_loss=0.4129, avg_loss=5.0528
  Run 280/803: mse_loss=3.6236, avg_loss=4.9632
  Run 290/803: mse_loss=0.4464, avg_loss=4.8214
  Run 300/803: mse_loss=0.9905, avg_loss=4.7214
  Run 310/803: mse_loss=0.7310, avg_loss=4.6093
  Run 320/803: mse_loss=0.4759, avg_loss=4.4923
  Run 330/803: mse_loss=0.7706, avg_loss=4.3735
  Run 340/803: mse_loss=1.5530, avg_loss=4.2853
  Run 350/803: mse_loss=0.7088, avg_loss=4.1919
  Run 360/803: mse_loss=1.6458, avg_loss=4.1052
  Run 370/803: mse_loss=1.0973, avg_loss=4.0483
  Run 380/803: mse_loss=0.5823, avg_loss=3.9825
  Run 390/803: mse_loss=3.6125, avg_loss=3.9007
  Run 400/803: mse_loss=2.1621, avg_loss=3.8227
  Run 410/803: mse_loss=1.5328, avg_loss=3.7558
  Run 420/803: mse_loss=0.9757, avg_loss=3.7196
  Run 430/803: mse_loss=1.8541, avg_loss=3.6584
  Run 440/803: mse_loss=8.7475, avg_loss=3.8794
  Run 450/803: mse_loss=2.5015, avg_loss=3.9004
  Run 460/803: mse_loss=0.7432, avg_loss=3.8470
  Run 470/803: mse_loss=2.3308, avg_loss=3.8218
  Run 480/803: mse_loss=6.7009, avg_loss=4.9449
  Run 490/803: mse_loss=3.1854, avg_loss=5.0424
  Run 500/803: mse_loss=8.6769, avg_loss=5.0376
  Run 510/803: mse_loss=14.0459, avg_loss=5.2237
  Run 520/803: mse_loss=4.2335, avg_loss=5.2154
  Run 530/803: mse_loss=2.2482, avg_loss=5.1940
  Run 540/803: mse_loss=4.8129, avg_loss=5.1371
  Run 550/803: mse_loss=1.6360, avg_loss=5.0918
  Run 560/803: mse_loss=4.1273, avg_loss=5.1201
  Run 570/803: mse_loss=3.0510, avg_loss=5.1021
  Run 580/803: mse_loss=1.6368, avg_loss=5.0503
  Run 590/803: mse_loss=1.1371, avg_loss=4.9850
  Run 600/803: mse_loss=1.1039, avg_loss=4.9229
  Run 610/803: mse_loss=1.2890, avg_loss=4.8567
  Run 620/803: mse_loss=1.1572, avg_loss=4.7985
  Run 630/803: mse_loss=0.9712, avg_loss=4.7372
  Run 640/803: mse_loss=0.9713, avg_loss=4.6779
  Run 650/803: mse_loss=0.6274, avg_loss=4.6182
  Run 660/803: mse_loss=0.4651, avg_loss=4.5573
  Run 670/803: mse_loss=0.4426, avg_loss=4.4961
  Run 680/803: mse_loss=4.6167, avg_loss=4.5193
  Run 690/803: mse_loss=2.5500, avg_loss=4.4966
  Run 700/803: mse_loss=0.6404, avg_loss=4.4582
  Run 710/803: mse_loss=0.9967, avg_loss=4.4098
  Run 720/803: mse_loss=1.2567, avg_loss=4.3690
  Run 730/803: mse_loss=0.3880, avg_loss=4.3354
  Run 740/803: mse_loss=2.9822, avg_loss=4.2902
  Run 750/803: mse_loss=0.3631, avg_loss=4.2385
  Run 760/803: mse_loss=0.6432, avg_loss=4.1913
  Run 770/803: mse_loss=0.2291, avg_loss=4.1441
  Run 780/803: mse_loss=0.5225, avg_loss=4.0977
  Run 790/803: mse_loss=0.2572, avg_loss=4.0539
  Run 800/803: mse_loss=0.4183, avg_loss=4.0064
  MSE Loss: 4.0001
  Runs processed: 803
Epoch 20/50
  Run 10/803: mse_loss=8.4691, avg_loss=13.9798
  Run 20/803: mse_loss=5.8384, avg_loss=9.8288
  Run 30/803: mse_loss=1.8533, avg_loss=7.5684
  Run 40/803: mse_loss=0.6737, avg_loss=5.9985
  Run 50/803: mse_loss=2.2282, avg_loss=4.9761
  Run 60/803: mse_loss=2.9986, avg_loss=4.4542
  Run 70/803: mse_loss=1.4734, avg_loss=4.0686
  Run 80/803: mse_loss=3.4993, avg_loss=3.7499
  Run 90/803: mse_loss=4.1047, avg_loss=4.5617
  Run 100/803: mse_loss=2.9590, avg_loss=4.4473
  Run 110/803: mse_loss=19.4905, avg_loss=5.0547
  Run 120/803: mse_loss=3.5118, avg_loss=5.1117
  Run 130/803: mse_loss=11.5724, avg_loss=5.1078
  Run 140/803: mse_loss=5.5617, avg_loss=5.2016
  Run 150/803: mse_loss=2.1130, avg_loss=5.0731
  Run 160/803: mse_loss=4.2602, avg_loss=5.0861
  Run 170/803: mse_loss=19.6207, avg_loss=5.5203
  Run 180/803: mse_loss=5.2369, avg_loss=5.4059
  Run 190/803: mse_loss=1.4845, avg_loss=5.2754
  Run 200/803: mse_loss=2.9278, avg_loss=5.1566
  Run 210/803: mse_loss=1.9635, avg_loss=5.0716
  Run 220/803: mse_loss=2.8814, avg_loss=4.9121
  Run 230/803: mse_loss=0.7988, avg_loss=4.8026
  Run 240/803: mse_loss=0.5660, avg_loss=4.6729
  Run 250/803: mse_loss=8.7795, avg_loss=4.5624
  Run 260/803: mse_loss=0.6938, avg_loss=4.4192
  Run 270/803: mse_loss=0.4230, avg_loss=4.2971
  Run 280/803: mse_loss=3.7623, avg_loss=4.2352
  Run 290/803: mse_loss=0.6934, avg_loss=4.1220
  Run 300/803: mse_loss=1.0537, avg_loss=4.0424
  Run 310/803: mse_loss=0.9813, avg_loss=3.9522
  Run 320/803: mse_loss=0.5134, avg_loss=3.8553
  Run 330/803: mse_loss=0.8232, avg_loss=3.7571
  Run 340/803: mse_loss=1.5695, avg_loss=3.6816
  Run 350/803: mse_loss=0.8509, avg_loss=3.6128
  Run 360/803: mse_loss=1.7561, avg_loss=3.5433
  Run 370/803: mse_loss=0.9459, avg_loss=3.5001
  Run 380/803: mse_loss=0.5003, avg_loss=3.4499
  Run 390/803: mse_loss=3.4401, avg_loss=3.3809
  Run 400/803: mse_loss=2.1634, avg_loss=3.3135
  Run 410/803: mse_loss=2.3685, avg_loss=3.2605
  Run 420/803: mse_loss=1.3535, avg_loss=3.2230
  Run 430/803: mse_loss=2.9303, avg_loss=3.1669
  Run 440/803: mse_loss=5.6142, avg_loss=3.2763
  Run 450/803: mse_loss=3.2720, avg_loss=3.2866
  Run 460/803: mse_loss=0.9162, avg_loss=3.2522
  Run 470/803: mse_loss=2.3855, avg_loss=3.2418
  Run 480/803: mse_loss=4.7271, avg_loss=3.3248
  Run 490/803: mse_loss=2.2588, avg_loss=3.3753
  Run 500/803: mse_loss=2.4877, avg_loss=3.3473
  Run 510/803: mse_loss=8.6033, avg_loss=3.4734
  Run 520/803: mse_loss=4.0328, avg_loss=3.5033
  Run 530/803: mse_loss=2.1591, avg_loss=3.5117
  Run 540/803: mse_loss=5.4151, avg_loss=3.4888
  Run 550/803: mse_loss=1.5370, avg_loss=3.4756
  Run 560/803: mse_loss=4.2502, avg_loss=3.5215
  Run 570/803: mse_loss=2.5447, avg_loss=3.5210
  Run 580/803: mse_loss=1.8791, avg_loss=3.4969
  Run 590/803: mse_loss=1.0839, avg_loss=3.4586
  Run 600/803: mse_loss=1.2593, avg_loss=3.4171
  Run 610/803: mse_loss=1.3040, avg_loss=3.3813
  Run 620/803: mse_loss=1.3579, avg_loss=3.3477
  Run 630/803: mse_loss=1.0519, avg_loss=3.3111
  Run 640/803: mse_loss=0.9900, avg_loss=3.2745
  Run 650/803: mse_loss=0.7696, avg_loss=3.2374
  Run 660/803: mse_loss=0.4179, avg_loss=3.1984
  Run 670/803: mse_loss=0.3847, avg_loss=3.1565
  Run 680/803: mse_loss=4.3416, avg_loss=3.1909
  Run 690/803: mse_loss=2.9725, avg_loss=3.1908
  Run 700/803: mse_loss=2.1222, avg_loss=3.1919
  Run 710/803: mse_loss=0.8125, avg_loss=3.1634
  Run 720/803: mse_loss=1.0360, avg_loss=3.1385
  Run 730/803: mse_loss=0.6851, avg_loss=3.1231
  Run 740/803: mse_loss=2.6297, avg_loss=3.0940
  Run 750/803: mse_loss=0.2024, avg_loss=3.0587
  Run 760/803: mse_loss=0.6009, avg_loss=3.0257
  Run 770/803: mse_loss=0.5981, avg_loss=2.9933
  Run 780/803: mse_loss=0.3549, avg_loss=2.9618
  Run 790/803: mse_loss=0.3415, avg_loss=2.9316
  Run 800/803: mse_loss=0.5219, avg_loss=2.8987
  MSE Loss: 2.8968
  Runs processed: 803
  Saved best model (loss: 2.8968)
Epoch 21/50
  Run 10/803: mse_loss=9.6874, avg_loss=13.1012
  Run 20/803: mse_loss=5.0510, avg_loss=9.5969
  Run 30/803: mse_loss=1.6387, avg_loss=7.2984
  Run 40/803: mse_loss=0.8037, avg_loss=5.7966
  Run 50/803: mse_loss=2.0871, avg_loss=4.8234
  Run 60/803: mse_loss=2.1384, avg_loss=4.3466
  Run 70/803: mse_loss=1.2012, avg_loss=3.9526
  Run 80/803: mse_loss=2.9006, avg_loss=3.6237
  Run 90/803: mse_loss=3.8924, avg_loss=4.1805
  Run 100/803: mse_loss=2.4264, avg_loss=4.1393
  Run 110/803: mse_loss=7.1599, avg_loss=4.5419
  Run 120/803: mse_loss=1.7342, avg_loss=4.3959
  Run 130/803: mse_loss=20.5434, avg_loss=4.5057
  Run 140/803: mse_loss=7.3111, avg_loss=4.8914
  Run 150/803: mse_loss=2.2647, avg_loss=4.7882
  Run 160/803: mse_loss=4.7540, avg_loss=4.8209
  Run 170/803: mse_loss=11.7940, avg_loss=5.4565
  Run 180/803: mse_loss=5.7657, avg_loss=5.3723
  Run 190/803: mse_loss=2.0617, avg_loss=5.2858
  Run 200/803: mse_loss=3.6362, avg_loss=5.2212
  Run 210/803: mse_loss=1.1395, avg_loss=5.1093
  Run 220/803: mse_loss=1.1527, avg_loss=4.9331
  Run 230/803: mse_loss=0.8839, avg_loss=4.8138
  Run 240/803: mse_loss=0.6381, avg_loss=4.6873
  Run 250/803: mse_loss=9.1078, avg_loss=4.5795
  Run 260/803: mse_loss=0.6326, avg_loss=4.4293
  Run 270/803: mse_loss=0.4441, avg_loss=4.3063
  Run 280/803: mse_loss=3.8608, avg_loss=4.2446
  Run 290/803: mse_loss=0.6932, avg_loss=4.1333
  Run 300/803: mse_loss=1.0834, avg_loss=4.0521
  Run 310/803: mse_loss=1.0786, avg_loss=3.9645
  Run 320/803: mse_loss=0.5314, avg_loss=3.8645
  Run 330/803: mse_loss=0.8913, avg_loss=3.7664
  Run 340/803: mse_loss=1.5191, avg_loss=3.6884
  Run 350/803: mse_loss=0.7752, avg_loss=3.6172
  Run 360/803: mse_loss=1.9041, avg_loss=3.5558
  Run 370/803: mse_loss=1.0348, avg_loss=3.5116
  Run 380/803: mse_loss=0.6737, avg_loss=3.4608
  Run 390/803: mse_loss=3.6721, avg_loss=3.3914
  Run 400/803: mse_loss=1.9172, avg_loss=3.3237
  Run 410/803: mse_loss=2.4836, avg_loss=3.2719
  Run 420/803: mse_loss=0.9384, avg_loss=3.2283
  Run 430/803: mse_loss=2.5921, avg_loss=3.1744
  Run 440/803: mse_loss=5.8382, avg_loss=3.3117
  Run 450/803: mse_loss=2.8302, avg_loss=3.3422
  Run 460/803: mse_loss=0.9177, avg_loss=3.3085
  Run 470/803: mse_loss=2.1267, avg_loss=3.2894
  Run 480/803: mse_loss=2.5163, avg_loss=3.4161
  Run 490/803: mse_loss=4.2702, avg_loss=3.4536
  Run 500/803: mse_loss=3.8357, avg_loss=3.4454
  Run 510/803: mse_loss=8.4152, avg_loss=3.5684
  Run 520/803: mse_loss=3.2714, avg_loss=3.5946
  Run 530/803: mse_loss=2.4253, avg_loss=3.6030
  Run 540/803: mse_loss=2.5464, avg_loss=3.5704
  Run 550/803: mse_loss=1.8707, avg_loss=3.5380
  Run 560/803: mse_loss=3.5071, avg_loss=3.5580
  Run 570/803: mse_loss=1.9727, avg_loss=3.5389
  Run 580/803: mse_loss=1.2834, avg_loss=3.5064
  Run 590/803: mse_loss=1.4399, avg_loss=3.4676
  Run 600/803: mse_loss=1.0792, avg_loss=3.4302
  Run 610/803: mse_loss=1.2426, avg_loss=3.3881
  Run 620/803: mse_loss=1.2440, avg_loss=3.3550
  Run 630/803: mse_loss=0.9080, avg_loss=3.3176
  Run 640/803: mse_loss=0.9894, avg_loss=3.2808
  Run 650/803: mse_loss=0.6653, avg_loss=3.2424
  Run 660/803: mse_loss=0.4076, avg_loss=3.2018
  Run 670/803: mse_loss=0.3822, avg_loss=3.1598
  Run 680/803: mse_loss=4.6380, avg_loss=3.1954
  Run 690/803: mse_loss=2.6807, avg_loss=3.1933
  Run 700/803: mse_loss=0.6423, avg_loss=3.1781
  Run 710/803: mse_loss=0.7968, avg_loss=3.1477
  Run 720/803: mse_loss=0.8536, avg_loss=3.1230
  Run 730/803: mse_loss=0.3839, avg_loss=3.1085
  Run 740/803: mse_loss=2.6161, avg_loss=3.0793
  Run 750/803: mse_loss=0.4940, avg_loss=3.0442
  Run 760/803: mse_loss=0.6081, avg_loss=3.0134
  Run 770/803: mse_loss=0.4559, avg_loss=2.9808
  Run 780/803: mse_loss=0.4055, avg_loss=2.9484
  Run 790/803: mse_loss=0.2405, avg_loss=2.9191
  Run 800/803: mse_loss=0.4567, avg_loss=2.8855
  MSE Loss: 2.8836
  Runs processed: 803
  Saved best model (loss: 2.8836)
Epoch 22/50
  Run 10/803: mse_loss=6.5970, avg_loss=12.0153
  Run 20/803: mse_loss=6.4306, avg_loss=8.8410
  Run 30/803: mse_loss=2.3866, avg_loss=6.9213
  Run 40/803: mse_loss=0.8732, avg_loss=5.5118
  Run 50/803: mse_loss=2.1745, avg_loss=4.5833
  Run 60/803: mse_loss=3.1793, avg_loss=4.1741
  Run 70/803: mse_loss=1.4127, avg_loss=3.8254
  Run 80/803: mse_loss=3.3402, avg_loss=3.5298
  Run 90/803: mse_loss=2.8436, avg_loss=4.0298
  Run 100/803: mse_loss=3.3031, avg_loss=3.9499
  Run 110/803: mse_loss=4.7502, avg_loss=4.0622
  Run 120/803: mse_loss=0.9929, avg_loss=3.8801
  Run 130/803: mse_loss=10.5826, avg_loss=3.8581
  Run 140/803: mse_loss=4.5349, avg_loss=3.9643
  Run 150/803: mse_loss=4.4092, avg_loss=3.9747
  Run 160/803: mse_loss=3.8586, avg_loss=4.1375
  Run 170/803: mse_loss=11.5858, avg_loss=4.6683
  Run 180/803: mse_loss=7.6468, avg_loss=4.8720
  Run 190/803: mse_loss=1.8565, avg_loss=4.8281
  Run 200/803: mse_loss=2.9558, avg_loss=4.7550
  Run 210/803: mse_loss=7.9004, avg_loss=4.8187
  Run 220/803: mse_loss=1.3497, avg_loss=4.7170
  Run 230/803: mse_loss=1.2276, avg_loss=4.5975
  Run 240/803: mse_loss=0.7842, avg_loss=4.4813
  Run 250/803: mse_loss=8.5291, avg_loss=4.3763
  Run 260/803: mse_loss=0.7011, avg_loss=4.2373
  Run 270/803: mse_loss=0.3734, avg_loss=4.1212
  Run 280/803: mse_loss=3.4973, avg_loss=4.0623
  Run 290/803: mse_loss=0.7986, avg_loss=3.9559
  Run 300/803: mse_loss=1.4201, avg_loss=3.8940
  Run 310/803: mse_loss=0.9652, avg_loss=3.8168
  Run 320/803: mse_loss=0.4558, avg_loss=3.7208
  Run 330/803: mse_loss=0.9644, avg_loss=3.6281
  Run 340/803: mse_loss=1.2209, avg_loss=3.5594
  Run 350/803: mse_loss=0.7929, avg_loss=3.4863
  Run 360/803: mse_loss=2.5903, avg_loss=3.4722
  Run 370/803: mse_loss=1.5759, avg_loss=3.4262
  Run 380/803: mse_loss=0.5209, avg_loss=3.3808
  Run 390/803: mse_loss=3.8811, avg_loss=3.3180
  Run 400/803: mse_loss=2.1557, avg_loss=3.2550
  Run 410/803: mse_loss=2.4115, avg_loss=3.2086
  Run 420/803: mse_loss=1.4639, avg_loss=3.1718
  Run 430/803: mse_loss=2.4076, avg_loss=3.1170
  Run 440/803: mse_loss=6.1263, avg_loss=3.2426
  Run 450/803: mse_loss=3.2910, avg_loss=3.2647
  Run 460/803: mse_loss=1.3260, avg_loss=3.2353
  Run 470/803: mse_loss=2.1023, avg_loss=3.2208
  Run 480/803: mse_loss=3.0143, avg_loss=3.2865
  Run 490/803: mse_loss=3.7667, avg_loss=3.3265
  Run 500/803: mse_loss=3.5194, avg_loss=3.3150
  Run 510/803: mse_loss=9.0826, avg_loss=3.4433
  Run 520/803: mse_loss=3.8055, avg_loss=3.4751
  Run 530/803: mse_loss=2.4246, avg_loss=3.4895
  Run 540/803: mse_loss=2.9628, avg_loss=3.4612
  Run 550/803: mse_loss=2.1954, avg_loss=3.4462
  Run 560/803: mse_loss=4.8130, avg_loss=3.5430
  Run 570/803: mse_loss=3.1456, avg_loss=3.5749
  Run 580/803: mse_loss=1.8740, avg_loss=3.5558
  Run 590/803: mse_loss=1.2718, avg_loss=3.5211
  Run 600/803: mse_loss=0.7930, avg_loss=3.4795
  Run 610/803: mse_loss=1.1755, avg_loss=3.4352
  Run 620/803: mse_loss=1.0780, avg_loss=3.3985
  Run 630/803: mse_loss=1.0483, avg_loss=3.3605
  Run 640/803: mse_loss=0.9424, avg_loss=3.3221
  Run 650/803: mse_loss=0.6982, avg_loss=3.2831
  Run 660/803: mse_loss=0.6153, avg_loss=3.2428
  Run 670/803: mse_loss=0.4557, avg_loss=3.2015
  Run 680/803: mse_loss=3.9737, avg_loss=3.2333
  Run 690/803: mse_loss=2.5723, avg_loss=3.2269
  Run 700/803: mse_loss=0.7811, avg_loss=3.2132
  Run 710/803: mse_loss=0.9076, avg_loss=3.1826
  Run 720/803: mse_loss=0.9164, avg_loss=3.1579
  Run 730/803: mse_loss=0.6306, avg_loss=3.1453
  Run 740/803: mse_loss=2.6863, avg_loss=3.1175
  Run 750/803: mse_loss=0.3792, avg_loss=3.0828
  Run 760/803: mse_loss=0.3170, avg_loss=3.0510
  Run 770/803: mse_loss=0.5192, avg_loss=3.0178
  Run 780/803: mse_loss=0.5520, avg_loss=2.9858
  Run 790/803: mse_loss=0.2124, avg_loss=2.9574
  Run 800/803: mse_loss=0.4599, avg_loss=2.9230
  MSE Loss: 2.9213
  Runs processed: 803
Epoch 23/50
  Run 10/803: mse_loss=6.8342, avg_loss=11.0409
  Run 20/803: mse_loss=6.4378, avg_loss=8.3534
  Run 30/803: mse_loss=1.8931, avg_loss=6.5251
  Run 40/803: mse_loss=0.9278, avg_loss=5.2339
  Run 50/803: mse_loss=1.8659, avg_loss=4.3535
  Run 60/803: mse_loss=2.6141, avg_loss=3.9578
  Run 70/803: mse_loss=1.2587, avg_loss=3.6150
  Run 80/803: mse_loss=3.2430, avg_loss=3.3466
  Run 90/803: mse_loss=7.7478, avg_loss=4.0524
  Run 100/803: mse_loss=3.4818, avg_loss=4.0804
  Run 110/803: mse_loss=4.8380, avg_loss=4.3735
  Run 120/803: mse_loss=0.9420, avg_loss=4.1860
  Run 130/803: mse_loss=38.8210, avg_loss=4.6175
  Run 140/803: mse_loss=4.0681, avg_loss=4.9634
  Run 150/803: mse_loss=2.5049, avg_loss=4.8589
  Run 160/803: mse_loss=4.7770, avg_loss=4.8859
  Run 170/803: mse_loss=7.9752, avg_loss=5.4105
  Run 180/803: mse_loss=4.4896, avg_loss=5.3323
  Run 190/803: mse_loss=2.3953, avg_loss=5.2372
  Run 200/803: mse_loss=2.6932, avg_loss=5.1376
  Run 210/803: mse_loss=1.0131, avg_loss=4.9923
  Run 220/803: mse_loss=1.1861, avg_loss=4.8238
  Run 230/803: mse_loss=0.6953, avg_loss=4.6971
  Run 240/803: mse_loss=0.7873, avg_loss=4.5736
  Run 250/803: mse_loss=10.1015, avg_loss=4.4802
  Run 260/803: mse_loss=0.6910, avg_loss=4.3349
  Run 270/803: mse_loss=0.3454, avg_loss=4.2134
  Run 280/803: mse_loss=3.6868, avg_loss=4.1546
  Run 290/803: mse_loss=0.7412, avg_loss=4.0439
  Run 300/803: mse_loss=1.3204, avg_loss=3.9726
  Run 310/803: mse_loss=1.0791, avg_loss=3.8932
  Run 320/803: mse_loss=0.4492, avg_loss=3.7941
  Run 330/803: mse_loss=0.8907, avg_loss=3.6978
  Run 340/803: mse_loss=1.5210, avg_loss=3.6217
  Run 350/803: mse_loss=0.6746, avg_loss=3.5509
  Run 360/803: mse_loss=2.4557, avg_loss=3.4903
  Run 370/803: mse_loss=0.8395, avg_loss=3.4424
  Run 380/803: mse_loss=0.8581, avg_loss=3.3923
  Run 390/803: mse_loss=4.0266, avg_loss=3.3326
  Run 400/803: mse_loss=1.7552, avg_loss=3.2695
  Run 410/803: mse_loss=2.9255, avg_loss=3.2260
  Run 420/803: mse_loss=1.1362, avg_loss=3.1891
  Run 430/803: mse_loss=1.8974, avg_loss=3.1360
  Run 440/803: mse_loss=5.1178, avg_loss=3.2439
  Run 450/803: mse_loss=3.2187, avg_loss=3.2620
  Run 460/803: mse_loss=1.0388, avg_loss=3.2304
  Run 470/803: mse_loss=1.8207, avg_loss=3.2097
  Run 480/803: mse_loss=3.9642, avg_loss=3.3086
  Run 490/803: mse_loss=1.9593, avg_loss=3.3448
  Run 500/803: mse_loss=3.5067, avg_loss=3.3232
  Run 510/803: mse_loss=7.9017, avg_loss=3.4570
  Run 520/803: mse_loss=4.2567, avg_loss=3.4973
  Run 530/803: mse_loss=2.7470, avg_loss=3.5158
  Run 540/803: mse_loss=3.5696, avg_loss=3.4928
  Run 550/803: mse_loss=1.5990, avg_loss=3.4707
  Run 560/803: mse_loss=3.8075, avg_loss=3.5089
  Run 570/803: mse_loss=2.7589, avg_loss=3.5074
  Run 580/803: mse_loss=1.6122, avg_loss=3.4830
  Run 590/803: mse_loss=1.1725, avg_loss=3.4463
  Run 600/803: mse_loss=0.9281, avg_loss=3.4073
  Run 610/803: mse_loss=1.2929, avg_loss=3.3663
  Run 620/803: mse_loss=1.1831, avg_loss=3.3336
  Run 630/803: mse_loss=0.9865, avg_loss=3.2975
  Run 640/803: mse_loss=0.9804, avg_loss=3.2607
  Run 650/803: mse_loss=0.6112, avg_loss=3.2228
  Run 660/803: mse_loss=0.4215, avg_loss=3.1829
  Run 670/803: mse_loss=0.4763, avg_loss=3.1420
  Run 680/803: mse_loss=3.9654, avg_loss=3.1750
  Run 690/803: mse_loss=2.7362, avg_loss=3.1723
  Run 700/803: mse_loss=1.8555, avg_loss=3.1751
  Run 710/803: mse_loss=0.8581, avg_loss=3.1448
  Run 720/803: mse_loss=1.0872, avg_loss=3.1189
  Run 730/803: mse_loss=0.5055, avg_loss=3.1039
  Run 740/803: mse_loss=2.8242, avg_loss=3.0750
  Run 750/803: mse_loss=0.4480, avg_loss=3.0408
  Run 760/803: mse_loss=0.5252, avg_loss=3.0097
  Run 770/803: mse_loss=0.4647, avg_loss=2.9774
  Run 780/803: mse_loss=0.5453, avg_loss=2.9458
  Run 790/803: mse_loss=0.3479, avg_loss=2.9182
  Run 800/803: mse_loss=0.4425, avg_loss=2.8849
  MSE Loss: 2.8829
  Runs processed: 803
  Saved best model (loss: 2.8829)
Epoch 24/50
  Run 10/803: mse_loss=6.2559, avg_loss=10.2536
  Run 20/803: mse_loss=5.4648, avg_loss=7.7578
  Run 30/803: mse_loss=1.9051, avg_loss=6.0481
  Run 40/803: mse_loss=0.5855, avg_loss=4.8296
  Run 50/803: mse_loss=1.9173, avg_loss=4.0363
  Run 60/803: mse_loss=2.7873, avg_loss=3.7150
  Run 70/803: mse_loss=1.3765, avg_loss=3.4152
  Run 80/803: mse_loss=3.1194, avg_loss=3.1598
  Run 90/803: mse_loss=4.7520, avg_loss=3.4587
  Run 100/803: mse_loss=3.9492, avg_loss=3.4798
  Run 110/803: mse_loss=7.1722, avg_loss=4.0929
  Run 120/803: mse_loss=1.5471, avg_loss=3.9876
  Run 130/803: mse_loss=23.9933, avg_loss=4.1140
  Run 140/803: mse_loss=7.4992, avg_loss=4.5800
  Run 150/803: mse_loss=4.2724, avg_loss=4.5872
  Run 160/803: mse_loss=4.6187, avg_loss=4.7515
  Run 170/803: mse_loss=9.3590, avg_loss=5.2523
  Run 180/803: mse_loss=3.5251, avg_loss=5.1420
  Run 190/803: mse_loss=1.7661, avg_loss=5.0767
  Run 200/803: mse_loss=2.3472, avg_loss=4.9704
  Run 210/803: mse_loss=1.0202, avg_loss=4.8227
  Run 220/803: mse_loss=1.5557, avg_loss=4.6638
  Run 230/803: mse_loss=0.8975, avg_loss=4.5479
  Run 240/803: mse_loss=0.6677, avg_loss=4.4295
  Run 250/803: mse_loss=8.0956, avg_loss=4.3189
  Run 260/803: mse_loss=0.6775, avg_loss=4.1774
  Run 270/803: mse_loss=0.3253, avg_loss=4.0569
  Run 280/803: mse_loss=3.7003, avg_loss=4.0012
  Run 290/803: mse_loss=0.5891, avg_loss=3.8935
  Run 300/803: mse_loss=1.1970, avg_loss=3.8244
  Run 310/803: mse_loss=0.9596, avg_loss=3.7456
  Run 320/803: mse_loss=0.4805, avg_loss=3.6514
  Run 330/803: mse_loss=0.9157, avg_loss=3.5596
  Run 340/803: mse_loss=1.3096, avg_loss=3.4895
  Run 350/803: mse_loss=0.7942, avg_loss=3.4206
  Run 360/803: mse_loss=3.0721, avg_loss=3.3805
  Run 370/803: mse_loss=0.9415, avg_loss=3.3359
  Run 380/803: mse_loss=0.7055, avg_loss=3.2888
  Run 390/803: mse_loss=4.0190, avg_loss=3.2261
  Run 400/803: mse_loss=1.5609, avg_loss=3.1636
  Run 410/803: mse_loss=2.9805, avg_loss=3.1201
  Run 420/803: mse_loss=1.2263, avg_loss=3.0796
  Run 430/803: mse_loss=2.5950, avg_loss=3.0292
  Run 440/803: mse_loss=3.7193, avg_loss=3.0858
  Run 450/803: mse_loss=2.5594, avg_loss=3.0896
  Run 460/803: mse_loss=0.8056, avg_loss=3.0577
  Run 470/803: mse_loss=2.1915, avg_loss=3.0480
  Run 480/803: mse_loss=2.4131, avg_loss=3.1486
  Run 490/803: mse_loss=2.9836, avg_loss=3.1854
  Run 500/803: mse_loss=4.6172, avg_loss=3.1795
  Run 510/803: mse_loss=21.3985, avg_loss=3.4440
  Run 520/803: mse_loss=6.7752, avg_loss=3.5177
  Run 530/803: mse_loss=1.2806, avg_loss=3.4999
  Run 540/803: mse_loss=2.3861, avg_loss=3.4641
  Run 550/803: mse_loss=1.5894, avg_loss=3.4349
  Run 560/803: mse_loss=4.0180, avg_loss=3.4464
  Run 570/803: mse_loss=2.2739, avg_loss=3.4425
  Run 580/803: mse_loss=1.6439, avg_loss=3.4182
  Run 590/803: mse_loss=1.2588, avg_loss=3.3824
  Run 600/803: mse_loss=0.9357, avg_loss=3.3440
  Run 610/803: mse_loss=1.3849, avg_loss=3.3053
  Run 620/803: mse_loss=1.0250, avg_loss=3.2724
  Run 630/803: mse_loss=0.8509, avg_loss=3.2356
  Run 640/803: mse_loss=0.8469, avg_loss=3.1988
  Run 650/803: mse_loss=0.6250, avg_loss=3.1601
  Run 660/803: mse_loss=0.4278, avg_loss=3.1203
  Run 670/803: mse_loss=0.4047, avg_loss=3.0798
  Run 680/803: mse_loss=4.3286, avg_loss=3.1163
  Run 690/803: mse_loss=2.8199, avg_loss=3.1152
  Run 700/803: mse_loss=0.8374, avg_loss=3.1078
  Run 710/803: mse_loss=0.6344, avg_loss=3.0773
  Run 720/803: mse_loss=0.8299, avg_loss=3.0531
  Run 730/803: mse_loss=0.4175, avg_loss=3.0380
  Run 740/803: mse_loss=2.7750, avg_loss=3.0099
  Run 750/803: mse_loss=0.3801, avg_loss=2.9759
  Run 760/803: mse_loss=0.7502, avg_loss=2.9476
  Run 770/803: mse_loss=0.4281, avg_loss=2.9170
  Run 780/803: mse_loss=0.3618, avg_loss=2.8865
  Run 790/803: mse_loss=0.1984, avg_loss=2.8570
  Run 800/803: mse_loss=0.4532, avg_loss=2.8241
  MSE Loss: 2.8223
  Runs processed: 803
  Saved best model (loss: 2.8223)
Epoch 25/50
  Run 10/803: mse_loss=4.3566, avg_loss=8.4282
  Run 20/803: mse_loss=5.2221, avg_loss=6.5294
  Run 30/803: mse_loss=1.7579, avg_loss=5.2562
  Run 40/803: mse_loss=0.8547, avg_loss=4.2643
  Run 50/803: mse_loss=2.0388, avg_loss=3.5912
  Run 60/803: mse_loss=2.4230, avg_loss=3.3353
  Run 70/803: mse_loss=1.1603, avg_loss=3.0697
  Run 80/803: mse_loss=3.1685, avg_loss=2.8673
  Run 90/803: mse_loss=2.2235, avg_loss=3.1816
  Run 100/803: mse_loss=2.0488, avg_loss=3.1376
  Run 110/803: mse_loss=3.6531, avg_loss=3.4138
  Run 120/803: mse_loss=0.8484, avg_loss=3.2510
  Run 130/803: mse_loss=19.5596, avg_loss=3.4300
  Run 140/803: mse_loss=8.7308, avg_loss=3.7967
  Run 150/803: mse_loss=3.2206, avg_loss=3.8214
  Run 160/803: mse_loss=3.8802, avg_loss=3.8878
  Run 170/803: mse_loss=15.0746, avg_loss=4.4647
  Run 180/803: mse_loss=5.6305, avg_loss=4.5091
  Run 190/803: mse_loss=1.4781, avg_loss=4.4597
  Run 200/803: mse_loss=2.0818, avg_loss=4.3525
  Run 210/803: mse_loss=1.8531, avg_loss=4.2564
  Run 220/803: mse_loss=1.0269, avg_loss=4.1267
  Run 230/803: mse_loss=1.1523, avg_loss=4.0331
  Run 240/803: mse_loss=0.7985, avg_loss=3.9382
  Run 250/803: mse_loss=8.3764, avg_loss=3.8648
  Run 260/803: mse_loss=0.7075, avg_loss=3.7493
  Run 270/803: mse_loss=0.2787, avg_loss=3.6446
  Run 280/803: mse_loss=3.7363, avg_loss=3.6069
  Run 290/803: mse_loss=0.6369, avg_loss=3.5137
  Run 300/803: mse_loss=1.2059, avg_loss=3.4598
  Run 310/803: mse_loss=0.9134, avg_loss=3.3949
  Run 320/803: mse_loss=0.4859, avg_loss=3.3131
  Run 330/803: mse_loss=0.9895, avg_loss=3.2320
  Run 340/803: mse_loss=1.3380, avg_loss=3.1729
  Run 350/803: mse_loss=0.6648, avg_loss=3.1119
  Run 360/803: mse_loss=1.8006, avg_loss=3.0684
  Run 370/803: mse_loss=0.8270, avg_loss=3.0432
  Run 380/803: mse_loss=0.8334, avg_loss=3.0051
  Run 390/803: mse_loss=4.0518, avg_loss=2.9500
  Run 400/803: mse_loss=1.6352, avg_loss=2.8945
  Run 410/803: mse_loss=3.1676, avg_loss=2.8591
  Run 420/803: mse_loss=0.9915, avg_loss=2.8227
  Run 430/803: mse_loss=2.2105, avg_loss=2.7760
  Run 440/803: mse_loss=4.9870, avg_loss=2.8877
  Run 450/803: mse_loss=2.3928, avg_loss=2.9230
  Run 460/803: mse_loss=0.8619, avg_loss=2.8927
  Run 470/803: mse_loss=2.2695, avg_loss=2.8846
  Run 480/803: mse_loss=2.8807, avg_loss=2.9391
  Run 490/803: mse_loss=2.0605, avg_loss=2.9909
  Run 500/803: mse_loss=3.6520, avg_loss=2.9801
  Run 510/803: mse_loss=8.8728, avg_loss=3.1056
  Run 520/803: mse_loss=3.4513, avg_loss=3.1393
  Run 530/803: mse_loss=2.3522, avg_loss=3.1662
  Run 540/803: mse_loss=4.0785, avg_loss=3.1496
  Run 550/803: mse_loss=2.4844, avg_loss=3.1481
  Run 560/803: mse_loss=3.6836, avg_loss=3.1946
  Run 570/803: mse_loss=2.8440, avg_loss=3.2002
  Run 580/803: mse_loss=2.0279, avg_loss=3.1881
  Run 590/803: mse_loss=1.2193, avg_loss=3.1595
  Run 600/803: mse_loss=0.9060, avg_loss=3.1251
  Run 610/803: mse_loss=1.1133, avg_loss=3.0881
  Run 620/803: mse_loss=0.9107, avg_loss=3.0554
  Run 630/803: mse_loss=0.8573, avg_loss=3.0210
  Run 640/803: mse_loss=0.8138, avg_loss=2.9864
  Run 650/803: mse_loss=0.7819, avg_loss=2.9536
  Run 660/803: mse_loss=0.4903, avg_loss=2.9185
  Run 670/803: mse_loss=0.4536, avg_loss=2.8820
  Run 680/803: mse_loss=4.3839, avg_loss=2.9224
  Run 690/803: mse_loss=3.1736, avg_loss=2.9268
  Run 700/803: mse_loss=1.5863, avg_loss=2.9309
  Run 710/803: mse_loss=0.9693, avg_loss=2.9032
  Run 720/803: mse_loss=0.9335, avg_loss=2.8782
  Run 730/803: mse_loss=0.3711, avg_loss=2.8666
  Run 740/803: mse_loss=2.7458, avg_loss=2.8405
  Run 750/803: mse_loss=0.5174, avg_loss=2.8085
  Run 760/803: mse_loss=0.7118, avg_loss=2.7812
  Run 770/803: mse_loss=0.5500, avg_loss=2.7514
  Run 780/803: mse_loss=0.3684, avg_loss=2.7226
  Run 790/803: mse_loss=0.2931, avg_loss=2.6961
  Run 800/803: mse_loss=0.6826, avg_loss=2.6657
  MSE Loss: 2.6663
  Runs processed: 803
  Saved best model (loss: 2.6663)
Epoch 26/50
  Run 10/803: mse_loss=5.6886, avg_loss=8.5004
  Run 20/803: mse_loss=5.9813, avg_loss=6.8056
  Run 30/803: mse_loss=1.9429, avg_loss=5.4575
  Run 40/803: mse_loss=0.6847, avg_loss=4.3571
  Run 50/803: mse_loss=1.7672, avg_loss=3.6497
  Run 60/803: mse_loss=2.6997, avg_loss=3.3769
  Run 70/803: mse_loss=1.4866, avg_loss=3.1341
  Run 80/803: mse_loss=2.9733, avg_loss=2.9060
  Run 90/803: mse_loss=5.9326, avg_loss=3.5347
  Run 100/803: mse_loss=2.3976, avg_loss=3.6018
  Run 110/803: mse_loss=3.1926, avg_loss=4.0443
  Run 120/803: mse_loss=0.8992, avg_loss=3.8511
  Run 130/803: mse_loss=18.0314, avg_loss=3.9348
  Run 140/803: mse_loss=7.5157, avg_loss=4.2752
  Run 150/803: mse_loss=2.8022, avg_loss=4.2560
  Run 160/803: mse_loss=3.7546, avg_loss=4.3192
  Run 170/803: mse_loss=11.7675, avg_loss=4.7432
  Run 180/803: mse_loss=4.5292, avg_loss=4.7060
  Run 190/803: mse_loss=3.7067, avg_loss=4.7326
  Run 200/803: mse_loss=2.2256, avg_loss=4.6620
  Run 210/803: mse_loss=1.2374, avg_loss=4.5548
  Run 220/803: mse_loss=1.3357, avg_loss=4.4100
  Run 230/803: mse_loss=0.9051, avg_loss=4.3019
  Run 240/803: mse_loss=0.6411, avg_loss=4.1926
  Run 250/803: mse_loss=8.9905, avg_loss=4.1008
  Run 260/803: mse_loss=0.6946, avg_loss=3.9692
  Run 270/803: mse_loss=0.3417, avg_loss=3.8629
  Run 280/803: mse_loss=3.8603, avg_loss=3.8183
  Run 290/803: mse_loss=0.7044, avg_loss=3.7212
  Run 300/803: mse_loss=1.1589, avg_loss=3.6591
  Run 310/803: mse_loss=1.0749, avg_loss=3.5874
  Run 320/803: mse_loss=0.5153, avg_loss=3.4977
  Run 330/803: mse_loss=0.9849, avg_loss=3.4120
  Run 340/803: mse_loss=1.2009, avg_loss=3.3447
  Run 350/803: mse_loss=0.7246, avg_loss=3.2791
  Run 360/803: mse_loss=2.5926, avg_loss=3.2508
  Run 370/803: mse_loss=1.1220, avg_loss=3.2091
  Run 380/803: mse_loss=0.3720, avg_loss=3.1644
  Run 390/803: mse_loss=3.8182, avg_loss=3.1075
  Run 400/803: mse_loss=1.8915, avg_loss=3.0493
  Run 410/803: mse_loss=3.0084, avg_loss=3.0151
  Run 420/803: mse_loss=1.2826, avg_loss=2.9811
  Run 430/803: mse_loss=2.5685, avg_loss=2.9309
  Run 440/803: mse_loss=4.4424, avg_loss=3.0010
  Run 450/803: mse_loss=2.3038, avg_loss=3.0111
  Run 460/803: mse_loss=0.7813, avg_loss=2.9742
  Run 470/803: mse_loss=2.1388, avg_loss=2.9668
  Run 480/803: mse_loss=4.1566, avg_loss=3.1164
  Run 490/803: mse_loss=1.9394, avg_loss=3.1604
  Run 500/803: mse_loss=4.3471, avg_loss=3.1511
  Run 510/803: mse_loss=10.5875, avg_loss=3.3123
  Run 520/803: mse_loss=3.0204, avg_loss=3.3433
  Run 530/803: mse_loss=2.0377, avg_loss=3.3507
  Run 540/803: mse_loss=5.9664, avg_loss=3.3317
  Run 550/803: mse_loss=4.1247, avg_loss=3.3476
  Run 560/803: mse_loss=3.1831, avg_loss=3.3643
  Run 570/803: mse_loss=2.2648, avg_loss=3.3513
  Run 580/803: mse_loss=1.4856, avg_loss=3.3247
  Run 590/803: mse_loss=1.0945, avg_loss=3.2890
  Run 600/803: mse_loss=0.9615, avg_loss=3.2542
  Run 610/803: mse_loss=1.1613, avg_loss=3.2148
  Run 620/803: mse_loss=1.1170, avg_loss=3.1819
  Run 630/803: mse_loss=0.8355, avg_loss=3.1464
  Run 640/803: mse_loss=1.0082, avg_loss=3.1103
  Run 650/803: mse_loss=0.5849, avg_loss=3.0747
  Run 660/803: mse_loss=0.4349, avg_loss=3.0363
  Run 670/803: mse_loss=0.3994, avg_loss=2.9971
  Run 680/803: mse_loss=4.3397, avg_loss=3.0342
  Run 690/803: mse_loss=3.2328, avg_loss=3.0376
  Run 700/803: mse_loss=0.6702, avg_loss=3.0191
  Run 710/803: mse_loss=0.5616, avg_loss=2.9870
  Run 720/803: mse_loss=0.5723, avg_loss=2.9561
  Run 730/803: mse_loss=0.5280, avg_loss=2.9454
  Run 740/803: mse_loss=2.4398, avg_loss=2.9182
  Run 750/803: mse_loss=0.6196, avg_loss=2.8858
  Run 760/803: mse_loss=0.6524, avg_loss=2.8579
  Run 770/803: mse_loss=0.6966, avg_loss=2.8269
  Run 780/803: mse_loss=0.3622, avg_loss=2.7974
  Run 790/803: mse_loss=0.2108, avg_loss=2.7693
  Run 800/803: mse_loss=0.3452, avg_loss=2.7374
  MSE Loss: 2.7356
  Runs processed: 803
Epoch 27/50
  Run 10/803: mse_loss=3.5438, avg_loss=6.8027
  Run 20/803: mse_loss=4.2171, avg_loss=5.4626
  Run 30/803: mse_loss=1.0524, avg_loss=4.3233
  Run 40/803: mse_loss=0.3868, avg_loss=3.5022
  Run 50/803: mse_loss=1.7469, avg_loss=2.9367
  Run 60/803: mse_loss=3.0503, avg_loss=2.7666
  Run 70/803: mse_loss=1.7340, avg_loss=2.6333
  Run 80/803: mse_loss=3.0461, avg_loss=2.4654
  Run 90/803: mse_loss=1.6209, avg_loss=2.6072
  Run 100/803: mse_loss=2.1499, avg_loss=2.5802
  Run 110/803: mse_loss=7.7892, avg_loss=3.5563
  Run 120/803: mse_loss=0.7419, avg_loss=3.4883
  Run 130/803: mse_loss=18.5298, avg_loss=3.5807
  Run 140/803: mse_loss=10.7692, avg_loss=4.0307
  Run 150/803: mse_loss=3.6827, avg_loss=4.0603
  Run 160/803: mse_loss=5.4774, avg_loss=4.2187
  Run 170/803: mse_loss=7.6788, avg_loss=4.5186
  Run 180/803: mse_loss=3.8636, avg_loss=4.4374
  Run 190/803: mse_loss=3.0526, avg_loss=4.4122
  Run 200/803: mse_loss=2.6498, avg_loss=4.3571
  Run 210/803: mse_loss=1.3671, avg_loss=4.2527
  Run 220/803: mse_loss=0.9970, avg_loss=4.1264
  Run 230/803: mse_loss=1.0811, avg_loss=4.0240
  Run 240/803: mse_loss=1.1143, avg_loss=3.9340
  Run 250/803: mse_loss=8.1563, avg_loss=3.8513
  Run 260/803: mse_loss=0.5316, avg_loss=3.7436
  Run 270/803: mse_loss=0.3418, avg_loss=3.6410
  Run 280/803: mse_loss=3.7633, avg_loss=3.6032
  Run 290/803: mse_loss=0.6607, avg_loss=3.5128
  Run 300/803: mse_loss=1.1052, avg_loss=3.4553
  Run 310/803: mse_loss=0.7445, avg_loss=3.3855
  Run 320/803: mse_loss=0.5605, avg_loss=3.3101
  Run 330/803: mse_loss=0.8684, avg_loss=3.2314
  Run 340/803: mse_loss=1.2464, avg_loss=3.1692
  Run 350/803: mse_loss=0.6311, avg_loss=3.1062
  Run 360/803: mse_loss=2.6340, avg_loss=3.0776
  Run 370/803: mse_loss=1.1973, avg_loss=3.0412
  Run 380/803: mse_loss=0.4465, avg_loss=3.0028
  Run 390/803: mse_loss=3.9937, avg_loss=2.9490
  Run 400/803: mse_loss=2.2092, avg_loss=2.8959
  Run 410/803: mse_loss=2.8607, avg_loss=2.8641
  Run 420/803: mse_loss=1.3533, avg_loss=2.8329
  Run 430/803: mse_loss=2.4941, avg_loss=2.7859
  Run 440/803: mse_loss=5.8526, avg_loss=2.9237
  Run 450/803: mse_loss=2.1151, avg_loss=2.9527
  Run 460/803: mse_loss=0.9447, avg_loss=2.9248
  Run 470/803: mse_loss=2.1408, avg_loss=2.9127
  Run 480/803: mse_loss=2.9622, avg_loss=2.9063
  Run 490/803: mse_loss=2.3012, avg_loss=2.9727
  Run 500/803: mse_loss=5.6025, avg_loss=2.9862
  Run 510/803: mse_loss=12.2388, avg_loss=3.1754
  Run 520/803: mse_loss=3.5524, avg_loss=3.1927
  Run 530/803: mse_loss=1.9712, avg_loss=3.1975
  Run 540/803: mse_loss=4.7577, avg_loss=3.1768
  Run 550/803: mse_loss=3.1485, avg_loss=3.1816
  Run 560/803: mse_loss=2.6538, avg_loss=3.1895
  Run 570/803: mse_loss=1.7814, avg_loss=3.1705
  Run 580/803: mse_loss=1.1613, avg_loss=3.1407
  Run 590/803: mse_loss=1.1403, avg_loss=3.1053
  Run 600/803: mse_loss=0.9701, avg_loss=3.0735
  Run 610/803: mse_loss=1.2030, avg_loss=3.0372
  Run 620/803: mse_loss=1.1285, avg_loss=3.0087
  Run 630/803: mse_loss=1.0291, avg_loss=2.9791
  Run 640/803: mse_loss=0.9639, avg_loss=2.9469
  Run 650/803: mse_loss=0.7989, avg_loss=2.9146
  Run 660/803: mse_loss=0.5103, avg_loss=2.8803
  Run 670/803: mse_loss=0.5145, avg_loss=2.8449
  Run 680/803: mse_loss=4.6309, avg_loss=2.8854
  Run 690/803: mse_loss=3.2535, avg_loss=2.8924
  Run 700/803: mse_loss=0.9246, avg_loss=2.8822
  Run 710/803: mse_loss=0.6055, avg_loss=2.8526
  Run 720/803: mse_loss=0.6897, avg_loss=2.8283
  Run 730/803: mse_loss=0.4003, avg_loss=2.8158
  Run 740/803: mse_loss=2.9318, avg_loss=2.7908
  Run 750/803: mse_loss=0.3395, avg_loss=2.7595
  Run 760/803: mse_loss=0.4834, avg_loss=2.7316
  Run 770/803: mse_loss=0.4194, avg_loss=2.7028
  Run 780/803: mse_loss=0.4486, avg_loss=2.6752
  Run 790/803: mse_loss=0.2354, avg_loss=2.6489
  Run 800/803: mse_loss=0.3597, avg_loss=2.6188
  MSE Loss: 2.6173
  Runs processed: 803
  Saved best model (loss: 2.6173)
Epoch 28/50
  Run 10/803: mse_loss=1.9634, avg_loss=6.4119
  Run 20/803: mse_loss=6.0538, avg_loss=5.8249
  Run 30/803: mse_loss=1.9143, avg_loss=4.7781
  Run 40/803: mse_loss=0.5439, avg_loss=3.8354
  Run 50/803: mse_loss=2.3414, avg_loss=3.2325
  Run 60/803: mse_loss=2.7523, avg_loss=3.0348
  Run 70/803: mse_loss=1.5014, avg_loss=2.8560
  Run 80/803: mse_loss=3.0800, avg_loss=2.6637
  Run 90/803: mse_loss=3.4692, avg_loss=3.1314
  Run 100/803: mse_loss=4.0988, avg_loss=3.1426
  Run 110/803: mse_loss=10.2521, avg_loss=3.5705
  Run 120/803: mse_loss=2.1248, avg_loss=3.5344
  Run 130/803: mse_loss=22.8098, avg_loss=3.7691
  Run 140/803: mse_loss=16.3191, avg_loss=4.2772
  Run 150/803: mse_loss=2.1721, avg_loss=4.3641
  Run 160/803: mse_loss=5.6841, avg_loss=4.4215
  Run 170/803: mse_loss=8.5996, avg_loss=4.6317
  Run 180/803: mse_loss=4.9956, avg_loss=4.6417
  Run 190/803: mse_loss=1.6687, avg_loss=4.8286
  Run 200/803: mse_loss=3.4452, avg_loss=5.1013
  Run 210/803: mse_loss=1.4756, avg_loss=4.9799
  Run 220/803: mse_loss=1.4559, avg_loss=4.8118
  Run 230/803: mse_loss=0.7389, avg_loss=4.6902
  Run 240/803: mse_loss=0.7057, avg_loss=4.5649
  Run 250/803: mse_loss=10.3703, avg_loss=4.4691
  Run 260/803: mse_loss=0.7016, avg_loss=4.3211
  Run 270/803: mse_loss=0.3288, avg_loss=4.1938
  Run 280/803: mse_loss=3.6674, avg_loss=4.1333
  Run 290/803: mse_loss=0.7493, avg_loss=4.0250
  Run 300/803: mse_loss=1.1912, avg_loss=3.9511
  Run 310/803: mse_loss=0.8747, avg_loss=3.8656
  Run 320/803: mse_loss=0.4216, avg_loss=3.7704
  Run 330/803: mse_loss=0.7971, avg_loss=3.6726
  Run 340/803: mse_loss=1.4954, avg_loss=3.6008
  Run 350/803: mse_loss=0.6594, avg_loss=3.5279
  Run 360/803: mse_loss=2.2042, avg_loss=3.4764
  Run 370/803: mse_loss=0.9670, avg_loss=3.4312
  Run 380/803: mse_loss=0.7339, avg_loss=3.3840
  Run 390/803: mse_loss=3.6468, avg_loss=3.3220
  Run 400/803: mse_loss=2.1464, avg_loss=3.2581
  Run 410/803: mse_loss=2.3180, avg_loss=3.2122
  Run 420/803: mse_loss=1.9894, avg_loss=3.1821
  Run 430/803: mse_loss=2.4436, avg_loss=3.1294
  Run 440/803: mse_loss=7.5489, avg_loss=3.2496
  Run 450/803: mse_loss=2.7584, avg_loss=3.2745
  Run 460/803: mse_loss=0.8529, avg_loss=3.2404
  Run 470/803: mse_loss=2.6979, avg_loss=3.2287
  Run 480/803: mse_loss=3.7227, avg_loss=3.3037
  Run 490/803: mse_loss=1.7577, avg_loss=3.3416
  Run 500/803: mse_loss=3.8263, avg_loss=3.3215
  Run 510/803: mse_loss=11.2512, avg_loss=3.4792
  Run 520/803: mse_loss=3.6640, avg_loss=3.5044
  Run 530/803: mse_loss=1.9485, avg_loss=3.5159
  Run 540/803: mse_loss=4.2141, avg_loss=3.4869
  Run 550/803: mse_loss=2.2220, avg_loss=3.4771
  Run 560/803: mse_loss=2.9244, avg_loss=3.4754
  Run 570/803: mse_loss=1.9237, avg_loss=3.4544
  Run 580/803: mse_loss=1.2165, avg_loss=3.4222
  Run 590/803: mse_loss=1.2314, avg_loss=3.3820
  Run 600/803: mse_loss=0.9263, avg_loss=3.3449
  Run 610/803: mse_loss=1.1296, avg_loss=3.3037
  Run 620/803: mse_loss=1.1240, avg_loss=3.2704
  Run 630/803: mse_loss=1.0033, avg_loss=3.2349
  Run 640/803: mse_loss=1.0163, avg_loss=3.1982
  Run 650/803: mse_loss=0.6682, avg_loss=3.1619
  Run 660/803: mse_loss=0.5552, avg_loss=3.1242
  Run 670/803: mse_loss=0.4642, avg_loss=3.0855
  Run 680/803: mse_loss=4.1280, avg_loss=3.1203
  Run 690/803: mse_loss=2.8635, avg_loss=3.1187
  Run 700/803: mse_loss=0.6920, avg_loss=3.1015
  Run 710/803: mse_loss=0.6501, avg_loss=3.0697
  Run 720/803: mse_loss=0.9385, avg_loss=3.0443
  Run 730/803: mse_loss=0.7152, avg_loss=3.0311
  Run 740/803: mse_loss=2.4477, avg_loss=3.0032
  Run 750/803: mse_loss=0.3702, avg_loss=2.9683
  Run 760/803: mse_loss=1.0549, avg_loss=2.9396
  Run 770/803: mse_loss=0.4715, avg_loss=2.9074
  Run 780/803: mse_loss=0.5979, avg_loss=2.8772
  Run 790/803: mse_loss=0.1957, avg_loss=2.8481
  Run 800/803: mse_loss=0.3299, avg_loss=2.8153
  MSE Loss: 2.8130
  Runs processed: 803
Epoch 29/50
  Run 10/803: mse_loss=2.0161, avg_loss=3.9005
  Run 20/803: mse_loss=4.0492, avg_loss=4.1187
  Run 30/803: mse_loss=1.6241, avg_loss=3.5783
  Run 40/803: mse_loss=0.3691, avg_loss=2.9436
  Run 50/803: mse_loss=1.6446, avg_loss=2.5296
  Run 60/803: mse_loss=3.0033, avg_loss=2.4593
  Run 70/803: mse_loss=1.2285, avg_loss=2.3391
  Run 80/803: mse_loss=2.8446, avg_loss=2.2018
  Run 90/803: mse_loss=1.6978, avg_loss=2.3433
  Run 100/803: mse_loss=2.2432, avg_loss=2.3362
  Run 110/803: mse_loss=2.7601, avg_loss=2.8392
  Run 120/803: mse_loss=0.8321, avg_loss=2.7413
  Run 130/803: mse_loss=24.4728, avg_loss=3.0773
  Run 140/803: mse_loss=3.3476, avg_loss=3.2674
  Run 150/803: mse_loss=1.6349, avg_loss=3.1870
  Run 160/803: mse_loss=5.1564, avg_loss=3.5902
  Run 170/803: mse_loss=5.0037, avg_loss=3.7842
  Run 180/803: mse_loss=5.4237, avg_loss=3.8276
  Run 190/803: mse_loss=13.8872, avg_loss=4.4882
  Run 200/803: mse_loss=3.8992, avg_loss=4.8030
  Run 210/803: mse_loss=1.6852, avg_loss=4.6930
  Run 220/803: mse_loss=0.9718, avg_loss=4.5423
  Run 230/803: mse_loss=1.1382, avg_loss=4.4270
  Run 240/803: mse_loss=0.8096, avg_loss=4.3141
  Run 250/803: mse_loss=8.5276, avg_loss=4.2112
  Run 260/803: mse_loss=0.7568, avg_loss=4.0731
  Run 270/803: mse_loss=0.3560, avg_loss=3.9598
  Run 280/803: mse_loss=3.8242, avg_loss=3.9106
  Run 290/803: mse_loss=0.5983, avg_loss=3.8081
  Run 300/803: mse_loss=1.0353, avg_loss=3.7336
  Run 310/803: mse_loss=1.0906, avg_loss=3.6559
  Run 320/803: mse_loss=0.4924, avg_loss=3.5644
  Run 330/803: mse_loss=0.8762, avg_loss=3.4753
  Run 340/803: mse_loss=1.4129, avg_loss=3.4046
  Run 350/803: mse_loss=0.7670, avg_loss=3.3382
  Run 360/803: mse_loss=2.1190, avg_loss=3.2953
  Run 370/803: mse_loss=1.3037, avg_loss=3.2480
  Run 380/803: mse_loss=0.4636, avg_loss=3.2054
  Run 390/803: mse_loss=3.5924, avg_loss=3.1459
  Run 400/803: mse_loss=1.8485, avg_loss=3.0864
  Run 410/803: mse_loss=3.1371, avg_loss=3.0510
  Run 420/803: mse_loss=1.1350, avg_loss=3.0103
  Run 430/803: mse_loss=2.1721, avg_loss=2.9567
  Run 440/803: mse_loss=5.0264, avg_loss=3.0225
  Run 450/803: mse_loss=3.0336, avg_loss=3.0369
  Run 460/803: mse_loss=0.8788, avg_loss=3.0060
  Run 470/803: mse_loss=2.1659, avg_loss=2.9918
  Run 480/803: mse_loss=3.9337, avg_loss=3.1025
  Run 490/803: mse_loss=1.8747, avg_loss=3.1460
  Run 500/803: mse_loss=4.2489, avg_loss=3.1344
  Run 510/803: mse_loss=10.7839, avg_loss=3.2906
  Run 520/803: mse_loss=3.1499, avg_loss=3.3146
  Run 530/803: mse_loss=1.4430, avg_loss=3.3167
  Run 540/803: mse_loss=4.3088, avg_loss=3.2914
  Run 550/803: mse_loss=1.7292, avg_loss=3.2785
  Run 560/803: mse_loss=2.5514, avg_loss=3.2831
  Run 570/803: mse_loss=1.2689, avg_loss=3.2572
  Run 580/803: mse_loss=1.0939, avg_loss=3.2225
  Run 590/803: mse_loss=0.8848, avg_loss=3.1838
  Run 600/803: mse_loss=0.9026, avg_loss=3.1475
  Run 610/803: mse_loss=1.3083, avg_loss=3.1123
  Run 620/803: mse_loss=1.2457, avg_loss=3.0827
  Run 630/803: mse_loss=1.0622, avg_loss=3.0509
  Run 640/803: mse_loss=0.8982, avg_loss=3.0182
  Run 650/803: mse_loss=0.6818, avg_loss=2.9829
  Run 660/803: mse_loss=0.4533, avg_loss=2.9464
  Run 670/803: mse_loss=0.4313, avg_loss=2.9092
  Run 680/803: mse_loss=4.3876, avg_loss=2.9472
  Run 690/803: mse_loss=2.5968, avg_loss=2.9463
  Run 700/803: mse_loss=0.4984, avg_loss=2.9272
  Run 710/803: mse_loss=0.5514, avg_loss=2.8943
  Run 720/803: mse_loss=0.7910, avg_loss=2.8682
  Run 730/803: mse_loss=0.5669, avg_loss=2.8560
  Run 740/803: mse_loss=3.0220, avg_loss=2.8313
  Run 750/803: mse_loss=0.3185, avg_loss=2.7995
  Run 760/803: mse_loss=0.8084, avg_loss=2.7735
  Run 770/803: mse_loss=0.6029, avg_loss=2.7448
  Run 780/803: mse_loss=0.4648, avg_loss=2.7160
  Run 790/803: mse_loss=0.1775, avg_loss=2.6892
  Run 800/803: mse_loss=0.2813, avg_loss=2.6581
  MSE Loss: 2.6555
  Runs processed: 803
Epoch 30/50
  Run 10/803: mse_loss=2.3641, avg_loss=6.8030
  Run 20/803: mse_loss=7.2511, avg_loss=6.3607
  Run 30/803: mse_loss=2.6419, avg_loss=5.2455
  Run 40/803: mse_loss=0.9983, avg_loss=4.2679
  Run 50/803: mse_loss=1.6966, avg_loss=3.5813
  Run 60/803: mse_loss=2.9701, avg_loss=3.3230
  Run 70/803: mse_loss=1.6080, avg_loss=3.1209
  Run 80/803: mse_loss=2.7368, avg_loss=2.8846
  Run 90/803: mse_loss=1.6512, avg_loss=2.9864
  Run 100/803: mse_loss=2.1636, avg_loss=2.9282
  Run 110/803: mse_loss=4.8832, avg_loss=3.4497
  Run 120/803: mse_loss=0.5963, avg_loss=3.2929
  Run 130/803: mse_loss=20.1544, avg_loss=3.4795
  Run 140/803: mse_loss=8.3713, avg_loss=3.7682
  Run 150/803: mse_loss=2.8407, avg_loss=3.7692
  Run 160/803: mse_loss=3.1305, avg_loss=4.0584
  Run 170/803: mse_loss=11.6367, avg_loss=4.5439
  Run 180/803: mse_loss=4.1584, avg_loss=4.5230
  Run 190/803: mse_loss=2.3215, avg_loss=4.4961
  Run 200/803: mse_loss=2.7330, avg_loss=4.4632
  Run 210/803: mse_loss=1.7490, avg_loss=4.3533
  Run 220/803: mse_loss=1.2823, avg_loss=4.2194
  Run 230/803: mse_loss=0.8399, avg_loss=4.1184
  Run 240/803: mse_loss=0.6925, avg_loss=4.0192
  Run 250/803: mse_loss=8.6085, avg_loss=3.9281
  Run 260/803: mse_loss=0.6251, avg_loss=3.7975
  Run 270/803: mse_loss=0.3655, avg_loss=3.6889
  Run 280/803: mse_loss=3.6558, avg_loss=3.6461
  Run 290/803: mse_loss=0.7429, avg_loss=3.5560
  Run 300/803: mse_loss=1.1786, avg_loss=3.4944
  Run 310/803: mse_loss=1.1808, avg_loss=3.4284
  Run 320/803: mse_loss=0.5863, avg_loss=3.3475
  Run 330/803: mse_loss=1.2866, avg_loss=3.2707
  Run 340/803: mse_loss=1.0575, avg_loss=3.2050
  Run 350/803: mse_loss=0.6812, avg_loss=3.1423
  Run 360/803: mse_loss=2.2450, avg_loss=3.1047
  Run 370/803: mse_loss=1.1611, avg_loss=3.0679
  Run 380/803: mse_loss=0.5673, avg_loss=3.0285
  Run 390/803: mse_loss=3.3406, avg_loss=2.9851
  Run 400/803: mse_loss=1.0661, avg_loss=2.9333
  Run 410/803: mse_loss=2.2107, avg_loss=2.8875
  Run 420/803: mse_loss=1.6234, avg_loss=2.8623
  Run 430/803: mse_loss=2.4605, avg_loss=2.8144
  Run 440/803: mse_loss=5.6123, avg_loss=2.9303
  Run 450/803: mse_loss=2.5159, avg_loss=2.9562
  Run 460/803: mse_loss=0.8775, avg_loss=2.9185
  Run 470/803: mse_loss=2.5256, avg_loss=2.9165
  Run 480/803: mse_loss=3.1433, avg_loss=2.9576
  Run 490/803: mse_loss=2.5825, avg_loss=3.0118
  Run 500/803: mse_loss=5.0537, avg_loss=3.0096
  Run 510/803: mse_loss=12.8716, avg_loss=3.1795
  Run 520/803: mse_loss=3.6265, avg_loss=3.1962
  Run 530/803: mse_loss=1.9421, avg_loss=3.1947
  Run 540/803: mse_loss=5.8796, avg_loss=3.1855
  Run 550/803: mse_loss=4.1550, avg_loss=3.1985
  Run 560/803: mse_loss=2.9159, avg_loss=3.2085
  Run 570/803: mse_loss=2.0000, avg_loss=3.1943
  Run 580/803: mse_loss=1.3380, avg_loss=3.1679
  Run 590/803: mse_loss=1.0500, avg_loss=3.1321
  Run 600/803: mse_loss=0.9010, avg_loss=3.0987
  Run 610/803: mse_loss=1.1124, avg_loss=3.0605
  Run 620/803: mse_loss=1.0627, avg_loss=3.0298
  Run 630/803: mse_loss=0.8346, avg_loss=2.9956
  Run 640/803: mse_loss=0.8551, avg_loss=2.9619
  Run 650/803: mse_loss=0.6286, avg_loss=2.9278
  Run 660/803: mse_loss=0.4603, avg_loss=2.8927
  Run 670/803: mse_loss=0.4474, avg_loss=2.8567
  Run 680/803: mse_loss=4.4060, avg_loss=2.8955
  Run 690/803: mse_loss=2.8601, avg_loss=2.8979
  Run 700/803: mse_loss=0.4779, avg_loss=2.8720
  Run 710/803: mse_loss=0.7529, avg_loss=2.8453
  Run 720/803: mse_loss=1.5061, avg_loss=2.8272
  Run 730/803: mse_loss=0.5155, avg_loss=2.8164
  Run 740/803: mse_loss=2.3316, avg_loss=2.7915
  Run 750/803: mse_loss=0.3803, avg_loss=2.7595
  Run 760/803: mse_loss=0.3822, avg_loss=2.7318
  Run 770/803: mse_loss=0.6845, avg_loss=2.7032
  Run 780/803: mse_loss=0.3334, avg_loss=2.6754
  Run 790/803: mse_loss=0.2533, avg_loss=2.6505
  Run 800/803: mse_loss=0.2788, avg_loss=2.6205
  MSE Loss: 2.6181
  Runs processed: 803
Epoch 31/50
  Run 10/803: mse_loss=4.4189, avg_loss=6.0029
  Run 20/803: mse_loss=4.6532, avg_loss=5.1606
  Run 30/803: mse_loss=1.4327, avg_loss=4.2817
  Run 40/803: mse_loss=0.6890, avg_loss=3.5093
  Run 50/803: mse_loss=1.8491, avg_loss=2.9679
  Run 60/803: mse_loss=2.3397, avg_loss=2.8286
  Run 70/803: mse_loss=1.1939, avg_loss=2.6483
  Run 80/803: mse_loss=3.1540, avg_loss=2.4752
  Run 90/803: mse_loss=2.5974, avg_loss=2.8422
  Run 100/803: mse_loss=5.0937, avg_loss=2.8978
  Run 110/803: mse_loss=3.3185, avg_loss=3.5875
  Run 120/803: mse_loss=0.9792, avg_loss=3.4820
  Run 130/803: mse_loss=54.2848, avg_loss=4.2624
  Run 140/803: mse_loss=10.4313, avg_loss=4.9704
  Run 150/803: mse_loss=6.8762, avg_loss=5.1633
  Run 160/803: mse_loss=3.0355, avg_loss=5.2538
  Run 170/803: mse_loss=12.0229, avg_loss=5.7480
  Run 180/803: mse_loss=3.6096, avg_loss=5.6363
  Run 190/803: mse_loss=2.1660, avg_loss=5.5311
  Run 200/803: mse_loss=3.0031, avg_loss=5.4164
  Run 210/803: mse_loss=1.1989, avg_loss=5.2917
  Run 220/803: mse_loss=1.4022, avg_loss=5.1108
  Run 230/803: mse_loss=0.8811, avg_loss=4.9735
  Run 240/803: mse_loss=0.5429, avg_loss=4.8343
  Run 250/803: mse_loss=8.8355, avg_loss=4.7109
  Run 260/803: mse_loss=0.6483, avg_loss=4.5618
  Run 270/803: mse_loss=0.2822, avg_loss=4.4320
  Run 280/803: mse_loss=4.0693, avg_loss=4.3699
  Run 290/803: mse_loss=0.8338, avg_loss=4.2578
  Run 300/803: mse_loss=0.8783, avg_loss=4.1640
  Run 310/803: mse_loss=1.3253, avg_loss=4.0713
  Run 320/803: mse_loss=0.4717, avg_loss=3.9658
  Run 330/803: mse_loss=0.9062, avg_loss=3.8636
  Run 340/803: mse_loss=1.3736, avg_loss=3.7821
  Run 350/803: mse_loss=0.7473, avg_loss=3.7056
  Run 360/803: mse_loss=2.1255, avg_loss=3.6691
  Run 370/803: mse_loss=1.7939, avg_loss=3.6214
  Run 380/803: mse_loss=0.9605, avg_loss=3.5753
  Run 390/803: mse_loss=3.5891, avg_loss=3.5064
  Run 400/803: mse_loss=2.1613, avg_loss=3.4381
  Run 410/803: mse_loss=2.5931, avg_loss=3.3886
  Run 420/803: mse_loss=1.5308, avg_loss=3.3473
  Run 430/803: mse_loss=2.7773, avg_loss=3.2884
  Run 440/803: mse_loss=3.8070, avg_loss=3.3502
  Run 450/803: mse_loss=2.1080, avg_loss=3.3442
  Run 460/803: mse_loss=0.7392, avg_loss=3.3001
  Run 470/803: mse_loss=2.3099, avg_loss=3.2839
  Run 480/803: mse_loss=5.7497, avg_loss=3.3593
  Run 490/803: mse_loss=3.9503, avg_loss=3.4317
  Run 500/803: mse_loss=3.9884, avg_loss=3.4170
  Run 510/803: mse_loss=14.6866, avg_loss=3.5939
  Run 520/803: mse_loss=3.2642, avg_loss=3.6135
  Run 530/803: mse_loss=1.5580, avg_loss=3.5983
  Run 540/803: mse_loss=4.0922, avg_loss=3.5678
  Run 550/803: mse_loss=1.8939, avg_loss=3.5464
  Run 560/803: mse_loss=2.6808, avg_loss=3.5578
  Run 570/803: mse_loss=1.6227, avg_loss=3.5301
  Run 580/803: mse_loss=1.1037, avg_loss=3.4928
  Run 590/803: mse_loss=0.9839, avg_loss=3.4501
  Run 600/803: mse_loss=0.9293, avg_loss=3.4113
  Run 610/803: mse_loss=1.1064, avg_loss=3.3677
  Run 620/803: mse_loss=0.8897, avg_loss=3.3310
  Run 630/803: mse_loss=0.8985, avg_loss=3.2923
  Run 640/803: mse_loss=1.0935, avg_loss=3.2553
  Run 650/803: mse_loss=0.6132, avg_loss=3.2187
  Run 660/803: mse_loss=0.3949, avg_loss=3.1781
  Run 670/803: mse_loss=0.4335, avg_loss=3.1371
  Run 680/803: mse_loss=4.4055, avg_loss=3.1710
  Run 690/803: mse_loss=3.0485, avg_loss=3.1723
  Run 700/803: mse_loss=1.1957, avg_loss=3.1610
  Run 710/803: mse_loss=0.4978, avg_loss=3.1259
  Run 720/803: mse_loss=0.5705, avg_loss=3.0975
  Run 730/803: mse_loss=0.4594, avg_loss=3.0833
  Run 740/803: mse_loss=2.5440, avg_loss=3.0543
  Run 750/803: mse_loss=0.4341, avg_loss=3.0191
  Run 760/803: mse_loss=0.6123, avg_loss=2.9888
  Run 770/803: mse_loss=0.8731, avg_loss=2.9569
  Run 780/803: mse_loss=0.2403, avg_loss=2.9271
  Run 790/803: mse_loss=0.2615, avg_loss=2.8974
  Run 800/803: mse_loss=0.2496, avg_loss=2.8639
  MSE Loss: 2.8606
  Runs processed: 803
Epoch 32/50
  Run 10/803: mse_loss=2.0757, avg_loss=6.4894
  Run 20/803: mse_loss=8.5541, avg_loss=6.5576
  Run 30/803: mse_loss=2.8749, avg_loss=5.5303
  Run 40/803: mse_loss=0.8059, avg_loss=4.4400
  Run 50/803: mse_loss=1.7594, avg_loss=3.7152
  Run 60/803: mse_loss=2.4048, avg_loss=3.4612
  Run 70/803: mse_loss=1.4113, avg_loss=3.2058
  Run 80/803: mse_loss=2.6234, avg_loss=2.9615
  Run 90/803: mse_loss=5.3907, avg_loss=3.6016
  Run 100/803: mse_loss=2.1078, avg_loss=3.6976
  Run 110/803: mse_loss=6.0049, avg_loss=4.1600
  Run 120/803: mse_loss=1.6025, avg_loss=4.0435
  Run 130/803: mse_loss=27.1661, avg_loss=4.2854
  Run 140/803: mse_loss=18.5104, avg_loss=4.9533
  Run 150/803: mse_loss=5.4917, avg_loss=5.1355
  Run 160/803: mse_loss=3.7809, avg_loss=5.1894
  Run 170/803: mse_loss=7.8122, avg_loss=5.3370
  Run 180/803: mse_loss=4.3754, avg_loss=5.1950
  Run 190/803: mse_loss=2.9466, avg_loss=5.3875
  Run 200/803: mse_loss=5.0895, avg_loss=5.6437
  Run 210/803: mse_loss=1.8038, avg_loss=5.5184
  Run 220/803: mse_loss=1.8178, avg_loss=5.3254
  Run 230/803: mse_loss=0.7286, avg_loss=5.1867
  Run 240/803: mse_loss=0.7011, avg_loss=5.0416
  Run 250/803: mse_loss=9.3072, avg_loss=4.9129
  Run 260/803: mse_loss=0.6252, avg_loss=4.7462
  Run 270/803: mse_loss=0.3273, avg_loss=4.6048
  Run 280/803: mse_loss=3.8988, avg_loss=4.5339
  Run 290/803: mse_loss=0.5478, avg_loss=4.4078
  Run 300/803: mse_loss=1.1060, avg_loss=4.3210
  Run 310/803: mse_loss=1.0625, avg_loss=4.2263
  Run 320/803: mse_loss=0.4764, avg_loss=4.1172
  Run 330/803: mse_loss=0.8680, avg_loss=4.0102
  Run 340/803: mse_loss=1.4509, avg_loss=3.9262
  Run 350/803: mse_loss=0.5827, avg_loss=3.8460
  Run 360/803: mse_loss=1.5787, avg_loss=3.7920
  Run 370/803: mse_loss=0.7570, avg_loss=3.7463
  Run 380/803: mse_loss=0.7365, avg_loss=3.6867
  Run 390/803: mse_loss=3.8667, avg_loss=3.6150
  Run 400/803: mse_loss=1.7655, avg_loss=3.5431
  Run 410/803: mse_loss=3.0040, avg_loss=3.4933
  Run 420/803: mse_loss=1.2081, avg_loss=3.4423
  Run 430/803: mse_loss=2.4524, avg_loss=3.3794
  Run 440/803: mse_loss=4.6937, avg_loss=3.4605
  Run 450/803: mse_loss=3.1211, avg_loss=3.4551
  Run 460/803: mse_loss=0.7531, avg_loss=3.4086
  Run 470/803: mse_loss=2.4737, avg_loss=3.3921
  Run 480/803: mse_loss=1.5729, avg_loss=3.3776
  Run 490/803: mse_loss=1.4592, avg_loss=3.4155
  Run 500/803: mse_loss=4.3370, avg_loss=3.4026
  Run 510/803: mse_loss=7.4358, avg_loss=3.5372
  Run 520/803: mse_loss=3.0468, avg_loss=3.5814
  Run 530/803: mse_loss=2.7354, avg_loss=3.5891
  Run 540/803: mse_loss=2.0130, avg_loss=3.5633
  Run 550/803: mse_loss=1.9709, avg_loss=3.5331
  Run 560/803: mse_loss=2.9776, avg_loss=3.5433
  Run 570/803: mse_loss=1.8986, avg_loss=3.5212
  Run 580/803: mse_loss=1.3647, avg_loss=3.4886
  Run 590/803: mse_loss=1.0155, avg_loss=3.4480
  Run 600/803: mse_loss=0.9299, avg_loss=3.4076
  Run 610/803: mse_loss=1.1027, avg_loss=3.3652
  Run 620/803: mse_loss=1.1734, avg_loss=3.3309
  Run 630/803: mse_loss=0.9653, avg_loss=3.2939
  Run 640/803: mse_loss=0.9021, avg_loss=3.2561
  Run 650/803: mse_loss=0.6674, avg_loss=3.2186
  Run 660/803: mse_loss=0.5519, avg_loss=3.1805
  Run 670/803: mse_loss=0.4035, avg_loss=3.1404
  Run 680/803: mse_loss=4.7770, avg_loss=3.1779
  Run 690/803: mse_loss=3.1391, avg_loss=3.1804
  Run 700/803: mse_loss=0.7292, avg_loss=3.1571
  Run 710/803: mse_loss=0.6497, avg_loss=3.1223
  Run 720/803: mse_loss=0.8987, avg_loss=3.0938
  Run 730/803: mse_loss=0.3258, avg_loss=3.0807
  Run 740/803: mse_loss=2.3766, avg_loss=3.0512
  Run 750/803: mse_loss=0.2280, avg_loss=3.0158
  Run 760/803: mse_loss=0.5545, avg_loss=2.9846
  Run 770/803: mse_loss=0.6146, avg_loss=2.9529
  Run 780/803: mse_loss=0.4397, avg_loss=2.9228
  Run 790/803: mse_loss=0.3055, avg_loss=2.8930
  Run 800/803: mse_loss=0.4301, avg_loss=2.8602
  MSE Loss: 2.8577
  Runs processed: 803
Epoch 33/50
  Run 10/803: mse_loss=1.8128, avg_loss=8.7690
  Run 20/803: mse_loss=4.0013, avg_loss=6.4391
  Run 30/803: mse_loss=1.7975, avg_loss=5.1598
  Run 40/803: mse_loss=0.4251, avg_loss=4.1824
  Run 50/803: mse_loss=2.0700, avg_loss=3.5249
  Run 60/803: mse_loss=3.0484, avg_loss=3.2818
  Run 70/803: mse_loss=1.1128, avg_loss=3.0454
  Run 80/803: mse_loss=3.0230, avg_loss=2.8270
  Run 90/803: mse_loss=1.4403, avg_loss=3.0026
  Run 100/803: mse_loss=2.0976, avg_loss=2.9483
  Run 110/803: mse_loss=7.4657, avg_loss=3.1541
  Run 120/803: mse_loss=2.1652, avg_loss=3.1483
  Run 130/803: mse_loss=16.5465, avg_loss=3.3855
  Run 140/803: mse_loss=7.7153, avg_loss=3.6330
  Run 150/803: mse_loss=2.0771, avg_loss=3.6030
  Run 160/803: mse_loss=3.5569, avg_loss=3.9190
  Run 170/803: mse_loss=12.7492, avg_loss=4.3394
  Run 180/803: mse_loss=4.8365, avg_loss=4.3121
  Run 190/803: mse_loss=2.5427, avg_loss=4.3623
  Run 200/803: mse_loss=4.2481, avg_loss=4.4121
  Run 210/803: mse_loss=5.3480, avg_loss=4.3998
  Run 220/803: mse_loss=1.5494, avg_loss=4.2941
  Run 230/803: mse_loss=0.9757, avg_loss=4.1971
  Run 240/803: mse_loss=0.8249, avg_loss=4.0939
  Run 250/803: mse_loss=8.8041, avg_loss=4.0040
  Run 260/803: mse_loss=0.6399, avg_loss=3.8773
  Run 270/803: mse_loss=0.4078, avg_loss=3.7724
  Run 280/803: mse_loss=3.9024, avg_loss=3.7298
  Run 290/803: mse_loss=0.6748, avg_loss=3.6348
  Run 300/803: mse_loss=0.9294, avg_loss=3.5633
  Run 310/803: mse_loss=1.1210, avg_loss=3.4907
  Run 320/803: mse_loss=0.4561, avg_loss=3.4039
  Run 330/803: mse_loss=0.8415, avg_loss=3.3184
  Run 340/803: mse_loss=1.4216, avg_loss=3.2539
  Run 350/803: mse_loss=0.6830, avg_loss=3.1927
  Run 360/803: mse_loss=1.8747, avg_loss=3.1599
  Run 370/803: mse_loss=0.9798, avg_loss=3.1221
  Run 380/803: mse_loss=0.6401, avg_loss=3.0788
  Run 390/803: mse_loss=3.5484, avg_loss=3.0187
  Run 400/803: mse_loss=2.0753, avg_loss=2.9611
  Run 410/803: mse_loss=2.7244, avg_loss=2.9250
  Run 420/803: mse_loss=1.3757, avg_loss=2.8924
  Run 430/803: mse_loss=2.1913, avg_loss=2.8429
  Run 440/803: mse_loss=3.8204, avg_loss=2.9291
  Run 450/803: mse_loss=2.3845, avg_loss=2.9402
  Run 460/803: mse_loss=0.7966, avg_loss=2.9043
  Run 470/803: mse_loss=2.3827, avg_loss=2.8971
  Run 480/803: mse_loss=1.8427, avg_loss=2.9189
  Run 490/803: mse_loss=2.2082, avg_loss=2.9767
  Run 500/803: mse_loss=5.5448, avg_loss=2.9780
  Run 510/803: mse_loss=16.1233, avg_loss=3.1890
  Run 520/803: mse_loss=3.8462, avg_loss=3.2337
  Run 530/803: mse_loss=1.4868, avg_loss=3.2215
  Run 540/803: mse_loss=3.8982, avg_loss=3.1966
  Run 550/803: mse_loss=1.9734, avg_loss=3.1824
  Run 560/803: mse_loss=3.2974, avg_loss=3.2084
  Run 570/803: mse_loss=2.1364, avg_loss=3.1955
  Run 580/803: mse_loss=1.5953, avg_loss=3.1720
  Run 590/803: mse_loss=1.0182, avg_loss=3.1374
  Run 600/803: mse_loss=0.8682, avg_loss=3.1006
  Run 610/803: mse_loss=1.1160, avg_loss=3.0634
  Run 620/803: mse_loss=1.1099, avg_loss=3.0336
  Run 630/803: mse_loss=0.9896, avg_loss=3.0012
  Run 640/803: mse_loss=0.8933, avg_loss=2.9685
  Run 650/803: mse_loss=0.5616, avg_loss=2.9347
  Run 660/803: mse_loss=0.5158, avg_loss=2.8995
  Run 670/803: mse_loss=0.4910, avg_loss=2.8640
  Run 680/803: mse_loss=4.3772, avg_loss=2.9045
  Run 690/803: mse_loss=2.7755, avg_loss=2.9061
  Run 700/803: mse_loss=0.5830, avg_loss=2.8869
  Run 710/803: mse_loss=0.5130, avg_loss=2.8547
  Run 720/803: mse_loss=0.6158, avg_loss=2.8290
  Run 730/803: mse_loss=0.2320, avg_loss=2.8184
  Run 740/803: mse_loss=2.4979, avg_loss=2.7931
  Run 750/803: mse_loss=0.3959, avg_loss=2.7617
  Run 760/803: mse_loss=0.6102, avg_loss=2.7362
  Run 770/803: mse_loss=0.7029, avg_loss=2.7069
  Run 780/803: mse_loss=0.4376, avg_loss=2.6790
  Run 790/803: mse_loss=0.2648, avg_loss=2.6527
  Run 800/803: mse_loss=0.2838, avg_loss=2.6227
  MSE Loss: 2.6201
  Runs processed: 803
Epoch 34/50
  Run 10/803: mse_loss=6.9107, avg_loss=8.5303
  Run 20/803: mse_loss=5.0719, avg_loss=6.8706
  Run 30/803: mse_loss=1.6395, avg_loss=5.4831
  Run 40/803: mse_loss=0.5037, avg_loss=4.3883
  Run 50/803: mse_loss=1.6130, avg_loss=3.6490
  Run 60/803: mse_loss=2.9828, avg_loss=3.3455
  Run 70/803: mse_loss=1.5786, avg_loss=3.1108
  Run 80/803: mse_loss=3.1819, avg_loss=2.8960
  Run 90/803: mse_loss=2.3192, avg_loss=3.0598
  Run 100/803: mse_loss=3.8540, avg_loss=3.0573
  Run 110/803: mse_loss=5.0724, avg_loss=3.2960
  Run 120/803: mse_loss=0.7971, avg_loss=3.2127
  Run 130/803: mse_loss=18.1013, avg_loss=3.4069
  Run 140/803: mse_loss=6.7758, avg_loss=3.5785
  Run 150/803: mse_loss=3.4065, avg_loss=3.5992
  Run 160/803: mse_loss=3.4008, avg_loss=3.8717
  Run 170/803: mse_loss=12.8704, avg_loss=4.3941
  Run 180/803: mse_loss=5.1297, avg_loss=4.3437
  Run 190/803: mse_loss=2.6178, avg_loss=4.3849
  Run 200/803: mse_loss=3.6854, avg_loss=4.4663
  Run 210/803: mse_loss=1.2110, avg_loss=4.3584
  Run 220/803: mse_loss=1.0583, avg_loss=4.2192
  Run 230/803: mse_loss=0.6401, avg_loss=4.1167
  Run 240/803: mse_loss=0.6982, avg_loss=4.0182
  Run 250/803: mse_loss=9.2576, avg_loss=3.9370
  Run 260/803: mse_loss=0.6740, avg_loss=3.8099
  Run 270/803: mse_loss=0.3371, avg_loss=3.7033
  Run 280/803: mse_loss=3.9640, avg_loss=3.6676
  Run 290/803: mse_loss=0.4723, avg_loss=3.5720
  Run 300/803: mse_loss=1.0022, avg_loss=3.5053
  Run 310/803: mse_loss=1.1169, avg_loss=3.4346
  Run 320/803: mse_loss=0.4687, avg_loss=3.3493
  Run 330/803: mse_loss=0.9155, avg_loss=3.2664
  Run 340/803: mse_loss=1.2575, avg_loss=3.2036
  Run 350/803: mse_loss=0.6932, avg_loss=3.1423
  Run 360/803: mse_loss=1.9456, avg_loss=3.1597
  Run 370/803: mse_loss=0.7353, avg_loss=3.1266
  Run 380/803: mse_loss=0.7063, avg_loss=3.0812
  Run 390/803: mse_loss=3.0166, avg_loss=3.0241
  Run 400/803: mse_loss=2.6198, avg_loss=2.9682
  Run 410/803: mse_loss=2.1964, avg_loss=2.9290
  Run 420/803: mse_loss=2.0725, avg_loss=2.9058
  Run 430/803: mse_loss=3.0748, avg_loss=2.8606
  Run 440/803: mse_loss=5.0321, avg_loss=2.9366
  Run 450/803: mse_loss=2.7478, avg_loss=2.9434
  Run 460/803: mse_loss=0.6974, avg_loss=2.9080
  Run 470/803: mse_loss=2.7177, avg_loss=2.8997
  Run 480/803: mse_loss=1.7698, avg_loss=2.9114
  Run 490/803: mse_loss=3.1007, avg_loss=2.9484
  Run 500/803: mse_loss=3.8561, avg_loss=2.9465
  Run 510/803: mse_loss=12.6138, avg_loss=3.0993
  Run 520/803: mse_loss=3.6854, avg_loss=3.1201
  Run 530/803: mse_loss=1.6848, avg_loss=3.1208
  Run 540/803: mse_loss=4.8346, avg_loss=3.1034
  Run 550/803: mse_loss=3.1836, avg_loss=3.1069
  Run 560/803: mse_loss=2.4937, avg_loss=3.1029
  Run 570/803: mse_loss=1.8163, avg_loss=3.0846
  Run 580/803: mse_loss=1.2849, avg_loss=3.0570
  Run 590/803: mse_loss=1.2204, avg_loss=3.0238
  Run 600/803: mse_loss=0.9482, avg_loss=2.9923
  Run 610/803: mse_loss=1.1308, avg_loss=2.9577
  Run 620/803: mse_loss=1.1616, avg_loss=2.9291
  Run 630/803: mse_loss=0.7841, avg_loss=2.8973
  Run 640/803: mse_loss=0.8965, avg_loss=2.8651
  Run 650/803: mse_loss=0.6390, avg_loss=2.8338
  Run 660/803: mse_loss=0.5581, avg_loss=2.8005
  Run 670/803: mse_loss=0.4597, avg_loss=2.7663
  Run 680/803: mse_loss=4.4543, avg_loss=2.8075
  Run 690/803: mse_loss=3.0676, avg_loss=2.8129
  Run 700/803: mse_loss=1.6993, avg_loss=2.8029
  Run 710/803: mse_loss=0.4723, avg_loss=2.7750
  Run 720/803: mse_loss=0.6906, avg_loss=2.7481
  Run 730/803: mse_loss=0.1449, avg_loss=2.7368
  Run 740/803: mse_loss=1.9183, avg_loss=2.7109
  Run 750/803: mse_loss=0.5077, avg_loss=2.6814
  Run 760/803: mse_loss=0.5762, avg_loss=2.6567
  Run 770/803: mse_loss=0.9437, avg_loss=2.6303
  Run 780/803: mse_loss=0.4762, avg_loss=2.6059
  Run 790/803: mse_loss=0.1913, avg_loss=2.5792
  Run 800/803: mse_loss=0.1878, avg_loss=2.5501
  MSE Loss: 2.5464
  Runs processed: 803
  Saved best model (loss: 2.5464)
Epoch 35/50
  Run 10/803: mse_loss=6.1461, avg_loss=8.8603
  Run 20/803: mse_loss=5.0613, avg_loss=6.8692
  Run 30/803: mse_loss=1.5155, avg_loss=5.5678
  Run 40/803: mse_loss=0.9259, avg_loss=4.5040
  Run 50/803: mse_loss=1.5304, avg_loss=3.7510
  Run 60/803: mse_loss=2.9665, avg_loss=3.4437
  Run 70/803: mse_loss=1.8113, avg_loss=3.2085
  Run 80/803: mse_loss=3.1223, avg_loss=2.9893
  Run 90/803: mse_loss=3.9846, avg_loss=3.2063
  Run 100/803: mse_loss=4.6015, avg_loss=3.2057
  Run 110/803: mse_loss=6.2234, avg_loss=3.5249
  Run 120/803: mse_loss=1.1414, avg_loss=3.4163
  Run 130/803: mse_loss=43.8245, avg_loss=4.0791
  Run 140/803: mse_loss=4.0072, avg_loss=4.4035
  Run 150/803: mse_loss=2.3950, avg_loss=4.3192
  Run 160/803: mse_loss=5.2938, avg_loss=4.4502
  Run 170/803: mse_loss=6.8588, avg_loss=4.6249
  Run 180/803: mse_loss=4.8560, avg_loss=4.5801
  Run 190/803: mse_loss=4.5821, avg_loss=4.9111
  Run 200/803: mse_loss=3.7806, avg_loss=5.2061
  Run 210/803: mse_loss=2.7023, avg_loss=5.1052
  Run 220/803: mse_loss=1.0697, avg_loss=4.9447
  Run 230/803: mse_loss=1.1265, avg_loss=4.8104
  Run 240/803: mse_loss=0.7237, avg_loss=4.6859
  Run 250/803: mse_loss=8.6313, avg_loss=4.5700
  Run 260/803: mse_loss=0.6834, avg_loss=4.4209
  Run 270/803: mse_loss=0.3990, avg_loss=4.2920
  Run 280/803: mse_loss=3.9203, avg_loss=4.2308
  Run 290/803: mse_loss=0.6028, avg_loss=4.1177
  Run 300/803: mse_loss=1.1548, avg_loss=4.0385
  Run 310/803: mse_loss=1.0284, avg_loss=3.9532
  Run 320/803: mse_loss=0.3883, avg_loss=3.8512
  Run 330/803: mse_loss=0.8347, avg_loss=3.7514
  Run 340/803: mse_loss=1.3564, avg_loss=3.6751
  Run 350/803: mse_loss=0.7101, avg_loss=3.6000
  Run 360/803: mse_loss=1.9897, avg_loss=3.5505
  Run 370/803: mse_loss=1.3281, avg_loss=3.5012
  Run 380/803: mse_loss=0.7472, avg_loss=3.4527
  Run 390/803: mse_loss=3.4595, avg_loss=3.3822
  Run 400/803: mse_loss=2.0925, avg_loss=3.3150
  Run 410/803: mse_loss=2.7057, avg_loss=3.2665
  Run 420/803: mse_loss=1.2618, avg_loss=3.2210
  Run 430/803: mse_loss=3.1852, avg_loss=3.1649
  Run 440/803: mse_loss=3.4303, avg_loss=3.2225
  Run 450/803: mse_loss=2.3333, avg_loss=3.2154
  Run 460/803: mse_loss=1.1633, avg_loss=3.1823
  Run 470/803: mse_loss=2.4829, avg_loss=3.1678
  Run 480/803: mse_loss=2.0421, avg_loss=3.1938
  Run 490/803: mse_loss=2.1202, avg_loss=3.2376
  Run 500/803: mse_loss=4.4157, avg_loss=3.2290
  Run 510/803: mse_loss=10.3088, avg_loss=3.3790
  Run 520/803: mse_loss=2.9294, avg_loss=3.3984
  Run 530/803: mse_loss=1.4629, avg_loss=3.3810
  Run 540/803: mse_loss=2.6006, avg_loss=3.3485
  Run 550/803: mse_loss=1.6562, avg_loss=3.3216
  Run 560/803: mse_loss=2.7844, avg_loss=3.3346
  Run 570/803: mse_loss=2.0083, avg_loss=3.3214
  Run 580/803: mse_loss=1.2730, avg_loss=3.2931
  Run 590/803: mse_loss=0.9428, avg_loss=3.2549
  Run 600/803: mse_loss=0.8567, avg_loss=3.2170
  Run 610/803: mse_loss=1.1375, avg_loss=3.1788
  Run 620/803: mse_loss=1.1742, avg_loss=3.1480
  Run 630/803: mse_loss=1.0895, avg_loss=3.1151
  Run 640/803: mse_loss=0.9117, avg_loss=3.0812
  Run 650/803: mse_loss=0.6899, avg_loss=3.0466
  Run 660/803: mse_loss=0.4135, avg_loss=3.0096
  Run 670/803: mse_loss=0.3882, avg_loss=2.9708
  Run 680/803: mse_loss=4.6824, avg_loss=3.0085
  Run 690/803: mse_loss=3.2273, avg_loss=3.0137
  Run 700/803: mse_loss=0.6597, avg_loss=2.9928
  Run 710/803: mse_loss=0.6438, avg_loss=2.9597
  Run 720/803: mse_loss=0.7047, avg_loss=2.9322
  Run 730/803: mse_loss=0.3412, avg_loss=2.9193
  Run 740/803: mse_loss=2.5362, avg_loss=2.8913
  Run 750/803: mse_loss=0.2893, avg_loss=2.8574
  Run 760/803: mse_loss=0.6146, avg_loss=2.8293
  Run 770/803: mse_loss=0.8433, avg_loss=2.8003
  Run 780/803: mse_loss=0.5242, avg_loss=2.7741
  Run 790/803: mse_loss=0.3060, avg_loss=2.7459
  Run 800/803: mse_loss=0.2778, avg_loss=2.7150
  MSE Loss: 2.7109
  Runs processed: 803
Epoch 36/50
  Run 10/803: mse_loss=2.4629, avg_loss=4.9257
  Run 20/803: mse_loss=5.9655, avg_loss=5.0940
  Run 30/803: mse_loss=1.6435, avg_loss=4.3864
  Run 40/803: mse_loss=0.4967, avg_loss=3.5865
  Run 50/803: mse_loss=1.8164, avg_loss=3.0119
  Run 60/803: mse_loss=3.0354, avg_loss=2.8260
  Run 70/803: mse_loss=1.1157, avg_loss=2.6484
  Run 80/803: mse_loss=3.2924, avg_loss=2.4926
  Run 90/803: mse_loss=3.6766, avg_loss=2.8086
  Run 100/803: mse_loss=4.4726, avg_loss=2.8703
  Run 110/803: mse_loss=5.5462, avg_loss=3.4017
  Run 120/803: mse_loss=0.9486, avg_loss=3.2799
  Run 130/803: mse_loss=44.6050, avg_loss=3.8684
  Run 140/803: mse_loss=11.5309, avg_loss=4.5358
  Run 150/803: mse_loss=5.1038, avg_loss=4.6436
  Run 160/803: mse_loss=5.4269, avg_loss=5.1274
  Run 170/803: mse_loss=8.7545, avg_loss=5.4378
  Run 180/803: mse_loss=3.2649, avg_loss=5.3200
  Run 190/803: mse_loss=5.6992, avg_loss=5.5914
  Run 200/803: mse_loss=6.3007, avg_loss=6.0101
  Run 210/803: mse_loss=2.2521, avg_loss=5.8735
  Run 220/803: mse_loss=1.0745, avg_loss=5.6729
  Run 230/803: mse_loss=0.8328, avg_loss=5.5058
  Run 240/803: mse_loss=0.7632, avg_loss=5.3449
  Run 250/803: mse_loss=10.3508, avg_loss=5.2142
  Run 260/803: mse_loss=0.5775, avg_loss=5.0368
  Run 270/803: mse_loss=0.3158, avg_loss=4.8788
  Run 280/803: mse_loss=3.8401, avg_loss=4.7981
  Run 290/803: mse_loss=0.6281, avg_loss=4.6652
  Run 300/803: mse_loss=0.9577, avg_loss=4.5547
  Run 310/803: mse_loss=1.2278, avg_loss=4.4460
  Run 320/803: mse_loss=0.4566, avg_loss=4.3381
  Run 330/803: mse_loss=0.8821, avg_loss=4.2254
  Run 340/803: mse_loss=1.2923, avg_loss=4.1359
  Run 350/803: mse_loss=0.6781, avg_loss=4.0468
  Run 360/803: mse_loss=1.5684, avg_loss=3.9817
  Run 370/803: mse_loss=0.9990, avg_loss=3.9201
  Run 380/803: mse_loss=0.6520, avg_loss=3.8579
  Run 390/803: mse_loss=3.6028, avg_loss=3.7791
  Run 400/803: mse_loss=2.2052, avg_loss=3.7035
  Run 410/803: mse_loss=2.5876, avg_loss=3.6493
  Run 420/803: mse_loss=1.4368, avg_loss=3.5976
  Run 430/803: mse_loss=2.6182, avg_loss=3.5328
  Run 440/803: mse_loss=2.9755, avg_loss=3.5608
  Run 450/803: mse_loss=3.0478, avg_loss=3.5481
  Run 460/803: mse_loss=1.1403, avg_loss=3.5060
  Run 470/803: mse_loss=2.2443, avg_loss=3.4852
  Run 480/803: mse_loss=1.9493, avg_loss=3.5244
  Run 490/803: mse_loss=3.6845, avg_loss=3.5549
  Run 500/803: mse_loss=4.0961, avg_loss=3.5426
  Run 510/803: mse_loss=11.6022, avg_loss=3.6952
  Run 520/803: mse_loss=3.0157, avg_loss=3.7083
  Run 530/803: mse_loss=1.5288, avg_loss=3.6856
  Run 540/803: mse_loss=2.3493, avg_loss=3.6483
  Run 550/803: mse_loss=1.7168, avg_loss=3.6154
  Run 560/803: mse_loss=2.4302, avg_loss=3.6153
  Run 570/803: mse_loss=1.4078, avg_loss=3.5838
  Run 580/803: mse_loss=1.2261, avg_loss=3.5443
  Run 590/803: mse_loss=0.8998, avg_loss=3.4998
  Run 600/803: mse_loss=0.8996, avg_loss=3.4588
  Run 610/803: mse_loss=1.2776, avg_loss=3.4183
  Run 620/803: mse_loss=1.2024, avg_loss=3.3837
  Run 630/803: mse_loss=0.9696, avg_loss=3.3461
  Run 640/803: mse_loss=0.9716, avg_loss=3.3086
  Run 650/803: mse_loss=0.7432, avg_loss=3.2718
  Run 660/803: mse_loss=0.5727, avg_loss=3.2324
  Run 670/803: mse_loss=0.5647, avg_loss=3.1930
  Run 680/803: mse_loss=4.9700, avg_loss=3.2328
  Run 690/803: mse_loss=3.2021, avg_loss=3.2350
  Run 700/803: mse_loss=1.9491, avg_loss=3.2278
  Run 710/803: mse_loss=0.4361, avg_loss=3.1927
  Run 720/803: mse_loss=0.6605, avg_loss=3.1628
  Run 730/803: mse_loss=0.3614, avg_loss=3.1486
  Run 740/803: mse_loss=2.5155, avg_loss=3.1183
  Run 750/803: mse_loss=0.3650, avg_loss=3.0818
  Run 760/803: mse_loss=0.4706, avg_loss=3.0499
  Run 770/803: mse_loss=0.6050, avg_loss=3.0172
  Run 780/803: mse_loss=0.6584, avg_loss=2.9874
  Run 790/803: mse_loss=0.2161, avg_loss=2.9601
  Run 800/803: mse_loss=0.3613, avg_loss=2.9261
  MSE Loss: 2.9220
  Runs processed: 803
Epoch 37/50
  Run 10/803: mse_loss=5.3236, avg_loss=6.3458
  Run 20/803: mse_loss=5.1912, avg_loss=5.7815
  Run 30/803: mse_loss=1.4933, avg_loss=4.6929
  Run 40/803: mse_loss=0.6339, avg_loss=3.8057
  Run 50/803: mse_loss=1.7152, avg_loss=3.1854
  Run 60/803: mse_loss=3.0127, avg_loss=2.9764
  Run 70/803: mse_loss=1.5754, avg_loss=2.7910
  Run 80/803: mse_loss=2.9713, avg_loss=2.6117
  Run 90/803: mse_loss=4.3745, avg_loss=3.0261
  Run 100/803: mse_loss=2.4791, avg_loss=3.1233
  Run 110/803: mse_loss=5.3895, avg_loss=3.2314
  Run 120/803: mse_loss=0.7818, avg_loss=3.1313
  Run 130/803: mse_loss=24.3801, avg_loss=3.3712
  Run 140/803: mse_loss=10.5937, avg_loss=3.7777
  Run 150/803: mse_loss=1.9785, avg_loss=3.7715
  Run 160/803: mse_loss=5.3453, avg_loss=4.3541
  Run 170/803: mse_loss=10.1433, avg_loss=4.6004
  Run 180/803: mse_loss=4.1056, avg_loss=4.6047
  Run 190/803: mse_loss=14.2098, avg_loss=5.1559
  Run 200/803: mse_loss=7.1772, avg_loss=5.5151
  Run 210/803: mse_loss=2.4032, avg_loss=5.3805
  Run 220/803: mse_loss=0.9356, avg_loss=5.2051
  Run 230/803: mse_loss=0.6171, avg_loss=5.0674
  Run 240/803: mse_loss=0.7481, avg_loss=4.9315
  Run 250/803: mse_loss=9.2501, avg_loss=4.8106
  Run 260/803: mse_loss=0.5491, avg_loss=4.6483
  Run 270/803: mse_loss=0.3637, avg_loss=4.5087
  Run 280/803: mse_loss=3.7683, avg_loss=4.4381
  Run 290/803: mse_loss=0.5985, avg_loss=4.3161
  Run 300/803: mse_loss=1.0800, avg_loss=4.2268
  Run 310/803: mse_loss=1.0340, avg_loss=4.1337
  Run 320/803: mse_loss=0.5478, avg_loss=4.0337
  Run 330/803: mse_loss=0.9343, avg_loss=3.9301
  Run 340/803: mse_loss=1.2723, avg_loss=3.8472
  Run 350/803: mse_loss=0.6693, avg_loss=3.7671
  Run 360/803: mse_loss=1.4143, avg_loss=3.7080
  Run 370/803: mse_loss=1.2351, avg_loss=3.6679
  Run 380/803: mse_loss=1.0450, avg_loss=3.6161
  Run 390/803: mse_loss=3.4909, avg_loss=3.5450
  Run 400/803: mse_loss=1.4661, avg_loss=3.4744
  Run 410/803: mse_loss=2.9277, avg_loss=3.4242
  Run 420/803: mse_loss=1.2543, avg_loss=3.3753
  Run 430/803: mse_loss=2.0763, avg_loss=3.3151
  Run 440/803: mse_loss=3.8590, avg_loss=3.3612
  Run 450/803: mse_loss=1.9123, avg_loss=3.3476
  Run 460/803: mse_loss=0.6002, avg_loss=3.2983
  Run 470/803: mse_loss=2.6266, avg_loss=3.2805
  Run 480/803: mse_loss=6.0292, avg_loss=3.4140
  Run 490/803: mse_loss=2.1003, avg_loss=3.4676
  Run 500/803: mse_loss=3.2195, avg_loss=3.4460
  Run 510/803: mse_loss=9.0800, avg_loss=3.5562
  Run 520/803: mse_loss=3.4524, avg_loss=3.5807
  Run 530/803: mse_loss=1.7217, avg_loss=3.5777
  Run 540/803: mse_loss=3.7898, avg_loss=3.5502
  Run 550/803: mse_loss=2.0615, avg_loss=3.5283
  Run 560/803: mse_loss=3.1876, avg_loss=3.5413
  Run 570/803: mse_loss=1.9982, avg_loss=3.5198
  Run 580/803: mse_loss=1.3992, avg_loss=3.4869
  Run 590/803: mse_loss=0.9386, avg_loss=3.4447
  Run 600/803: mse_loss=0.9960, avg_loss=3.4053
  Run 610/803: mse_loss=1.1904, avg_loss=3.3642
  Run 620/803: mse_loss=1.1584, avg_loss=3.3292
  Run 630/803: mse_loss=1.0383, avg_loss=3.2926
  Run 640/803: mse_loss=1.0207, avg_loss=3.2554
  Run 650/803: mse_loss=0.6227, avg_loss=3.2186
  Run 660/803: mse_loss=0.5106, avg_loss=3.1796
  Run 670/803: mse_loss=0.4876, avg_loss=3.1395
  Run 680/803: mse_loss=4.1154, avg_loss=3.1734
  Run 690/803: mse_loss=2.8050, avg_loss=3.1710
  Run 700/803: mse_loss=1.0868, avg_loss=3.1485
  Run 710/803: mse_loss=0.7493, avg_loss=3.1150
  Run 720/803: mse_loss=0.8503, avg_loss=3.0858
  Run 730/803: mse_loss=0.3824, avg_loss=3.0717
  Run 740/803: mse_loss=2.2897, avg_loss=3.0418
  Run 750/803: mse_loss=0.4172, avg_loss=3.0069
  Run 760/803: mse_loss=0.5916, avg_loss=2.9768
  Run 770/803: mse_loss=0.6530, avg_loss=2.9456
  Run 780/803: mse_loss=0.5625, avg_loss=2.9160
  Run 790/803: mse_loss=0.1601, avg_loss=2.8866
  Run 800/803: mse_loss=0.2878, avg_loss=2.8528
  MSE Loss: 2.8491
  Runs processed: 803
Epoch 38/50
  Run 10/803: mse_loss=3.6082, avg_loss=7.9202
  Run 20/803: mse_loss=5.7091, avg_loss=6.2047
  Run 30/803: mse_loss=1.5674, avg_loss=5.0926
  Run 40/803: mse_loss=0.6858, avg_loss=4.1553
  Run 50/803: mse_loss=1.7892, avg_loss=3.4782
  Run 60/803: mse_loss=2.7380, avg_loss=3.2308
  Run 70/803: mse_loss=1.3348, avg_loss=2.9904
  Run 80/803: mse_loss=2.9547, avg_loss=2.7756
  Run 90/803: mse_loss=1.3567, avg_loss=2.7243
  Run 100/803: mse_loss=1.7024, avg_loss=2.6742
  Run 110/803: mse_loss=4.1486, avg_loss=2.9542
  Run 120/803: mse_loss=1.2147, avg_loss=2.8673
  Run 130/803: mse_loss=10.0331, avg_loss=2.8999
  Run 140/803: mse_loss=11.9320, avg_loss=3.2856
  Run 150/803: mse_loss=3.2018, avg_loss=3.4379
  Run 160/803: mse_loss=3.8320, avg_loss=3.6641
  Run 170/803: mse_loss=9.9692, avg_loss=4.0722
  Run 180/803: mse_loss=4.4835, avg_loss=4.0630
  Run 190/803: mse_loss=1.5752, avg_loss=4.0325
  Run 200/803: mse_loss=3.1761, avg_loss=3.9846
  Run 210/803: mse_loss=1.9351, avg_loss=3.9398
  Run 220/803: mse_loss=0.8528, avg_loss=3.8279
  Run 230/803: mse_loss=0.7621, avg_loss=3.7364
  Run 240/803: mse_loss=0.7572, avg_loss=3.6563
  Run 250/803: mse_loss=8.6135, avg_loss=3.5824
  Run 260/803: mse_loss=0.5973, avg_loss=3.4616
  Run 270/803: mse_loss=0.3658, avg_loss=3.3640
  Run 280/803: mse_loss=3.6869, avg_loss=3.3324
  Run 290/803: mse_loss=0.4437, avg_loss=3.2461
  Run 300/803: mse_loss=1.0210, avg_loss=3.1886
  Run 310/803: mse_loss=1.0309, avg_loss=3.1277
  Run 320/803: mse_loss=0.5072, avg_loss=3.0578
  Run 330/803: mse_loss=0.7130, avg_loss=2.9823
  Run 340/803: mse_loss=1.5039, avg_loss=2.9289
  Run 350/803: mse_loss=0.7648, avg_loss=2.8758
  Run 360/803: mse_loss=1.9682, avg_loss=2.8482
  Run 370/803: mse_loss=0.7652, avg_loss=2.8196
  Run 380/803: mse_loss=0.8692, avg_loss=2.7851
  Run 390/803: mse_loss=3.9348, avg_loss=2.7360
  Run 400/803: mse_loss=2.2396, avg_loss=2.6883
  Run 410/803: mse_loss=2.6120, avg_loss=2.6608
  Run 420/803: mse_loss=1.7729, avg_loss=2.6366
  Run 430/803: mse_loss=2.7578, avg_loss=2.5974
  Run 440/803: mse_loss=3.4186, avg_loss=2.6659
  Run 450/803: mse_loss=2.3832, avg_loss=2.6744
  Run 460/803: mse_loss=0.6558, avg_loss=2.6439
  Run 470/803: mse_loss=2.6631, avg_loss=2.6430
  Run 480/803: mse_loss=1.5562, avg_loss=2.6320
  Run 490/803: mse_loss=2.1080, avg_loss=2.6820
  Run 500/803: mse_loss=4.2201, avg_loss=2.6815
  Run 510/803: mse_loss=10.7021, avg_loss=2.8478
  Run 520/803: mse_loss=3.1243, avg_loss=2.8767
  Run 530/803: mse_loss=1.7797, avg_loss=2.8841
  Run 540/803: mse_loss=4.1127, avg_loss=2.8663
  Run 550/803: mse_loss=1.7519, avg_loss=2.8555
  Run 560/803: mse_loss=2.7244, avg_loss=2.8704
  Run 570/803: mse_loss=1.8293, avg_loss=2.8574
  Run 580/803: mse_loss=1.2819, avg_loss=2.8352
  Run 590/803: mse_loss=0.8280, avg_loss=2.8041
  Run 600/803: mse_loss=1.0465, avg_loss=2.7768
  Run 610/803: mse_loss=1.1718, avg_loss=2.7466
  Run 620/803: mse_loss=1.1228, avg_loss=2.7204
  Run 630/803: mse_loss=0.8410, avg_loss=2.6918
  Run 640/803: mse_loss=0.9663, avg_loss=2.6638
  Run 650/803: mse_loss=0.6308, avg_loss=2.6360
  Run 660/803: mse_loss=0.4485, avg_loss=2.6050
  Run 670/803: mse_loss=0.4243, avg_loss=2.5727
  Run 680/803: mse_loss=4.5840, avg_loss=2.6174
  Run 690/803: mse_loss=3.3257, avg_loss=2.6291
  Run 700/803: mse_loss=1.6529, avg_loss=2.6204
  Run 710/803: mse_loss=0.5565, avg_loss=2.5944
  Run 720/803: mse_loss=0.8624, avg_loss=2.5736
  Run 730/803: mse_loss=0.5722, avg_loss=2.5684
  Run 740/803: mse_loss=2.5608, avg_loss=2.5464
  Run 750/803: mse_loss=0.3946, avg_loss=2.5183
  Run 760/803: mse_loss=0.4649, avg_loss=2.4970
  Run 770/803: mse_loss=0.6935, avg_loss=2.4710
  Run 780/803: mse_loss=0.3397, avg_loss=2.4473
  Run 790/803: mse_loss=0.2255, avg_loss=2.4247
  Run 800/803: mse_loss=0.3749, avg_loss=2.3974
  MSE Loss: 2.3956
  Runs processed: 803
  Saved best model (loss: 2.3956)
Epoch 39/50
  Run 10/803: mse_loss=2.5044, avg_loss=4.3736
  Run 20/803: mse_loss=5.3193, avg_loss=4.5955
  Run 30/803: mse_loss=1.8217, avg_loss=3.9660
  Run 40/803: mse_loss=0.4794, avg_loss=3.2406
  Run 50/803: mse_loss=1.6344, avg_loss=2.7617
  Run 60/803: mse_loss=2.7094, avg_loss=2.6114
  Run 70/803: mse_loss=1.1366, avg_loss=2.4585
  Run 80/803: mse_loss=2.9870, avg_loss=2.3089
  Run 90/803: mse_loss=5.8550, avg_loss=2.9094
  Run 100/803: mse_loss=2.4723, avg_loss=3.0476
  Run 110/803: mse_loss=1.5084, avg_loss=3.0414
  Run 120/803: mse_loss=0.7143, avg_loss=2.8849
  Run 130/803: mse_loss=8.1684, avg_loss=2.9179
  Run 140/803: mse_loss=12.0941, avg_loss=3.2685
  Run 150/803: mse_loss=5.0982, avg_loss=3.4932
  Run 160/803: mse_loss=6.4903, avg_loss=3.7004
  Run 170/803: mse_loss=5.9305, avg_loss=4.3514
  Run 180/803: mse_loss=4.0607, avg_loss=4.3338
  Run 190/803: mse_loss=2.5209, avg_loss=4.5092
  Run 200/803: mse_loss=2.1757, avg_loss=4.4463
  Run 210/803: mse_loss=2.1057, avg_loss=4.3191
  Run 220/803: mse_loss=1.1013, avg_loss=4.1895
  Run 230/803: mse_loss=0.8897, avg_loss=4.0918
  Run 240/803: mse_loss=0.7181, avg_loss=3.9936
  Run 250/803: mse_loss=9.7186, avg_loss=3.9106
  Run 260/803: mse_loss=0.6318, avg_loss=3.7861
  Run 270/803: mse_loss=0.2943, avg_loss=3.6784
  Run 280/803: mse_loss=3.5773, avg_loss=3.6363
  Run 290/803: mse_loss=0.6520, avg_loss=3.5406
  Run 300/803: mse_loss=1.2171, avg_loss=3.4776
  Run 310/803: mse_loss=1.1618, avg_loss=3.4175
  Run 320/803: mse_loss=0.6628, avg_loss=3.3420
  Run 330/803: mse_loss=0.8272, avg_loss=3.2614
  Run 340/803: mse_loss=1.6617, avg_loss=3.1991
  Run 350/803: mse_loss=0.6879, avg_loss=3.1393
  Run 360/803: mse_loss=1.2624, avg_loss=3.1070
  Run 370/803: mse_loss=1.0455, avg_loss=3.0774
  Run 380/803: mse_loss=1.0170, avg_loss=3.0379
  Run 390/803: mse_loss=3.0941, avg_loss=2.9789
  Run 400/803: mse_loss=2.2696, avg_loss=2.9217
  Run 410/803: mse_loss=2.8067, avg_loss=2.8883
  Run 420/803: mse_loss=1.3802, avg_loss=2.8544
  Run 430/803: mse_loss=2.2045, avg_loss=2.8062
  Run 440/803: mse_loss=3.4143, avg_loss=2.8557
  Run 450/803: mse_loss=2.2711, avg_loss=2.8584
  Run 460/803: mse_loss=1.0057, avg_loss=2.8261
  Run 470/803: mse_loss=2.3076, avg_loss=2.8187
  Run 480/803: mse_loss=3.0311, avg_loss=2.8764
  Run 490/803: mse_loss=2.3909, avg_loss=2.9243
  Run 500/803: mse_loss=5.1561, avg_loss=2.9281
  Run 510/803: mse_loss=14.2906, avg_loss=3.0969
  Run 520/803: mse_loss=3.3003, avg_loss=3.1234
  Run 530/803: mse_loss=1.5642, avg_loss=3.1071
  Run 540/803: mse_loss=2.8341, avg_loss=3.0841
  Run 550/803: mse_loss=1.7890, avg_loss=3.0630
  Run 560/803: mse_loss=2.5190, avg_loss=3.0669
  Run 570/803: mse_loss=1.6362, avg_loss=3.0471
  Run 580/803: mse_loss=1.1203, avg_loss=3.0165
  Run 590/803: mse_loss=1.0147, avg_loss=2.9820
  Run 600/803: mse_loss=0.9598, avg_loss=2.9508
  Run 610/803: mse_loss=1.1188, avg_loss=2.9182
  Run 620/803: mse_loss=1.2398, avg_loss=2.8895
  Run 630/803: mse_loss=1.0599, avg_loss=2.8604
  Run 640/803: mse_loss=0.9569, avg_loss=2.8297
  Run 650/803: mse_loss=0.6546, avg_loss=2.7999
  Run 660/803: mse_loss=0.4444, avg_loss=2.7665
  Run 670/803: mse_loss=0.4412, avg_loss=2.7319
  Run 680/803: mse_loss=4.4219, avg_loss=2.7726
  Run 690/803: mse_loss=3.2225, avg_loss=2.7802
  Run 700/803: mse_loss=0.9081, avg_loss=2.7657
  Run 710/803: mse_loss=0.4598, avg_loss=2.7350
  Run 720/803: mse_loss=0.9650, avg_loss=2.7107
  Run 730/803: mse_loss=0.7737, avg_loss=2.7040
  Run 740/803: mse_loss=2.7318, avg_loss=2.6846
  Run 750/803: mse_loss=0.4429, avg_loss=2.6539
  Run 760/803: mse_loss=0.9627, avg_loss=2.6305
  Run 770/803: mse_loss=0.5342, avg_loss=2.6084
  Run 780/803: mse_loss=0.6057, avg_loss=2.5847
  Run 790/803: mse_loss=0.1328, avg_loss=2.5582
  Run 800/803: mse_loss=0.3430, avg_loss=2.5287
  MSE Loss: 2.5267
  Runs processed: 803
Epoch 40/50
  Run 10/803: mse_loss=2.1184, avg_loss=7.5567
  Run 20/803: mse_loss=5.9554, avg_loss=6.2890
  Run 30/803: mse_loss=1.9358, avg_loss=5.0757
  Run 40/803: mse_loss=0.5978, avg_loss=4.0585
  Run 50/803: mse_loss=1.6868, avg_loss=3.3981
  Run 60/803: mse_loss=2.4482, avg_loss=3.1615
  Run 70/803: mse_loss=1.1361, avg_loss=2.9534
  Run 80/803: mse_loss=3.0824, avg_loss=2.7426
  Run 90/803: mse_loss=1.6169, avg_loss=2.9036
  Run 100/803: mse_loss=2.4278, avg_loss=2.8868
  Run 110/803: mse_loss=4.9191, avg_loss=3.3741
  Run 120/803: mse_loss=1.6347, avg_loss=3.3584
  Run 130/803: mse_loss=14.2958, avg_loss=3.4574
  Run 140/803: mse_loss=3.7931, avg_loss=3.6073
  Run 150/803: mse_loss=4.0060, avg_loss=3.6293
  Run 160/803: mse_loss=9.6420, avg_loss=3.9645
  Run 170/803: mse_loss=5.9880, avg_loss=4.3487
  Run 180/803: mse_loss=6.7271, avg_loss=4.4743
  Run 190/803: mse_loss=1.2574, avg_loss=4.4345
  Run 200/803: mse_loss=5.1354, avg_loss=4.4095
  Run 210/803: mse_loss=5.0049, avg_loss=4.3585
  Run 220/803: mse_loss=1.3289, avg_loss=4.2708
  Run 230/803: mse_loss=0.8940, avg_loss=4.1896
  Run 240/803: mse_loss=1.0165, avg_loss=4.0847
  Run 250/803: mse_loss=10.3741, avg_loss=4.0069
  Run 260/803: mse_loss=0.5384, avg_loss=3.8752
  Run 270/803: mse_loss=0.3424, avg_loss=3.7584
  Run 280/803: mse_loss=3.6048, avg_loss=3.7131
  Run 290/803: mse_loss=0.5310, avg_loss=3.6143
  Run 300/803: mse_loss=1.0810, avg_loss=3.5443
  Run 310/803: mse_loss=1.1435, avg_loss=3.4737
  Run 320/803: mse_loss=0.4681, avg_loss=3.3888
  Run 330/803: mse_loss=0.7353, avg_loss=3.3045
  Run 340/803: mse_loss=1.3527, avg_loss=3.2416
  Run 350/803: mse_loss=0.7243, avg_loss=3.1799
  Run 360/803: mse_loss=1.6035, avg_loss=3.1464
  Run 370/803: mse_loss=1.2674, avg_loss=3.1119
  Run 380/803: mse_loss=0.9030, avg_loss=3.0720
  Run 390/803: mse_loss=3.2724, avg_loss=3.0124
  Run 400/803: mse_loss=1.9897, avg_loss=2.9545
  Run 410/803: mse_loss=1.7387, avg_loss=2.9151
  Run 420/803: mse_loss=0.9013, avg_loss=2.8959
  Run 430/803: mse_loss=3.1546, avg_loss=2.8591
  Run 440/803: mse_loss=6.1271, avg_loss=2.9698
  Run 450/803: mse_loss=2.8640, avg_loss=2.9900
  Run 460/803: mse_loss=1.1283, avg_loss=2.9661
  Run 470/803: mse_loss=2.1829, avg_loss=2.9485
  Run 480/803: mse_loss=4.1525, avg_loss=3.1001
  Run 490/803: mse_loss=2.1281, avg_loss=3.1556
  Run 500/803: mse_loss=3.3795, avg_loss=3.1400
  Run 510/803: mse_loss=9.6941, avg_loss=3.2680
  Run 520/803: mse_loss=3.2399, avg_loss=3.2894
  Run 530/803: mse_loss=2.2260, avg_loss=3.2986
  Run 540/803: mse_loss=3.6336, avg_loss=3.2749
  Run 550/803: mse_loss=3.1091, avg_loss=3.2704
  Run 560/803: mse_loss=2.8200, avg_loss=3.3044
  Run 570/803: mse_loss=2.7653, avg_loss=3.3083
  Run 580/803: mse_loss=1.5523, avg_loss=3.2874
  Run 590/803: mse_loss=1.0350, avg_loss=3.2515
  Run 600/803: mse_loss=0.9981, avg_loss=3.2160
  Run 610/803: mse_loss=1.1712, avg_loss=3.1778
  Run 620/803: mse_loss=1.2028, avg_loss=3.1457
  Run 630/803: mse_loss=0.9287, avg_loss=3.1115
  Run 640/803: mse_loss=0.8583, avg_loss=3.0752
  Run 650/803: mse_loss=0.6758, avg_loss=3.0404
  Run 660/803: mse_loss=0.4692, avg_loss=3.0032
  Run 670/803: mse_loss=0.4631, avg_loss=2.9655
  Run 680/803: mse_loss=4.5344, avg_loss=3.0044
  Run 690/803: mse_loss=3.1865, avg_loss=3.0086
  Run 700/803: mse_loss=0.9771, avg_loss=3.0118
  Run 710/803: mse_loss=0.7133, avg_loss=2.9827
  Run 720/803: mse_loss=1.0385, avg_loss=2.9597
  Run 730/803: mse_loss=0.3388, avg_loss=2.9480
  Run 740/803: mse_loss=2.6096, avg_loss=2.9211
  Run 750/803: mse_loss=0.3872, avg_loss=2.8867
  Run 760/803: mse_loss=0.6706, avg_loss=2.8583
  Run 770/803: mse_loss=0.6797, avg_loss=2.8287
  Run 780/803: mse_loss=0.3423, avg_loss=2.8000
  Run 790/803: mse_loss=0.2250, avg_loss=2.7717
  Run 800/803: mse_loss=0.3285, avg_loss=2.7404
  MSE Loss: 2.7365
  Runs processed: 803
Epoch 41/50
  Run 10/803: mse_loss=4.2128, avg_loss=4.5169
  Run 20/803: mse_loss=3.6366, avg_loss=3.9256
  Run 30/803: mse_loss=1.3813, avg_loss=3.3676
  Run 40/803: mse_loss=0.4844, avg_loss=2.7526
  Run 50/803: mse_loss=2.0553, avg_loss=2.3642
  Run 60/803: mse_loss=2.7600, avg_loss=2.2823
  Run 70/803: mse_loss=1.2339, avg_loss=2.1673
  Run 80/803: mse_loss=3.1841, avg_loss=2.0625
  Run 90/803: mse_loss=2.1797, avg_loss=2.2469
  Run 100/803: mse_loss=3.7537, avg_loss=2.2961
  Run 110/803: mse_loss=4.6906, avg_loss=2.8234
  Run 120/803: mse_loss=1.1714, avg_loss=2.7660
  Run 130/803: mse_loss=17.8027, avg_loss=2.9893
  Run 140/803: mse_loss=7.8701, avg_loss=3.3534
  Run 150/803: mse_loss=1.8169, avg_loss=3.3266
  Run 160/803: mse_loss=5.4467, avg_loss=3.5033
  Run 170/803: mse_loss=11.6134, avg_loss=3.9336
  Run 180/803: mse_loss=3.5717, avg_loss=3.9609
  Run 190/803: mse_loss=3.7014, avg_loss=3.9833
  Run 200/803: mse_loss=2.5433, avg_loss=3.9849
  Run 210/803: mse_loss=2.6491, avg_loss=3.9028
  Run 220/803: mse_loss=1.1758, avg_loss=3.7957
  Run 230/803: mse_loss=0.9940, avg_loss=3.7140
  Run 240/803: mse_loss=0.8267, avg_loss=3.6343
  Run 250/803: mse_loss=7.8558, avg_loss=3.5564
  Run 260/803: mse_loss=0.5798, avg_loss=3.4369
  Run 270/803: mse_loss=0.4034, avg_loss=3.3401
  Run 280/803: mse_loss=3.6755, avg_loss=3.3084
  Run 290/803: mse_loss=0.6683, avg_loss=3.2261
  Run 300/803: mse_loss=1.0551, avg_loss=3.1724
  Run 310/803: mse_loss=1.1269, avg_loss=3.1163
  Run 320/803: mse_loss=0.4980, avg_loss=3.0414
  Run 330/803: mse_loss=1.0837, avg_loss=2.9712
  Run 340/803: mse_loss=1.1118, avg_loss=2.9154
  Run 350/803: mse_loss=0.6924, avg_loss=2.8614
  Run 360/803: mse_loss=2.4286, avg_loss=2.9319
  Run 370/803: mse_loss=1.0293, avg_loss=2.8941
  Run 380/803: mse_loss=0.5322, avg_loss=2.8586
  Run 390/803: mse_loss=3.7140, avg_loss=2.8120
  Run 400/803: mse_loss=1.2681, avg_loss=2.7627
  Run 410/803: mse_loss=3.0913, avg_loss=2.7306
  Run 420/803: mse_loss=1.0758, avg_loss=2.6961
  Run 430/803: mse_loss=2.1243, avg_loss=2.6498
  Run 440/803: mse_loss=2.6477, avg_loss=2.7048
  Run 450/803: mse_loss=2.4155, avg_loss=2.7041
  Run 460/803: mse_loss=0.7658, avg_loss=2.6744
  Run 470/803: mse_loss=1.9417, avg_loss=2.6654
  Run 480/803: mse_loss=1.7881, avg_loss=2.6806
  Run 490/803: mse_loss=1.9721, avg_loss=2.7296
  Run 500/803: mse_loss=4.5758, avg_loss=2.7291
  Run 510/803: mse_loss=13.5471, avg_loss=2.9178
  Run 520/803: mse_loss=3.2341, avg_loss=2.9535
  Run 530/803: mse_loss=1.5117, avg_loss=2.9444
  Run 540/803: mse_loss=2.4197, avg_loss=2.9206
  Run 550/803: mse_loss=1.8839, avg_loss=2.9049
  Run 560/803: mse_loss=2.6120, avg_loss=2.9155
  Run 570/803: mse_loss=1.4656, avg_loss=2.8972
  Run 580/803: mse_loss=1.0055, avg_loss=2.8684
  Run 590/803: mse_loss=1.1079, avg_loss=2.8350
  Run 600/803: mse_loss=0.9107, avg_loss=2.8064
  Run 610/803: mse_loss=1.2589, avg_loss=2.7752
  Run 620/803: mse_loss=1.2074, avg_loss=2.7513
  Run 630/803: mse_loss=1.0034, avg_loss=2.7246
  Run 640/803: mse_loss=0.9508, avg_loss=2.6962
  Run 650/803: mse_loss=0.6840, avg_loss=2.6680
  Run 660/803: mse_loss=0.6180, avg_loss=2.6389
  Run 670/803: mse_loss=0.6535, avg_loss=2.6088
  Run 680/803: mse_loss=4.3447, avg_loss=2.6521
  Run 690/803: mse_loss=2.7174, avg_loss=2.6582
  Run 700/803: mse_loss=2.4503, avg_loss=2.6763
  Run 710/803: mse_loss=0.8881, avg_loss=2.6583
  Run 720/803: mse_loss=1.1387, avg_loss=2.6374
  Run 730/803: mse_loss=0.2716, avg_loss=2.6280
  Run 740/803: mse_loss=2.3706, avg_loss=2.6037
  Run 750/803: mse_loss=0.3343, avg_loss=2.5731
  Run 760/803: mse_loss=0.6058, avg_loss=2.5492
  Run 770/803: mse_loss=0.7637, avg_loss=2.5232
  Run 780/803: mse_loss=0.5684, avg_loss=2.5007
  Run 790/803: mse_loss=0.1965, avg_loss=2.4756
  Run 800/803: mse_loss=0.2846, avg_loss=2.4469
  MSE Loss: 2.4451
  Runs processed: 803
Epoch 42/50
  Run 10/803: mse_loss=3.3734, avg_loss=7.8453
  Run 20/803: mse_loss=4.4270, avg_loss=5.7562
  Run 30/803: mse_loss=1.7949, avg_loss=4.6517
  Run 40/803: mse_loss=0.8160, avg_loss=3.7852
  Run 50/803: mse_loss=1.6020, avg_loss=3.1944
  Run 60/803: mse_loss=2.9906, avg_loss=2.9722
  Run 70/803: mse_loss=1.5366, avg_loss=2.7911
  Run 80/803: mse_loss=2.9590, avg_loss=2.6109
  Run 90/803: mse_loss=3.1458, avg_loss=2.7901
  Run 100/803: mse_loss=3.5210, avg_loss=2.8196
  Run 110/803: mse_loss=8.8862, avg_loss=3.2704
  Run 120/803: mse_loss=1.4874, avg_loss=3.3513
  Run 130/803: mse_loss=22.0941, avg_loss=3.6549
  Run 140/803: mse_loss=4.1645, avg_loss=3.7408
  Run 150/803: mse_loss=3.4315, avg_loss=3.7429
  Run 160/803: mse_loss=4.5306, avg_loss=3.9914
  Run 170/803: mse_loss=7.6140, avg_loss=4.6755
  Run 180/803: mse_loss=4.7204, avg_loss=4.6125
  Run 190/803: mse_loss=1.1653, avg_loss=4.5570
  Run 200/803: mse_loss=1.6351, avg_loss=4.4360
  Run 210/803: mse_loss=1.8206, avg_loss=4.3178
  Run 220/803: mse_loss=1.1032, avg_loss=4.1872
  Run 230/803: mse_loss=1.0151, avg_loss=4.0822
  Run 240/803: mse_loss=0.7261, avg_loss=3.9837
  Run 250/803: mse_loss=8.5067, avg_loss=3.8958
  Run 260/803: mse_loss=0.6587, avg_loss=3.7673
  Run 270/803: mse_loss=0.3977, avg_loss=3.6585
  Run 280/803: mse_loss=3.7774, avg_loss=3.6166
  Run 290/803: mse_loss=0.5583, avg_loss=3.5225
  Run 300/803: mse_loss=0.9797, avg_loss=3.4538
  Run 310/803: mse_loss=0.9778, avg_loss=3.3851
  Run 320/803: mse_loss=0.4597, avg_loss=3.3026
  Run 330/803: mse_loss=0.9545, avg_loss=3.2220
  Run 340/803: mse_loss=1.3252, avg_loss=3.1600
  Run 350/803: mse_loss=0.6911, avg_loss=3.1006
  Run 360/803: mse_loss=1.5288, avg_loss=3.0555
  Run 370/803: mse_loss=0.8222, avg_loss=3.0191
  Run 380/803: mse_loss=0.8543, avg_loss=2.9778
  Run 390/803: mse_loss=3.2635, avg_loss=2.9198
  Run 400/803: mse_loss=1.8524, avg_loss=2.8644
  Run 410/803: mse_loss=2.8061, avg_loss=2.8302
  Run 420/803: mse_loss=1.3124, avg_loss=2.7957
  Run 430/803: mse_loss=2.3954, avg_loss=2.7481
  Run 440/803: mse_loss=4.6221, avg_loss=2.8393
  Run 450/803: mse_loss=2.2821, avg_loss=2.8465
  Run 460/803: mse_loss=0.8619, avg_loss=2.8100
  Run 470/803: mse_loss=2.1412, avg_loss=2.8006
  Run 480/803: mse_loss=4.9338, avg_loss=2.9068
  Run 490/803: mse_loss=1.5701, avg_loss=2.9640
  Run 500/803: mse_loss=3.0295, avg_loss=2.9485
  Run 510/803: mse_loss=9.7925, avg_loss=3.0806
  Run 520/803: mse_loss=3.4277, avg_loss=3.0995
  Run 530/803: mse_loss=1.7774, avg_loss=3.1047
  Run 540/803: mse_loss=3.5935, avg_loss=3.0843
  Run 550/803: mse_loss=2.3627, avg_loss=3.0775
  Run 560/803: mse_loss=2.5458, avg_loss=3.0969
  Run 570/803: mse_loss=2.1313, avg_loss=3.0880
  Run 580/803: mse_loss=1.2058, avg_loss=3.0608
  Run 590/803: mse_loss=0.8350, avg_loss=3.0240
  Run 600/803: mse_loss=0.9063, avg_loss=2.9901
  Run 610/803: mse_loss=1.2321, avg_loss=2.9573
  Run 620/803: mse_loss=1.2101, avg_loss=2.9293
  Run 630/803: mse_loss=0.9058, avg_loss=2.8984
  Run 640/803: mse_loss=0.9079, avg_loss=2.8665
  Run 650/803: mse_loss=0.7392, avg_loss=2.8356
  Run 660/803: mse_loss=0.6347, avg_loss=2.8044
  Run 670/803: mse_loss=0.4944, avg_loss=2.7710
  Run 680/803: mse_loss=4.7255, avg_loss=2.8144
  Run 690/803: mse_loss=3.2344, avg_loss=2.8226
  Run 700/803: mse_loss=1.7370, avg_loss=2.8142
  Run 710/803: mse_loss=0.6084, avg_loss=2.7856
  Run 720/803: mse_loss=0.7587, avg_loss=2.7599
  Run 730/803: mse_loss=0.3663, avg_loss=2.7492
  Run 740/803: mse_loss=2.8322, avg_loss=2.7252
  Run 750/803: mse_loss=0.3259, avg_loss=2.6933
  Run 760/803: mse_loss=0.6049, avg_loss=2.6667
  Run 770/803: mse_loss=0.6514, avg_loss=2.6391
  Run 780/803: mse_loss=0.4391, avg_loss=2.6133
  Run 790/803: mse_loss=0.2771, avg_loss=2.5876
  Run 800/803: mse_loss=0.2246, avg_loss=2.5583
  MSE Loss: 2.5556
  Runs processed: 803
Epoch 43/50
  Run 10/803: mse_loss=3.8701, avg_loss=7.1150
  Run 20/803: mse_loss=4.1114, avg_loss=5.6522
  Run 30/803: mse_loss=1.3324, avg_loss=4.5146
  Run 40/803: mse_loss=0.5508, avg_loss=3.6762
  Run 50/803: mse_loss=1.8237, avg_loss=3.0817
  Run 60/803: mse_loss=2.9160, avg_loss=2.8856
  Run 70/803: mse_loss=1.3474, avg_loss=2.6977
  Run 80/803: mse_loss=2.8859, avg_loss=2.5191
  Run 90/803: mse_loss=5.4492, avg_loss=2.7754
  Run 100/803: mse_loss=2.3783, avg_loss=2.8475
  Run 110/803: mse_loss=5.8712, avg_loss=3.2739
  Run 120/803: mse_loss=1.0964, avg_loss=3.1963
  Run 130/803: mse_loss=15.9887, avg_loss=3.3366
  Run 140/803: mse_loss=3.2704, avg_loss=3.4442
  Run 150/803: mse_loss=2.0925, avg_loss=3.4156
  Run 160/803: mse_loss=6.0310, avg_loss=3.6389
  Run 170/803: mse_loss=11.2418, avg_loss=4.0436
  Run 180/803: mse_loss=5.1956, avg_loss=4.0640
  Run 190/803: mse_loss=2.8339, avg_loss=4.0700
  Run 200/803: mse_loss=2.7962, avg_loss=4.0461
  Run 210/803: mse_loss=2.3130, avg_loss=3.9841
  Run 220/803: mse_loss=0.9903, avg_loss=3.8699
  Run 230/803: mse_loss=0.8114, avg_loss=3.7843
  Run 240/803: mse_loss=0.8206, avg_loss=3.6993
  Run 250/803: mse_loss=10.0452, avg_loss=3.6309
  Run 260/803: mse_loss=0.5733, avg_loss=3.5169
  Run 270/803: mse_loss=0.3288, avg_loss=3.4166
  Run 280/803: mse_loss=3.8915, avg_loss=3.3872
  Run 290/803: mse_loss=0.5966, avg_loss=3.3032
  Run 300/803: mse_loss=0.8447, avg_loss=3.2401
  Run 310/803: mse_loss=1.3284, avg_loss=3.1790
  Run 320/803: mse_loss=0.6504, avg_loss=3.1063
  Run 330/803: mse_loss=1.0229, avg_loss=3.0356
  Run 340/803: mse_loss=0.9925, avg_loss=2.9764
  Run 350/803: mse_loss=0.6957, avg_loss=2.9190
  Run 360/803: mse_loss=1.4360, avg_loss=2.8861
  Run 370/803: mse_loss=0.9471, avg_loss=2.8531
  Run 380/803: mse_loss=0.9443, avg_loss=2.8199
  Run 390/803: mse_loss=3.2886, avg_loss=2.7669
  Run 400/803: mse_loss=1.7369, avg_loss=2.7156
  Run 410/803: mse_loss=2.8964, avg_loss=2.6844
  Run 420/803: mse_loss=1.2138, avg_loss=2.6518
  Run 430/803: mse_loss=2.4229, avg_loss=2.6074
  Run 440/803: mse_loss=4.8689, avg_loss=2.7269
  Run 450/803: mse_loss=2.7445, avg_loss=2.7403
  Run 460/803: mse_loss=0.6473, avg_loss=2.7062
  Run 470/803: mse_loss=2.2190, avg_loss=2.6983
  Run 480/803: mse_loss=1.3462, avg_loss=2.7130
  Run 490/803: mse_loss=2.7871, avg_loss=2.7597
  Run 500/803: mse_loss=3.2347, avg_loss=2.7540
  Run 510/803: mse_loss=10.3463, avg_loss=2.8908
  Run 520/803: mse_loss=3.0515, avg_loss=2.9106
  Run 530/803: mse_loss=1.4057, avg_loss=2.9129
  Run 540/803: mse_loss=3.4710, avg_loss=2.8939
  Run 550/803: mse_loss=1.5503, avg_loss=2.8794
  Run 560/803: mse_loss=3.3179, avg_loss=2.9031
  Run 570/803: mse_loss=1.7630, avg_loss=2.8930
  Run 580/803: mse_loss=1.0577, avg_loss=2.8676
  Run 590/803: mse_loss=0.8801, avg_loss=2.8339
  Run 600/803: mse_loss=0.8200, avg_loss=2.8028
  Run 610/803: mse_loss=1.2939, avg_loss=2.7736
  Run 620/803: mse_loss=1.1476, avg_loss=2.7505
  Run 630/803: mse_loss=0.9724, avg_loss=2.7233
  Run 640/803: mse_loss=0.8797, avg_loss=2.6944
  Run 650/803: mse_loss=0.5989, avg_loss=2.6652
  Run 660/803: mse_loss=0.4355, avg_loss=2.6332
  Run 670/803: mse_loss=0.4080, avg_loss=2.6003
  Run 680/803: mse_loss=4.3920, avg_loss=2.6463
  Run 690/803: mse_loss=3.4129, avg_loss=2.6591
  Run 700/803: mse_loss=0.8763, avg_loss=2.6440
  Run 710/803: mse_loss=0.6011, avg_loss=2.6162
  Run 720/803: mse_loss=0.7617, avg_loss=2.5940
  Run 730/803: mse_loss=0.3432, avg_loss=2.5856
  Run 740/803: mse_loss=2.5206, avg_loss=2.5623
  Run 750/803: mse_loss=0.3483, avg_loss=2.5327
  Run 760/803: mse_loss=0.5397, avg_loss=2.5088
  Run 770/803: mse_loss=0.8640, avg_loss=2.4846
  Run 780/803: mse_loss=0.4486, avg_loss=2.4627
  Run 790/803: mse_loss=0.1717, avg_loss=2.4395
  Run 800/803: mse_loss=0.2228, avg_loss=2.4117
  MSE Loss: 2.4096
  Runs processed: 803
Epoch 44/50
  Run 10/803: mse_loss=3.0132, avg_loss=6.0613
  Run 20/803: mse_loss=5.2376, avg_loss=5.2851
  Run 30/803: mse_loss=2.0660, avg_loss=4.3926
  Run 40/803: mse_loss=0.7414, avg_loss=3.5937
  Run 50/803: mse_loss=1.5579, avg_loss=3.0280
  Run 60/803: mse_loss=2.0086, avg_loss=2.8666
  Run 70/803: mse_loss=1.2703, avg_loss=2.6764
  Run 80/803: mse_loss=2.7732, avg_loss=2.4922
  Run 90/803: mse_loss=0.6667, avg_loss=2.4673
  Run 100/803: mse_loss=2.9151, avg_loss=2.4801
  Run 110/803: mse_loss=4.4831, avg_loss=2.6883
  Run 120/803: mse_loss=0.8157, avg_loss=2.6325
  Run 130/803: mse_loss=6.9166, avg_loss=2.6657
  Run 140/803: mse_loss=4.6933, avg_loss=2.8415
  Run 150/803: mse_loss=3.3652, avg_loss=2.9119
  Run 160/803: mse_loss=5.6957, avg_loss=3.1474
  Run 170/803: mse_loss=6.4115, avg_loss=3.8902
  Run 180/803: mse_loss=3.8732, avg_loss=3.8374
  Run 190/803: mse_loss=4.4044, avg_loss=3.8359
  Run 200/803: mse_loss=5.4323, avg_loss=3.9068
  Run 210/803: mse_loss=2.4910, avg_loss=3.8833
  Run 220/803: mse_loss=0.9527, avg_loss=3.7787
  Run 230/803: mse_loss=0.7157, avg_loss=3.6984
  Run 240/803: mse_loss=0.8200, avg_loss=3.6157
  Run 250/803: mse_loss=9.4544, avg_loss=3.5483
  Run 260/803: mse_loss=0.6055, avg_loss=3.4316
  Run 270/803: mse_loss=0.3902, avg_loss=3.3341
  Run 280/803: mse_loss=3.6971, avg_loss=3.3022
  Run 290/803: mse_loss=0.6905, avg_loss=3.2216
  Run 300/803: mse_loss=1.0717, avg_loss=3.1626
  Run 310/803: mse_loss=1.1538, avg_loss=3.1052
  Run 320/803: mse_loss=0.5218, avg_loss=3.0341
  Run 330/803: mse_loss=0.8916, avg_loss=2.9620
  Run 340/803: mse_loss=1.2354, avg_loss=2.9076
  Run 350/803: mse_loss=0.7297, avg_loss=2.8543
  Run 360/803: mse_loss=1.4925, avg_loss=2.8130
  Run 370/803: mse_loss=0.7401, avg_loss=2.7830
  Run 380/803: mse_loss=0.8505, avg_loss=2.7482
  Run 390/803: mse_loss=3.4925, avg_loss=2.6976
  Run 400/803: mse_loss=1.5496, avg_loss=2.6488
  Run 410/803: mse_loss=3.0263, avg_loss=2.6195
  Run 420/803: mse_loss=1.1069, avg_loss=2.5860
  Run 430/803: mse_loss=2.1791, avg_loss=2.5427
  Run 440/803: mse_loss=3.3817, avg_loss=2.5964
  Run 450/803: mse_loss=2.7703, avg_loss=2.6054
  Run 460/803: mse_loss=1.3987, avg_loss=2.5877
  Run 470/803: mse_loss=1.9872, avg_loss=2.5849
  Run 480/803: mse_loss=3.8614, avg_loss=2.7615
  Run 490/803: mse_loss=2.5168, avg_loss=2.8558
  Run 500/803: mse_loss=6.2569, avg_loss=2.8696
  Run 510/803: mse_loss=18.9329, avg_loss=3.1006
  Run 520/803: mse_loss=4.2929, avg_loss=3.1550
  Run 530/803: mse_loss=1.7402, avg_loss=3.1462
  Run 540/803: mse_loss=2.7921, avg_loss=3.1254
  Run 550/803: mse_loss=2.5727, avg_loss=3.1161
  Run 560/803: mse_loss=3.5567, avg_loss=3.1460
  Run 570/803: mse_loss=2.2501, avg_loss=3.1421
  Run 580/803: mse_loss=1.2775, avg_loss=3.1159
  Run 590/803: mse_loss=0.9509, avg_loss=3.0799
  Run 600/803: mse_loss=0.9222, avg_loss=3.0465
  Run 610/803: mse_loss=1.3278, avg_loss=3.0127
  Run 620/803: mse_loss=1.1687, avg_loss=2.9838
  Run 630/803: mse_loss=0.9214, avg_loss=2.9517
  Run 640/803: mse_loss=0.8844, avg_loss=2.9190
  Run 650/803: mse_loss=0.6358, avg_loss=2.8866
  Run 660/803: mse_loss=0.4497, avg_loss=2.8516
  Run 670/803: mse_loss=0.5085, avg_loss=2.8167
  Run 680/803: mse_loss=4.9643, avg_loss=2.8615
  Run 690/803: mse_loss=3.6822, avg_loss=2.8732
  Run 700/803: mse_loss=0.9627, avg_loss=2.8618
  Run 710/803: mse_loss=0.6883, avg_loss=2.8313
  Run 720/803: mse_loss=0.6626, avg_loss=2.8049
  Run 730/803: mse_loss=0.4743, avg_loss=2.7964
  Run 740/803: mse_loss=2.6437, avg_loss=2.7718
  Run 750/803: mse_loss=0.3449, avg_loss=2.7395
  Run 760/803: mse_loss=0.3242, avg_loss=2.7120
  Run 770/803: mse_loss=0.5954, avg_loss=2.6853
  Run 780/803: mse_loss=0.4170, avg_loss=2.6590
  Run 790/803: mse_loss=0.3304, avg_loss=2.6340
  Run 800/803: mse_loss=0.7213, avg_loss=2.6056
  MSE Loss: 2.6038
  Runs processed: 803
Epoch 45/50
  Run 10/803: mse_loss=4.7011, avg_loss=9.7210
  Run 20/803: mse_loss=3.7419, avg_loss=6.9802
  Run 30/803: mse_loss=1.0238, avg_loss=5.2485
  Run 40/803: mse_loss=0.5430, avg_loss=4.1743
  Run 50/803: mse_loss=1.9255, avg_loss=3.5126
  Run 60/803: mse_loss=3.1774, avg_loss=3.2471
  Run 70/803: mse_loss=1.2070, avg_loss=3.0036
  Run 80/803: mse_loss=2.9605, avg_loss=2.7837
  Run 90/803: mse_loss=0.8582, avg_loss=2.7720
  Run 100/803: mse_loss=1.5982, avg_loss=2.7065
  Run 110/803: mse_loss=7.0165, avg_loss=3.7381
  Run 120/803: mse_loss=0.8188, avg_loss=3.6508
  Run 130/803: mse_loss=11.0098, avg_loss=3.6204
  Run 140/803: mse_loss=6.5819, avg_loss=3.8859
  Run 150/803: mse_loss=5.2764, avg_loss=3.9960
  Run 160/803: mse_loss=4.0494, avg_loss=4.1082
  Run 170/803: mse_loss=5.0132, avg_loss=4.8418
  Run 180/803: mse_loss=3.0740, avg_loss=4.7479
  Run 190/803: mse_loss=2.7067, avg_loss=4.7532
  Run 200/803: mse_loss=4.6023, avg_loss=4.8396
  Run 210/803: mse_loss=2.6268, avg_loss=4.7734
  Run 220/803: mse_loss=1.1351, avg_loss=4.6260
  Run 230/803: mse_loss=0.8053, avg_loss=4.5052
  Run 240/803: mse_loss=0.7520, avg_loss=4.3934
  Run 250/803: mse_loss=9.2333, avg_loss=4.2952
  Run 260/803: mse_loss=0.6463, avg_loss=4.1552
  Run 270/803: mse_loss=0.3390, avg_loss=4.0356
  Run 280/803: mse_loss=3.5617, avg_loss=3.9793
  Run 290/803: mse_loss=0.7304, avg_loss=3.8736
  Run 300/803: mse_loss=1.3208, avg_loss=3.7997
  Run 310/803: mse_loss=0.8885, avg_loss=3.7203
  Run 320/803: mse_loss=0.8283, avg_loss=3.6386
  Run 330/803: mse_loss=1.2318, avg_loss=3.5555
  Run 340/803: mse_loss=1.0245, avg_loss=3.4844
  Run 350/803: mse_loss=0.6243, avg_loss=3.4144
  Run 360/803: mse_loss=1.4542, avg_loss=3.3669
  Run 370/803: mse_loss=0.7696, avg_loss=3.3246
  Run 380/803: mse_loss=0.8544, avg_loss=3.2758
  Run 390/803: mse_loss=3.4186, avg_loss=3.2104
  Run 400/803: mse_loss=2.0713, avg_loss=3.1483
  Run 410/803: mse_loss=3.0211, avg_loss=3.1107
  Run 420/803: mse_loss=1.1685, avg_loss=3.0675
  Run 430/803: mse_loss=2.4401, avg_loss=3.0138
  Run 440/803: mse_loss=5.4536, avg_loss=3.1413
  Run 450/803: mse_loss=2.6006, avg_loss=3.1534
  Run 460/803: mse_loss=0.5820, avg_loss=3.1111
  Run 470/803: mse_loss=2.1759, avg_loss=3.0939
  Run 480/803: mse_loss=2.0608, avg_loss=3.1204
  Run 490/803: mse_loss=1.7765, avg_loss=3.1630
  Run 500/803: mse_loss=5.9183, avg_loss=3.1633
  Run 510/803: mse_loss=14.1658, avg_loss=3.3490
  Run 520/803: mse_loss=3.3923, avg_loss=3.3842
  Run 530/803: mse_loss=1.4076, avg_loss=3.3665
  Run 540/803: mse_loss=2.7009, avg_loss=3.3367
  Run 550/803: mse_loss=2.5642, avg_loss=3.3192
  Run 560/803: mse_loss=3.9221, avg_loss=3.3436
  Run 570/803: mse_loss=2.3697, avg_loss=3.3391
  Run 580/803: mse_loss=1.6279, avg_loss=3.3162
  Run 590/803: mse_loss=0.9140, avg_loss=3.2780
  Run 600/803: mse_loss=0.8446, avg_loss=3.2396
  Run 610/803: mse_loss=1.1650, avg_loss=3.2012
  Run 620/803: mse_loss=1.1839, avg_loss=3.1688
  Run 630/803: mse_loss=0.8206, avg_loss=3.1331
  Run 640/803: mse_loss=0.7563, avg_loss=3.0949
  Run 650/803: mse_loss=0.7527, avg_loss=3.0597
  Run 660/803: mse_loss=0.6258, avg_loss=3.0238
  Run 670/803: mse_loss=0.5311, avg_loss=2.9875
  Run 680/803: mse_loss=4.5414, avg_loss=3.0258
  Run 690/803: mse_loss=3.3027, avg_loss=3.0299
  Run 700/803: mse_loss=0.7011, avg_loss=3.0051
  Run 710/803: mse_loss=0.3629, avg_loss=2.9693
  Run 720/803: mse_loss=0.6618, avg_loss=2.9416
  Run 730/803: mse_loss=0.3029, avg_loss=2.9272
  Run 740/803: mse_loss=2.9231, avg_loss=2.8999
  Run 750/803: mse_loss=0.3612, avg_loss=2.8668
  Run 760/803: mse_loss=0.6147, avg_loss=2.8406
  Run 770/803: mse_loss=0.5156, avg_loss=2.8122
  Run 780/803: mse_loss=0.6237, avg_loss=2.7854
  Run 790/803: mse_loss=0.2850, avg_loss=2.7580
  Run 800/803: mse_loss=0.3115, avg_loss=2.7266
  MSE Loss: 2.7238
  Runs processed: 803
Epoch 46/50
  Run 10/803: mse_loss=3.8251, avg_loss=6.7403
  Run 20/803: mse_loss=5.3034, avg_loss=5.5658
  Run 30/803: mse_loss=2.1974, avg_loss=4.6794
  Run 40/803: mse_loss=0.9061, avg_loss=3.8095
  Run 50/803: mse_loss=1.5363, avg_loss=3.2094
  Run 60/803: mse_loss=2.5189, avg_loss=2.9975
  Run 70/803: mse_loss=1.3127, avg_loss=2.7999
  Run 80/803: mse_loss=2.7342, avg_loss=2.5999
  Run 90/803: mse_loss=0.9280, avg_loss=2.6059
  Run 100/803: mse_loss=2.1443, avg_loss=2.5722
  Run 110/803: mse_loss=4.0855, avg_loss=2.8359
  Run 120/803: mse_loss=0.6236, avg_loss=2.7171
  Run 130/803: mse_loss=19.0317, avg_loss=2.8496
  Run 140/803: mse_loss=14.1098, avg_loss=3.3921
  Run 150/803: mse_loss=3.9887, avg_loss=3.5111
  Run 160/803: mse_loss=3.2561, avg_loss=3.7082
  Run 170/803: mse_loss=9.1239, avg_loss=4.1549
  Run 180/803: mse_loss=3.5800, avg_loss=4.0862
  Run 190/803: mse_loss=3.0232, avg_loss=4.0958
  Run 200/803: mse_loss=4.4390, avg_loss=4.1688
  Run 210/803: mse_loss=1.8899, avg_loss=4.0832
  Run 220/803: mse_loss=1.1141, avg_loss=3.9623
  Run 230/803: mse_loss=0.8257, avg_loss=3.8763
  Run 240/803: mse_loss=0.6673, avg_loss=3.7850
  Run 250/803: mse_loss=9.8355, avg_loss=3.7120
  Run 260/803: mse_loss=0.4947, avg_loss=3.5942
  Run 270/803: mse_loss=0.2979, avg_loss=3.4890
  Run 280/803: mse_loss=3.9284, avg_loss=3.4575
  Run 290/803: mse_loss=0.6508, avg_loss=3.3725
  Run 300/803: mse_loss=0.8694, avg_loss=3.3030
  Run 310/803: mse_loss=1.3124, avg_loss=3.2371
  Run 320/803: mse_loss=0.4742, avg_loss=3.1599
  Run 330/803: mse_loss=0.8545, avg_loss=3.0820
  Run 340/803: mse_loss=1.4089, avg_loss=3.0251
  Run 350/803: mse_loss=0.7126, avg_loss=2.9697
  Run 360/803: mse_loss=1.6714, avg_loss=2.9292
  Run 370/803: mse_loss=0.9015, avg_loss=2.8982
  Run 380/803: mse_loss=0.8503, avg_loss=2.8631
  Run 390/803: mse_loss=3.4258, avg_loss=2.8094
  Run 400/803: mse_loss=1.7577, avg_loss=2.7567
  Run 410/803: mse_loss=3.0471, avg_loss=2.7268
  Run 420/803: mse_loss=1.1048, avg_loss=2.6906
  Run 430/803: mse_loss=2.6138, avg_loss=2.6451
  Run 440/803: mse_loss=3.5238, avg_loss=2.7079
  Run 450/803: mse_loss=2.5076, avg_loss=2.7136
  Run 460/803: mse_loss=0.8384, avg_loss=2.6810
  Run 470/803: mse_loss=2.1380, avg_loss=2.6723
  Run 480/803: mse_loss=1.3984, avg_loss=2.6732
  Run 490/803: mse_loss=1.8490, avg_loss=2.7294
  Run 500/803: mse_loss=7.9041, avg_loss=2.7536
  Run 510/803: mse_loss=18.9237, avg_loss=2.9837
  Run 520/803: mse_loss=5.9394, avg_loss=3.0634
  Run 530/803: mse_loss=2.0080, avg_loss=3.0644
  Run 540/803: mse_loss=2.2052, avg_loss=3.0451
  Run 550/803: mse_loss=1.9899, avg_loss=3.0314
  Run 560/803: mse_loss=2.9289, avg_loss=3.0527
  Run 570/803: mse_loss=1.8655, avg_loss=3.0419
  Run 580/803: mse_loss=1.2130, avg_loss=3.0152
  Run 590/803: mse_loss=0.8402, avg_loss=2.9796
  Run 600/803: mse_loss=0.8239, avg_loss=2.9453
  Run 610/803: mse_loss=1.1926, avg_loss=2.9111
  Run 620/803: mse_loss=1.1537, avg_loss=2.8829
  Run 630/803: mse_loss=0.7362, avg_loss=2.8512
  Run 640/803: mse_loss=0.8118, avg_loss=2.8186
  Run 650/803: mse_loss=0.6144, avg_loss=2.7865
  Run 660/803: mse_loss=0.4813, avg_loss=2.7528
  Run 670/803: mse_loss=0.4450, avg_loss=2.7191
  Run 680/803: mse_loss=4.3184, avg_loss=2.7602
  Run 690/803: mse_loss=3.1620, avg_loss=2.7668
  Run 700/803: mse_loss=0.7100, avg_loss=2.7524
  Run 710/803: mse_loss=0.5463, avg_loss=2.7227
  Run 720/803: mse_loss=0.5532, avg_loss=2.6987
  Run 730/803: mse_loss=0.3418, avg_loss=2.6901
  Run 740/803: mse_loss=2.5889, avg_loss=2.6662
  Run 750/803: mse_loss=0.2700, avg_loss=2.6350
  Run 760/803: mse_loss=0.5107, avg_loss=2.6112
  Run 770/803: mse_loss=0.4553, avg_loss=2.5858
  Run 780/803: mse_loss=0.7500, avg_loss=2.5631
  Run 790/803: mse_loss=0.1351, avg_loss=2.5389
  Run 800/803: mse_loss=0.3567, avg_loss=2.5099
  MSE Loss: 2.5085
  Runs processed: 803
Epoch 47/50
  Run 10/803: mse_loss=3.2891, avg_loss=4.0793
  Run 20/803: mse_loss=4.4969, avg_loss=4.1740
  Run 30/803: mse_loss=1.1081, avg_loss=3.5887
  Run 40/803: mse_loss=0.4275, avg_loss=2.9765
  Run 50/803: mse_loss=1.7496, avg_loss=2.5247
  Run 60/803: mse_loss=3.1037, avg_loss=2.4229
  Run 70/803: mse_loss=1.2940, avg_loss=2.3007
  Run 80/803: mse_loss=3.0600, avg_loss=2.1869
  Run 90/803: mse_loss=3.5528, avg_loss=2.6460
  Run 100/803: mse_loss=2.4212, avg_loss=2.7220
  Run 110/803: mse_loss=4.1168, avg_loss=2.8392
  Run 120/803: mse_loss=0.5768, avg_loss=2.7483
  Run 130/803: mse_loss=14.0181, avg_loss=2.8254
  Run 140/803: mse_loss=11.6117, avg_loss=3.2784
  Run 150/803: mse_loss=4.3638, avg_loss=3.3849
  Run 160/803: mse_loss=2.7601, avg_loss=3.6271
  Run 170/803: mse_loss=12.2814, avg_loss=4.0703
  Run 180/803: mse_loss=3.2175, avg_loss=4.0098
  Run 190/803: mse_loss=3.3335, avg_loss=4.1040
  Run 200/803: mse_loss=4.3809, avg_loss=4.2428
  Run 210/803: mse_loss=2.8037, avg_loss=4.2013
  Run 220/803: mse_loss=1.1223, avg_loss=4.0806
  Run 230/803: mse_loss=0.8221, avg_loss=3.9864
  Run 240/803: mse_loss=0.8202, avg_loss=3.8969
  Run 250/803: mse_loss=10.9794, avg_loss=3.8313
  Run 260/803: mse_loss=0.4726, avg_loss=3.7062
  Run 270/803: mse_loss=0.3745, avg_loss=3.5975
  Run 280/803: mse_loss=3.8658, avg_loss=3.5610
  Run 290/803: mse_loss=0.6824, avg_loss=3.4728
  Run 300/803: mse_loss=0.8114, avg_loss=3.3981
  Run 310/803: mse_loss=1.3015, avg_loss=3.3300
  Run 320/803: mse_loss=0.4908, avg_loss=3.2521
  Run 330/803: mse_loss=0.8214, avg_loss=3.1707
  Run 340/803: mse_loss=1.3461, avg_loss=3.1122
  Run 350/803: mse_loss=0.6724, avg_loss=3.0534
  Run 360/803: mse_loss=1.5191, avg_loss=3.0208
  Run 370/803: mse_loss=0.9262, avg_loss=2.9866
  Run 380/803: mse_loss=1.3429, avg_loss=2.9537
  Run 390/803: mse_loss=3.1776, avg_loss=2.9027
  Run 400/803: mse_loss=1.9961, avg_loss=2.8478
  Run 410/803: mse_loss=3.0224, avg_loss=2.8123
  Run 420/803: mse_loss=1.0555, avg_loss=2.7734
  Run 430/803: mse_loss=2.9494, avg_loss=2.7265
  Run 440/803: mse_loss=3.7249, avg_loss=2.8074
  Run 450/803: mse_loss=2.4258, avg_loss=2.8219
  Run 460/803: mse_loss=0.7466, avg_loss=2.7873
  Run 470/803: mse_loss=2.3116, avg_loss=2.7803
  Run 480/803: mse_loss=1.7188, avg_loss=2.7866
  Run 490/803: mse_loss=1.3076, avg_loss=2.8250
  Run 500/803: mse_loss=5.8471, avg_loss=2.8288
  Run 510/803: mse_loss=17.7583, avg_loss=3.0393
  Run 520/803: mse_loss=5.8829, avg_loss=3.1068
  Run 530/803: mse_loss=1.8415, avg_loss=3.1110
  Run 540/803: mse_loss=2.6392, avg_loss=3.0936
  Run 550/803: mse_loss=1.6782, avg_loss=3.0835
  Run 560/803: mse_loss=2.5589, avg_loss=3.1053
  Run 570/803: mse_loss=1.5224, avg_loss=3.0870
  Run 580/803: mse_loss=0.9998, avg_loss=3.0562
  Run 590/803: mse_loss=0.8530, avg_loss=3.0175
  Run 600/803: mse_loss=1.0283, avg_loss=2.9859
  Run 610/803: mse_loss=1.2564, avg_loss=2.9522
  Run 620/803: mse_loss=0.9961, avg_loss=2.9242
  Run 630/803: mse_loss=0.8176, avg_loss=2.8926
  Run 640/803: mse_loss=0.9402, avg_loss=2.8610
  Run 650/803: mse_loss=0.7434, avg_loss=2.8306
  Run 660/803: mse_loss=0.5783, avg_loss=2.7980
  Run 670/803: mse_loss=0.4887, avg_loss=2.7639
  Run 680/803: mse_loss=4.6707, avg_loss=2.8083
  Run 690/803: mse_loss=3.3635, avg_loss=2.8177
  Run 700/803: mse_loss=1.4652, avg_loss=2.8153
  Run 710/803: mse_loss=0.6826, avg_loss=2.7872
  Run 720/803: mse_loss=0.7244, avg_loss=2.7625
  Run 730/803: mse_loss=0.3469, avg_loss=2.7518
  Run 740/803: mse_loss=2.6280, avg_loss=2.7271
  Run 750/803: mse_loss=0.2987, avg_loss=2.6955
  Run 760/803: mse_loss=0.5750, avg_loss=2.6697
  Run 770/803: mse_loss=0.7912, avg_loss=2.6426
  Run 780/803: mse_loss=0.6515, avg_loss=2.6192
  Run 790/803: mse_loss=0.3570, avg_loss=2.5977
  Run 800/803: mse_loss=0.3308, avg_loss=2.5710
  MSE Loss: 2.5685
  Runs processed: 803
Epoch 48/50
  Run 10/803: mse_loss=3.7154, avg_loss=5.0700
  Run 20/803: mse_loss=2.9357, avg_loss=4.2477
  Run 30/803: mse_loss=1.1773, avg_loss=3.4944
  Run 40/803: mse_loss=0.6777, avg_loss=2.8630
  Run 50/803: mse_loss=1.8807, avg_loss=2.4702
  Run 60/803: mse_loss=2.8527, avg_loss=2.3651
  Run 70/803: mse_loss=1.3539, avg_loss=2.2495
  Run 80/803: mse_loss=3.1362, avg_loss=2.1380
  Run 90/803: mse_loss=1.4571, avg_loss=2.2412
  Run 100/803: mse_loss=1.4904, avg_loss=2.2442
  Run 110/803: mse_loss=3.7646, avg_loss=2.3983
  Run 120/803: mse_loss=0.5459, avg_loss=2.2933
  Run 130/803: mse_loss=8.9914, avg_loss=2.3654
  Run 140/803: mse_loss=9.9632, avg_loss=2.7187
  Run 150/803: mse_loss=3.7810, avg_loss=2.8955
  Run 160/803: mse_loss=5.3267, avg_loss=3.1792
  Run 170/803: mse_loss=10.6928, avg_loss=3.4617
  Run 180/803: mse_loss=5.2351, avg_loss=3.4887
  Run 190/803: mse_loss=25.3976, avg_loss=4.5114
  Run 200/803: mse_loss=11.9521, avg_loss=5.1250
  Run 210/803: mse_loss=2.7636, avg_loss=5.0588
  Run 220/803: mse_loss=0.8332, avg_loss=4.8983
  Run 230/803: mse_loss=0.7876, avg_loss=4.7695
  Run 240/803: mse_loss=0.7354, avg_loss=4.6372
  Run 250/803: mse_loss=10.2827, avg_loss=4.5318
  Run 260/803: mse_loss=0.5788, avg_loss=4.3804
  Run 270/803: mse_loss=0.2826, avg_loss=4.2452
  Run 280/803: mse_loss=3.7894, avg_loss=4.1849
  Run 290/803: mse_loss=0.5333, avg_loss=4.0703
  Run 300/803: mse_loss=1.0849, avg_loss=3.9837
  Run 310/803: mse_loss=1.1235, avg_loss=3.8978
  Run 320/803: mse_loss=0.4442, avg_loss=3.8027
  Run 330/803: mse_loss=0.7493, avg_loss=3.7054
  Run 340/803: mse_loss=1.3114, avg_loss=3.6309
  Run 350/803: mse_loss=0.6731, avg_loss=3.5570
  Run 360/803: mse_loss=1.5180, avg_loss=3.5072
  Run 370/803: mse_loss=1.3475, avg_loss=3.4654
  Run 380/803: mse_loss=1.0297, avg_loss=3.4192
  Run 390/803: mse_loss=3.3221, avg_loss=3.3521
  Run 400/803: mse_loss=1.5121, avg_loss=3.2862
  Run 410/803: mse_loss=3.1117, avg_loss=3.2414
  Run 420/803: mse_loss=1.1948, avg_loss=3.1927
  Run 430/803: mse_loss=2.1554, avg_loss=3.1368
  Run 440/803: mse_loss=2.8540, avg_loss=3.1748
  Run 450/803: mse_loss=3.1236, avg_loss=3.1638
  Run 460/803: mse_loss=0.6691, avg_loss=3.1260
  Run 470/803: mse_loss=2.4061, avg_loss=3.1153
  Run 480/803: mse_loss=2.2629, avg_loss=3.1635
  Run 490/803: mse_loss=2.9038, avg_loss=3.2202
  Run 500/803: mse_loss=5.8616, avg_loss=3.2228
  Run 510/803: mse_loss=18.6523, avg_loss=3.4287
  Run 520/803: mse_loss=5.0788, avg_loss=3.4827
  Run 530/803: mse_loss=1.8220, avg_loss=3.4719
  Run 540/803: mse_loss=2.7440, avg_loss=3.4403
  Run 550/803: mse_loss=2.6049, avg_loss=3.4246
  Run 560/803: mse_loss=2.7847, avg_loss=3.4251
  Run 570/803: mse_loss=1.7020, avg_loss=3.4035
  Run 580/803: mse_loss=1.0344, avg_loss=3.3675
  Run 590/803: mse_loss=0.9133, avg_loss=3.3236
  Run 600/803: mse_loss=1.0650, avg_loss=3.2896
  Run 610/803: mse_loss=1.2835, avg_loss=3.2521
  Run 620/803: mse_loss=1.3645, avg_loss=3.2210
  Run 630/803: mse_loss=1.1720, avg_loss=3.1881
  Run 640/803: mse_loss=1.0076, avg_loss=3.1537
  Run 650/803: mse_loss=0.6448, avg_loss=3.1175
  Run 660/803: mse_loss=0.3903, avg_loss=3.0779
  Run 670/803: mse_loss=0.4077, avg_loss=3.0379
  Run 680/803: mse_loss=4.5804, avg_loss=3.0753
  Run 690/803: mse_loss=3.3783, avg_loss=3.0797
  Run 700/803: mse_loss=1.4244, avg_loss=3.0727
  Run 710/803: mse_loss=0.8746, avg_loss=3.0424
  Run 720/803: mse_loss=0.5844, avg_loss=3.0151
  Run 730/803: mse_loss=0.3867, avg_loss=3.0051
  Run 740/803: mse_loss=2.3358, avg_loss=2.9767
  Run 750/803: mse_loss=0.4182, avg_loss=2.9436
  Run 760/803: mse_loss=0.5044, avg_loss=2.9160
  Run 770/803: mse_loss=0.8438, avg_loss=2.8854
  Run 780/803: mse_loss=0.6914, avg_loss=2.8595
  Run 790/803: mse_loss=0.3799, avg_loss=2.8317
  Run 800/803: mse_loss=0.3031, avg_loss=2.7996
  MSE Loss: 2.7962
  Runs processed: 803
Epoch 49/50
  Run 10/803: mse_loss=3.8656, avg_loss=4.7653
  Run 20/803: mse_loss=4.8701, avg_loss=4.7597
  Run 30/803: mse_loss=1.9053, avg_loss=4.0466
  Run 40/803: mse_loss=0.8217, avg_loss=3.3363
  Run 50/803: mse_loss=1.6723, avg_loss=2.8316
  Run 60/803: mse_loss=1.6327, avg_loss=2.6905
  Run 70/803: mse_loss=1.0687, avg_loss=2.5308
  Run 80/803: mse_loss=3.0823, avg_loss=2.3642
  Run 90/803: mse_loss=3.6970, avg_loss=2.7069
  Run 100/803: mse_loss=4.0130, avg_loss=2.7618
  Run 110/803: mse_loss=3.6997, avg_loss=2.9372
  Run 120/803: mse_loss=0.5908, avg_loss=2.8016
  Run 130/803: mse_loss=34.3850, avg_loss=3.1860
  Run 140/803: mse_loss=14.2696, avg_loss=4.0186
  Run 150/803: mse_loss=3.6809, avg_loss=4.1594
  Run 160/803: mse_loss=4.9138, avg_loss=4.1685
  Run 170/803: mse_loss=9.7291, avg_loss=4.3892
  Run 180/803: mse_loss=4.8522, avg_loss=4.3620
  Run 190/803: mse_loss=4.6700, avg_loss=4.5685
  Run 200/803: mse_loss=4.0492, avg_loss=4.7970
  Run 210/803: mse_loss=1.2973, avg_loss=4.7191
  Run 220/803: mse_loss=0.8066, avg_loss=4.5671
  Run 230/803: mse_loss=0.7084, avg_loss=4.4387
  Run 240/803: mse_loss=0.7161, avg_loss=4.3276
  Run 250/803: mse_loss=9.0962, avg_loss=4.2312
  Run 260/803: mse_loss=0.6270, avg_loss=4.1001
  Run 270/803: mse_loss=0.3551, avg_loss=3.9767
  Run 280/803: mse_loss=3.7585, avg_loss=3.9235
  Run 290/803: mse_loss=0.6064, avg_loss=3.8201
  Run 300/803: mse_loss=0.8647, avg_loss=3.7361
  Run 310/803: mse_loss=1.2969, avg_loss=3.6571
  Run 320/803: mse_loss=0.4569, avg_loss=3.5647
  Run 330/803: mse_loss=0.9149, avg_loss=3.4755
  Run 340/803: mse_loss=1.3338, avg_loss=3.4058
  Run 350/803: mse_loss=0.6926, avg_loss=3.3391
  Run 360/803: mse_loss=1.5612, avg_loss=3.3147
  Run 370/803: mse_loss=1.0633, avg_loss=3.2788
  Run 380/803: mse_loss=1.2212, avg_loss=3.2346
  Run 390/803: mse_loss=3.3586, avg_loss=3.1738
  Run 400/803: mse_loss=1.6790, avg_loss=3.1127
  Run 410/803: mse_loss=2.6287, avg_loss=3.0688
  Run 420/803: mse_loss=1.5468, avg_loss=3.0318
  Run 430/803: mse_loss=2.3082, avg_loss=2.9804
  Run 440/803: mse_loss=3.9471, avg_loss=3.0702
  Run 450/803: mse_loss=2.7211, avg_loss=3.0737
  Run 460/803: mse_loss=0.6466, avg_loss=3.0357
  Run 470/803: mse_loss=1.9299, avg_loss=3.0160
  Run 480/803: mse_loss=4.2602, avg_loss=3.1731
  Run 490/803: mse_loss=3.0864, avg_loss=3.2381
  Run 500/803: mse_loss=8.2420, avg_loss=3.2551
  Run 510/803: mse_loss=22.3085, avg_loss=3.4987
  Run 520/803: mse_loss=6.9677, avg_loss=3.5750
  Run 530/803: mse_loss=1.4574, avg_loss=3.5619
  Run 540/803: mse_loss=2.1118, avg_loss=3.5285
  Run 550/803: mse_loss=2.5636, avg_loss=3.5018
  Run 560/803: mse_loss=3.1845, avg_loss=3.5192
  Run 570/803: mse_loss=2.3719, avg_loss=3.5084
  Run 580/803: mse_loss=1.5487, avg_loss=3.4810
  Run 590/803: mse_loss=0.9681, avg_loss=3.4412
  Run 600/803: mse_loss=0.8186, avg_loss=3.4008
  Run 610/803: mse_loss=1.2253, avg_loss=3.3593
  Run 620/803: mse_loss=1.4723, avg_loss=3.3270
  Run 630/803: mse_loss=1.0634, avg_loss=3.2941
  Run 640/803: mse_loss=0.9980, avg_loss=3.2582
  Run 650/803: mse_loss=0.7823, avg_loss=3.2223
  Run 660/803: mse_loss=0.6087, avg_loss=3.1844
  Run 670/803: mse_loss=0.4843, avg_loss=3.1450
  Run 680/803: mse_loss=4.6032, avg_loss=3.1807
  Run 690/803: mse_loss=3.4596, avg_loss=3.1844
  Run 700/803: mse_loss=0.7209, avg_loss=3.1624
  Run 710/803: mse_loss=0.6523, avg_loss=3.1272
  Run 720/803: mse_loss=0.7361, avg_loss=3.0966
  Run 730/803: mse_loss=0.1889, avg_loss=3.0806
  Run 740/803: mse_loss=2.2174, avg_loss=3.0522
  Run 750/803: mse_loss=0.2778, avg_loss=3.0161
  Run 760/803: mse_loss=0.4853, avg_loss=2.9864
  Run 770/803: mse_loss=0.7073, avg_loss=2.9550
  Run 780/803: mse_loss=0.9018, avg_loss=2.9286
  Run 790/803: mse_loss=0.2836, avg_loss=2.9007
  Run 800/803: mse_loss=0.3261, avg_loss=2.8672
  MSE Loss: 2.8642
  Runs processed: 803
Epoch 50/50
  Run 10/803: mse_loss=4.6086, avg_loss=6.0222
  Run 20/803: mse_loss=4.0152, avg_loss=5.0236
  Run 30/803: mse_loss=1.7755, avg_loss=4.1413
  Run 40/803: mse_loss=0.9306, avg_loss=3.3997
  Run 50/803: mse_loss=1.5937, avg_loss=2.8792
  Run 60/803: mse_loss=1.6593, avg_loss=2.6844
  Run 70/803: mse_loss=1.1811, avg_loss=2.5437
  Run 80/803: mse_loss=3.1966, avg_loss=2.3938
  Run 90/803: mse_loss=4.1731, avg_loss=2.7583
  Run 100/803: mse_loss=4.1852, avg_loss=2.8543
  Run 110/803: mse_loss=2.3922, avg_loss=3.4528
  Run 120/803: mse_loss=0.6234, avg_loss=3.2854
  Run 130/803: mse_loss=11.1024, avg_loss=3.2949
  Run 140/803: mse_loss=17.7864, avg_loss=3.8431
  Run 150/803: mse_loss=3.0410, avg_loss=3.9941
  Run 160/803: mse_loss=3.9698, avg_loss=4.1388
  Run 170/803: mse_loss=10.8572, avg_loss=4.3781
  Run 180/803: mse_loss=5.7125, avg_loss=4.3549
  Run 190/803: mse_loss=3.1243, avg_loss=4.4975
  Run 200/803: mse_loss=4.2762, avg_loss=4.7067
  Run 210/803: mse_loss=1.8278, avg_loss=4.6420
  Run 220/803: mse_loss=0.8889, avg_loss=4.4946
  Run 230/803: mse_loss=0.8216, avg_loss=4.3793
  Run 240/803: mse_loss=0.7174, avg_loss=4.2664
  Run 250/803: mse_loss=9.9909, avg_loss=4.1744
  Run 260/803: mse_loss=0.5942, avg_loss=4.0343
  Run 270/803: mse_loss=0.3334, avg_loss=3.9141
  Run 280/803: mse_loss=3.6546, avg_loss=3.8631
  Run 290/803: mse_loss=0.5181, avg_loss=3.7594
  Run 300/803: mse_loss=1.1385, avg_loss=3.6857
  Run 310/803: mse_loss=1.0619, avg_loss=3.6104
  Run 320/803: mse_loss=0.5387, avg_loss=3.5236
  Run 330/803: mse_loss=1.0384, avg_loss=3.4375
  Run 340/803: mse_loss=1.1445, avg_loss=3.3695
  Run 350/803: mse_loss=0.6864, avg_loss=3.3026
  Run 360/803: mse_loss=1.6690, avg_loss=3.2544
  Run 370/803: mse_loss=0.7944, avg_loss=3.2144
  Run 380/803: mse_loss=1.0832, avg_loss=3.1690
  Run 390/803: mse_loss=3.1390, avg_loss=3.1075
  Run 400/803: mse_loss=1.6077, avg_loss=3.0468
  Run 410/803: mse_loss=2.8659, avg_loss=3.0061
  Run 420/803: mse_loss=1.3069, avg_loss=2.9666
  Run 430/803: mse_loss=2.2539, avg_loss=2.9153
  Run 440/803: mse_loss=3.4155, avg_loss=2.9616
  Run 450/803: mse_loss=2.1780, avg_loss=2.9534
  Run 460/803: mse_loss=0.9111, avg_loss=2.9181
  Run 470/803: mse_loss=2.0864, avg_loss=2.9013
  Run 480/803: mse_loss=3.4469, avg_loss=2.9718
  Run 490/803: mse_loss=2.0867, avg_loss=3.0294
  Run 500/803: mse_loss=3.5400, avg_loss=3.0141
  Run 510/803: mse_loss=10.9851, avg_loss=3.1557
  Run 520/803: mse_loss=3.8873, avg_loss=3.1937
  Run 530/803: mse_loss=1.7012, avg_loss=3.1847
  Run 540/803: mse_loss=2.6272, avg_loss=3.1580
  Run 550/803: mse_loss=2.8138, avg_loss=3.1501
  Run 560/803: mse_loss=4.4729, avg_loss=3.1937
  Run 570/803: mse_loss=3.0480, avg_loss=3.2028
  Run 580/803: mse_loss=2.0396, avg_loss=3.1877
  Run 590/803: mse_loss=1.0569, avg_loss=3.1583
  Run 600/803: mse_loss=0.7625, avg_loss=3.1209
  Run 610/803: mse_loss=1.0843, avg_loss=3.0826
  Run 620/803: mse_loss=1.1968, avg_loss=3.0519
  Run 630/803: mse_loss=0.8757, avg_loss=3.0185
  Run 640/803: mse_loss=0.8439, avg_loss=2.9840
  Run 650/803: mse_loss=0.6440, avg_loss=2.9504
  Run 660/803: mse_loss=0.4993, avg_loss=2.9153
  Run 670/803: mse_loss=0.4539, avg_loss=2.8789
  Run 680/803: mse_loss=3.9829, avg_loss=2.9146
  Run 690/803: mse_loss=2.9551, avg_loss=2.9161
  Run 700/803: mse_loss=0.6534, avg_loss=2.8966
  Run 710/803: mse_loss=0.6486, avg_loss=2.8640
  Run 720/803: mse_loss=0.8339, avg_loss=2.8373
  Run 730/803: mse_loss=0.2839, avg_loss=2.8257
  Run 740/803: mse_loss=2.7120, avg_loss=2.7997
  Run 750/803: mse_loss=0.3354, avg_loss=2.7668
  Run 760/803: mse_loss=0.6684, avg_loss=2.7413
  Run 770/803: mse_loss=0.5392, avg_loss=2.7139
  Run 780/803: mse_loss=0.9167, avg_loss=2.6897
  Run 790/803: mse_loss=0.3502, avg_loss=2.6663
  Run 800/803: mse_loss=0.2439, avg_loss=2.6368
  MSE Loss: 2.6341
  Runs processed: 803

============================================================
Behavior cloning complete!
Best MSE loss: 2.3956
Saved to: models/pretraining
============================================================

=========================================
Pretraining Complete
=========================================
Exit code: 0
Finished: Thu Feb  5 11:18:54 EST 2026

✓ Pretraining successful!

Output saved to: models/pretraining

Next steps:
1. Check pretrain_status.out for filtering statistics
2. Update your workflow config to use pretrained model:
   pretrain:
     model_path: models/pretraining/best_policy.pt
3. Run training workflow
