Loaded config from workflow_14benz.yaml

=== Generating Combination Metadata ===
Found 14211 possible combinations
Wrote manifest to /home/pbowling/mllf/examples/14benz/generated_combos/manifest.txt
Saved combination metadata to /home/pbowling/mllf/examples/14benz/generated_combos/combo_metadata.json

=== Splitting Train/Val/Test ===
Total combos: 14211
Train: 11368, Val: 1421, Test: 1422

=== Curriculum Learning Enabled ===
Total stages: 2
  Stage 1: pairs_single_site_easy - 2-2 subs, 1-1 sites, 50 epochs
  Stage 2: pairs_single_site_full - 2-2 subs, 1-1 sites, 50 epochs

=== Initializing Model ===
Using device: cpu
  Creating combo directory on-demand: comb_5062_site1_3__site1_4__site2_1__site2_2
/home/pbowling/miniconda3/envs/mllf/lib/python3.12/site-packages/torch/_compile.py:32: UserWarning: optimizer contains a parameter group with duplicate parameters; in future, this will cause an error; see github.com/pytorch/pytorch/issues/40967 for more information
  return disable_fn(*args, **kwargs)
Encoder: 249568 params
Policy: 254760 params

=== Loading pretrained policy: /home/pbowling/mllf/examples/models/pretraining/best_policy.pt ===
Loaded pretrained policy from epoch 50

=== Training ===
Total curriculum epochs: 100

=== Starting Stage 1/2: pairs_single_site_easy ===
Filtered to 41 training combinations for this stage

--- Epoch 1/100 - Stage 1/2: pairs_single_site_easy (epoch 1/50) ---
  Applying reward overrides: {'min_transitions_per_site': 5}
  Creating combo directory on-demand: comb_0170_site1_4__site1_2
Epoch 0, Combo 1/41: comb_0170_site1_4__site1_2
  Wrote variables to /home/pbowling/mllf/examples/14benz/generated_combos/comb_0170_site1_4__site1_2/run_000/variables.py
  Submitted job 6216513
  Creating combo directory on-demand: comb_0169_site1_4__site1_1
Epoch 0, Combo 2/41: comb_0169_site1_4__site1_1
  Wrote variables to /home/pbowling/mllf/examples/14benz/generated_combos/comb_0169_site1_4__site1_1/run_000/variables.py
  Submitted job 6216514
  Creating combo directory on-demand: comb_0032_site2_3__site2_2
Epoch 0, Combo 3/41: comb_0032_site2_3__site2_2
  Wrote variables to /home/pbowling/mllf/examples/14benz/generated_combos/comb_0032_site2_3__site2_2/run_000/variables.py
  Submitted job 6216515
  Creating combo directory on-demand: comb_0064_site2_5__site2_4
Epoch 0, Combo 4/41: comb_0064_site2_5__site2_4
  Wrote variables to /home/pbowling/mllf/examples/14benz/generated_combos/comb_0064_site2_5__site2_4/run_000/variables.py
  Submitted job 6216516
  Creating combo directory on-demand: comb_0048_site2_4__site2_3
Epoch 0, Combo 5/41: comb_0048_site2_4__site2_3
  Wrote variables to /home/pbowling/mllf/examples/14benz/generated_combos/comb_0048_site2_4__site2_3/run_000/variables.py
  Submitted job 6216517
  Creating combo directory on-demand: comb_0034_site2_3__site2_5
Epoch 0, Combo 6/41: comb_0034_site2_3__site2_5
  Wrote variables to /home/pbowling/mllf/examples/14benz/generated_combos/comb_0034_site2_3__site2_5/run_000/variables.py
  Submitted job 6216518
  Creating combo directory on-demand: comb_0201_site1_5__site1_2
Epoch 0, Combo 7/41: comb_0201_site1_5__site1_2
  Wrote variables to /home/pbowling/mllf/examples/14benz/generated_combos/comb_0201_site1_5__site1_2/run_000/variables.py
  Submitted job 6216519
  Creating combo directory on-demand: comb_0016_site2_2__site2_1
Epoch 0, Combo 8/41: comb_0016_site2_2__site2_1
  Wrote variables to /home/pbowling/mllf/examples/14benz/generated_combos/comb_0016_site2_2__site2_1/run_000/variables.py
  Submitted job 6216520
  Creating combo directory on-demand: comb_0231_site1_6__site1_1
Epoch 0, Combo 9/41: comb_0231_site1_6__site1_1
  Wrote variables to /home/pbowling/mllf/examples/14benz/generated_combos/comb_0231_site1_6__site1_1/run_000/variables.py
  Submitted job 6216521
  Creating combo directory on-demand: comb_0108_site1_2__site1_3
Epoch 0, Combo 10/41: comb_0108_site1_2__site1_3
  Wrote variables to /home/pbowling/mllf/examples/14benz/generated_combos/comb_0108_site1_2__site1_3/run_000/variables.py
  Submitted job 6216522
  Creating combo directory on-demand: comb_0062_site2_5__site2_2
Epoch 0, Combo 11/41: comb_0062_site2_5__site2_2
  Wrote variables to /home/pbowling/mllf/examples/14benz/generated_combos/comb_0062_site2_5__site2_2/run_000/variables.py
  Submitted job 6216523
  Creating combo directory on-demand: comb_0001_site2_1__site2_2
Epoch 0, Combo 12/41: comb_0001_site2_1__site2_2
  Wrote variables to /home/pbowling/mllf/examples/14benz/generated_combos/comb_0001_site2_1__site2_2/run_000/variables.py
  Submitted job 6216524
  Creating combo directory on-demand: comb_0018_site2_2__site2_4
Epoch 0, Combo 13/41: comb_0018_site2_2__site2_4
  Wrote variables to /home/pbowling/mllf/examples/14benz/generated_combos/comb_0018_site2_2__site2_4/run_000/variables.py
  Submitted job 6216525
  Creating combo directory on-demand: comb_0004_site2_1__site2_5
Epoch 0, Combo 14/41: comb_0004_site2_1__site2_5
  Wrote variables to /home/pbowling/mllf/examples/14benz/generated_combos/comb_0004_site2_1__site2_5/run_000/variables.py
  Submitted job 6216526
  Creating combo directory on-demand: comb_0080_site1_1__site1_6
Epoch 0, Combo 15/41: comb_0080_site1_1__site1_6
  Wrote variables to /home/pbowling/mllf/examples/14benz/generated_combos/comb_0080_site1_1__site1_6/run_000/variables.py
  Submitted job 6216527
  Creating combo directory on-demand: comb_0047_site2_4__site2_2
Epoch 0, Combo 16/41: comb_0047_site2_4__site2_2
  Wrote variables to /home/pbowling/mllf/examples/14benz/generated_combos/comb_0047_site2_4__site2_2/run_000/variables.py
  Submitted job 6216528
  Creating combo directory on-demand: comb_0046_site2_4__site2_1
Epoch 0, Combo 17/41: comb_0046_site2_4__site2_1
  Wrote variables to /home/pbowling/mllf/examples/14benz/generated_combos/comb_0046_site2_4__site2_1/run_000/variables.py
  Submitted job 6216529
  Creating combo directory on-demand: comb_0107_site1_2__site1_1
Epoch 0, Combo 18/41: comb_0107_site1_2__site1_1
  Wrote variables to /home/pbowling/mllf/examples/14benz/generated_combos/comb_0107_site1_2__site1_1/run_000/variables.py
  Submitted job 6216530
  Creating combo directory on-demand: comb_0109_site1_2__site1_4
Epoch 0, Combo 19/41: comb_0109_site1_2__site1_4
  Wrote variables to /home/pbowling/mllf/examples/14benz/generated_combos/comb_0109_site1_2__site1_4/run_000/variables.py
  Submitted job 6216531
  Creating combo directory on-demand: comb_0033_site2_3__site2_4
Epoch 0, Combo 20/41: comb_0033_site2_3__site2_4
  Wrote variables to /home/pbowling/mllf/examples/14benz/generated_combos/comb_0033_site2_3__site2_4/run_000/variables.py
  Submitted job 6216532
  Creating combo directory on-demand: comb_0077_site1_1__site1_3
Epoch 0, Combo 21/41: comb_0077_site1_1__site1_3
  Wrote variables to /home/pbowling/mllf/examples/14benz/generated_combos/comb_0077_site1_1__site1_3/run_000/variables.py
  Submitted job 6216533
  Creating combo directory on-demand: comb_0234_site1_6__site1_4
Epoch 0, Combo 22/41: comb_0234_site1_6__site1_4
  Wrote variables to /home/pbowling/mllf/examples/14benz/generated_combos/comb_0234_site1_6__site1_4/run_000/variables.py
  Submitted job 6216534
  Creating combo directory on-demand: comb_0031_site2_3__site2_1
Epoch 0, Combo 23/41: comb_0031_site2_3__site2_1
  Wrote variables to /home/pbowling/mllf/examples/14benz/generated_combos/comb_0031_site2_3__site2_1/run_000/variables.py
  Submitted job 6216535
  Creating combo directory on-demand: comb_0200_site1_5__site1_1
Epoch 0, Combo 24/41: comb_0200_site1_5__site1_1
  Wrote variables to /home/pbowling/mllf/examples/14benz/generated_combos/comb_0200_site1_5__site1_1/run_000/variables.py
  Submitted job 6216536
  Creating combo directory on-demand: comb_0049_site2_4__site2_5
Epoch 0, Combo 25/41: comb_0049_site2_4__site2_5
  Wrote variables to /home/pbowling/mllf/examples/14benz/generated_combos/comb_0049_site2_4__site2_5/run_000/variables.py
  Submitted job 6216537
  Creating combo directory on-demand: comb_0173_site1_4__site1_6
Epoch 0, Combo 26/41: comb_0173_site1_4__site1_6
  Wrote variables to /home/pbowling/mllf/examples/14benz/generated_combos/comb_0173_site1_4__site1_6/run_000/variables.py
  Submitted job 6216538
  Creating combo directory on-demand: comb_0232_site1_6__site1_2
Epoch 0, Combo 27/41: comb_0232_site1_6__site1_2
  Wrote variables to /home/pbowling/mllf/examples/14benz/generated_combos/comb_0232_site1_6__site1_2/run_000/variables.py
  Submitted job 6216539
  Creating combo directory on-demand: comb_0110_site1_2__site1_5
Epoch 0, Combo 28/41: comb_0110_site1_2__site1_5
  Wrote variables to /home/pbowling/mllf/examples/14benz/generated_combos/comb_0110_site1_2__site1_5/run_000/variables.py
  Submitted job 6216540
  Creating combo directory on-demand: comb_0171_site1_4__site1_3
Epoch 0, Combo 29/41: comb_0171_site1_4__site1_3
  Wrote variables to /home/pbowling/mllf/examples/14benz/generated_combos/comb_0171_site1_4__site1_3/run_000/variables.py
  Submitted job 6216541
  Creating combo directory on-demand: comb_0111_site1_2__site1_6
Epoch 0, Combo 30/41: comb_0111_site1_2__site1_6
  Wrote variables to /home/pbowling/mllf/examples/14benz/generated_combos/comb_0111_site1_2__site1_6/run_000/variables.py
  Submitted job 6216542
  Creating combo directory on-demand: comb_0172_site1_4__site1_5
Epoch 0, Combo 31/41: comb_0172_site1_4__site1_5
  Wrote variables to /home/pbowling/mllf/examples/14benz/generated_combos/comb_0172_site1_4__site1_5/run_000/variables.py
  Submitted job 6216543
  Creating combo directory on-demand: comb_0076_site1_1__site1_2
Epoch 0, Combo 32/41: comb_0076_site1_1__site1_2
  Wrote variables to /home/pbowling/mllf/examples/14benz/generated_combos/comb_0076_site1_1__site1_2/run_000/variables.py
  Submitted job 6216544
  Creating combo directory on-demand: comb_0204_site1_5__site1_6
Epoch 0, Combo 33/41: comb_0204_site1_5__site1_6
  Wrote variables to /home/pbowling/mllf/examples/14benz/generated_combos/comb_0204_site1_5__site1_6/run_000/variables.py
  Submitted job 6216545
  Creating combo directory on-demand: comb_0003_site2_1__site2_4
Epoch 0, Combo 34/41: comb_0003_site2_1__site2_4
  Wrote variables to /home/pbowling/mllf/examples/14benz/generated_combos/comb_0003_site2_1__site2_4/run_000/variables.py
  Submitted job 6216546
  Creating combo directory on-demand: comb_0063_site2_5__site2_3
Epoch 0, Combo 35/41: comb_0063_site2_5__site2_3
  Wrote variables to /home/pbowling/mllf/examples/14benz/generated_combos/comb_0063_site2_5__site2_3/run_000/variables.py
  Submitted job 6216547
  Creating combo directory on-demand: comb_0019_site2_2__site2_5
Epoch 0, Combo 36/41: comb_0019_site2_2__site2_5
  Wrote variables to /home/pbowling/mllf/examples/14benz/generated_combos/comb_0019_site2_2__site2_5/run_000/variables.py
  Submitted job 6216548
  Creating combo directory on-demand: comb_0140_site1_3__site1_4
Epoch 0, Combo 37/41: comb_0140_site1_3__site1_4
  Wrote variables to /home/pbowling/mllf/examples/14benz/generated_combos/comb_0140_site1_3__site1_4/run_000/variables.py
  Submitted job 6216549
  Creating combo directory on-demand: comb_0235_site1_6__site1_5
Epoch 0, Combo 38/41: comb_0235_site1_6__site1_5
  Wrote variables to /home/pbowling/mllf/examples/14benz/generated_combos/comb_0235_site1_6__site1_5/run_000/variables.py
  Submitted job 6216550
  Creating combo directory on-demand: comb_0139_site1_3__site1_2
Epoch 0, Combo 39/41: comb_0139_site1_3__site1_2
  Wrote variables to /home/pbowling/mllf/examples/14benz/generated_combos/comb_0139_site1_3__site1_2/run_000/variables.py
  Submitted job 6216551
  Creating combo directory on-demand: comb_0202_site1_5__site1_3
Epoch 0, Combo 40/41: comb_0202_site1_5__site1_3
  Wrote variables to /home/pbowling/mllf/examples/14benz/generated_combos/comb_0202_site1_5__site1_3/run_000/variables.py
  Submitted job 6216552
  Creating combo directory on-demand: comb_0142_site1_3__site1_6
Epoch 0, Combo 41/41: comb_0142_site1_3__site1_6
  Wrote variables to /home/pbowling/mllf/examples/14benz/generated_combos/comb_0142_site1_3__site1_6/run_000/variables.py
  Submitted job 6216553

Waiting for 41 remaining jobs...
  Job 6216513 completed
  Job 6216514 completed
  Job 6216515 completed
  Warning: 1 site(s) below 5 transitions
  Warning: Site 0 has 100.00% concentration
  Warning: Penalties clamped to -50.0
  Reward breakdown: R_P=0.00, R_T=0.00, R_U=0.15, R_entropy=0.00, penalties=-50.00, total=-49.85
  Coverage: 1/2 (50.00%), Transitions: [1]
  Combo comb_0032_site2_3__site2_2 reward: -49.8475
  Warning: 1 site(s) below 5 transitions
  Warning: Site 0 has 100.00% concentration
  Warning: Penalties clamped to -50.0
  Reward breakdown: R_P=0.00, R_T=0.00, R_U=0.15, R_entropy=0.00, penalties=-50.00, total=-49.85
  Coverage: 1/2 (50.00%), Transitions: [1]
  Combo comb_0169_site1_4__site1_1 reward: -49.8475
  Warning: 1 site(s) below 5 transitions
  Warning: Site 0 has 94.09% concentration
  Warning: Penalties clamped to -50.0
  Reward breakdown: R_P=14.96, R_T=0.00, R_U=0.30, R_entropy=2.59, penalties=-50.00, total=-32.15
  Coverage: 2/2 (100.00%), Transitions: [2]
  Combo comb_0170_site1_4__site1_2 reward: -32.1493
  Job 6216516 completed
  Job 6216517 completed
  Job 6216518 completed
  Job 6216519 completed
  Job 6216520 completed
  Job 6216521 completed
  Job 6216552 completed
  Job 6216553 completed
  Warning: 1 site(s) below 5 transitions
  Warning: Site 0 has 100.00% concentration
  Warning: Penalties clamped to -50.0
  Reward breakdown: R_P=0.00, R_T=0.00, R_U=0.15, R_entropy=0.00, penalties=-50.00, total=-49.85
  Coverage: 1/2 (50.00%), Transitions: [1]
  Combo comb_0142_site1_3__site1_6 reward: -49.8475
  Warning: 1 site(s) below 5 transitions
  Warning: Site 0 has 100.00% concentration
  Warning: Penalties clamped to -50.0
  Reward breakdown: R_P=0.00, R_T=0.00, R_U=0.15, R_entropy=0.00, penalties=-50.00, total=-49.85
  Coverage: 1/2 (50.00%), Transitions: [1]
  Combo comb_0202_site1_5__site1_3 reward: -49.8475
  Warning: 1 site(s) below 5 transitions
  Warning: Site 0 has 100.00% concentration
  Warning: Penalties clamped to -50.0
  Reward breakdown: R_P=0.00, R_T=0.00, R_U=0.15, R_entropy=0.00, penalties=-50.00, total=-49.85
  Coverage: 1/2 (50.00%), Transitions: [1]
  Combo comb_0231_site1_6__site1_1 reward: -49.8475
  Warning: 1 site(s) below 5 transitions
  Warning: Site 0 has 100.00% concentration
  Warning: Penalties clamped to -50.0
  Reward breakdown: R_P=0.00, R_T=0.00, R_U=0.15, R_entropy=0.00, penalties=-50.00, total=-49.85
  Coverage: 1/2 (50.00%), Transitions: [1]
  Combo comb_0016_site2_2__site2_1 reward: -49.8475
  Warning: 1 site(s) below 5 transitions
  Warning: Site 0 has 100.00% concentration
  Warning: Penalties clamped to -50.0
  Reward breakdown: R_P=0.00, R_T=0.00, R_U=0.15, R_entropy=0.00, penalties=-50.00, total=-49.85
  Coverage: 1/2 (50.00%), Transitions: [1]
  Combo comb_0201_site1_5__site1_2 reward: -49.8475
  Warning: 1 site(s) below 5 transitions
  Warning: Site 0 has 100.00% concentration
  Warning: Penalties clamped to -50.0
  Reward breakdown: R_P=0.00, R_T=0.00, R_U=0.15, R_entropy=0.00, penalties=-50.00, total=-49.85
  Coverage: 1/2 (50.00%), Transitions: [1]
  Combo comb_0034_site2_3__site2_5 reward: -49.8475
  Warning: 1 site(s) below 5 transitions
  Warning: Site 0 has 100.00% concentration
  Warning: Penalties clamped to -50.0
  Reward breakdown: R_P=0.00, R_T=0.00, R_U=0.15, R_entropy=0.00, penalties=-50.00, total=-49.85
  Coverage: 1/2 (50.00%), Transitions: [1]
  Combo comb_0048_site2_4__site2_3 reward: -49.8475
  Warning: 1 site(s) below 5 transitions
  Warning: Site 0 has 100.00% concentration
  Warning: Penalties clamped to -50.0
  Reward breakdown: R_P=0.00, R_T=0.00, R_U=0.15, R_entropy=0.00, penalties=-50.00, total=-49.85
  Coverage: 1/2 (50.00%), Transitions: [1]
  Combo comb_0064_site2_5__site2_4 reward: -49.8475
  Job 6216522 completed
  Job 6216523 completed
  Job 6216524 completed
  Job 6216525 completed
  Job 6216526 completed
  Job 6216527 completed
  Job 6216529 completed
  Job 6216530 completed
  Job 6216531 completed
  Job 6216532 completed
  Job 6216533 completed
  Job 6216534 completed
  Job 6216535 completed
  Job 6216536 completed
  Job 6216537 completed
  Job 6216539 completed
  Job 6216540 completed
  Job 6216541 completed
  Job 6216542 completed
  Job 6216543 completed
  Job 6216544 completed
  Job 6216545 completed
  Job 6216546 completed
  Job 6216547 completed
  Job 6216548 completed
  Job 6216549 completed
  Job 6216550 completed
  Job 6216551 completed
  Warning: 1 site(s) below 5 transitions
  Warning: Site 0 has 100.00% concentration
  Warning: Penalties clamped to -50.0
  Reward breakdown: R_P=0.00, R_T=0.00, R_U=0.15, R_entropy=0.00, penalties=-50.00, total=-49.85
  Coverage: 1/2 (50.00%), Transitions: [1]
  Combo comb_0139_site1_3__site1_2 reward: -49.8475
  Warning: 1 site(s) below 5 transitions
  Warning: Site 0 has 100.00% concentration
  Warning: Penalties clamped to -50.0
  Reward breakdown: R_P=0.00, R_T=0.00, R_U=0.15, R_entropy=0.00, penalties=-50.00, total=-49.85
  Coverage: 1/2 (50.00%), Transitions: [1]
  Combo comb_0235_site1_6__site1_5 reward: -49.8475
  Warning: 1 site(s) below 5 transitions
  Warning: Site 0 has 100.00% concentration
  Warning: Penalties clamped to -50.0
  Reward breakdown: R_P=0.00, R_T=0.00, R_U=0.15, R_entropy=0.00, penalties=-50.00, total=-49.85
  Coverage: 1/2 (50.00%), Transitions: [1]
  Combo comb_0140_site1_3__site1_4 reward: -49.8475
  Warning: 1 site(s) below 5 transitions
  Warning: Site 0 has 100.00% concentration
  Warning: Penalties clamped to -50.0
  Reward breakdown: R_P=0.00, R_T=0.00, R_U=0.15, R_entropy=0.00, penalties=-50.00, total=-49.85
  Coverage: 1/2 (50.00%), Transitions: [1]
  Combo comb_0019_site2_2__site2_5 reward: -49.8475
  Warning: 1 site(s) below 5 transitions
  Warning: Site 0 has 100.00% concentration
  Warning: Penalties clamped to -50.0
  Reward breakdown: R_P=0.00, R_T=0.00, R_U=0.15, R_entropy=0.00, penalties=-50.00, total=-49.85
  Coverage: 1/2 (50.00%), Transitions: [1]
  Combo comb_0063_site2_5__site2_3 reward: -49.8475
  Warning: 1 site(s) below 5 transitions
  Warning: Site 0 has 100.00% concentration
  Warning: Penalties clamped to -50.0
  Reward breakdown: R_P=0.00, R_T=0.00, R_U=0.15, R_entropy=0.00, penalties=-50.00, total=-49.85
  Coverage: 1/2 (50.00%), Transitions: [1]
  Combo comb_0003_site2_1__site2_4 reward: -49.8475
  Warning: 1 site(s) below 5 transitions
  Warning: Site 0 has 100.00% concentration
  Warning: Penalties clamped to -50.0
  Reward breakdown: R_P=0.00, R_T=0.00, R_U=0.15, R_entropy=0.00, penalties=-50.00, total=-49.85
  Coverage: 1/2 (50.00%), Transitions: [1]
  Combo comb_0204_site1_5__site1_6 reward: -49.8475
  Warning: 1 site(s) below 5 transitions
  Warning: Site 0 has 100.00% concentration
  Warning: Penalties clamped to -50.0
  Reward breakdown: R_P=0.00, R_T=0.00, R_U=0.15, R_entropy=0.00, penalties=-50.00, total=-49.85
  Coverage: 1/2 (50.00%), Transitions: [1]
  Combo comb_0076_site1_1__site1_2 reward: -49.8475
  Warning: 1 site(s) below 5 transitions
  Warning: Site 0 has 100.00% concentration
  Warning: Penalties clamped to -50.0
  Reward breakdown: R_P=0.00, R_T=0.00, R_U=0.15, R_entropy=0.00, penalties=-50.00, total=-49.85
  Coverage: 1/2 (50.00%), Transitions: [1]
  Combo comb_0172_site1_4__site1_5 reward: -49.8475
  Warning: 1 site(s) below 5 transitions
  Warning: Site 0 has 100.00% concentration
  Warning: Penalties clamped to -50.0
  Reward breakdown: R_P=0.00, R_T=0.00, R_U=0.15, R_entropy=0.00, penalties=-50.00, total=-49.85
  Coverage: 1/2 (50.00%), Transitions: [1]
  Combo comb_0111_site1_2__site1_6 reward: -49.8475
  Warning: 1 site(s) below 5 transitions
  Warning: Site 0 has 99.11% concentration
  Warning: Penalties clamped to -50.0
  Reward breakdown: R_P=13.68, R_T=0.00, R_U=0.30, R_entropy=0.59, penalties=-50.00, total=-35.43
  Coverage: 2/2 (100.00%), Transitions: [2]
  Combo comb_0171_site1_4__site1_3 reward: -35.4319
  Warning: 1 site(s) below 5 transitions
  Warning: Site 0 has 100.00% concentration
  Warning: Penalties clamped to -50.0
  Reward breakdown: R_P=0.00, R_T=0.00, R_U=0.15, R_entropy=0.00, penalties=-50.00, total=-49.85
  Coverage: 1/2 (50.00%), Transitions: [1]
  Combo comb_0110_site1_2__site1_5 reward: -49.8475
  Warning: 1 site(s) below 5 transitions
  Warning: Site 0 has 100.00% concentration
  Warning: Penalties clamped to -50.0
  Reward breakdown: R_P=0.00, R_T=0.00, R_U=0.15, R_entropy=0.00, penalties=-50.00, total=-49.85
  Coverage: 1/2 (50.00%), Transitions: [1]
  Combo comb_0232_site1_6__site1_2 reward: -49.8475
  Warning: 1 site(s) below 5 transitions
  Warning: Penalties clamped to -50.0
  Reward breakdown: R_P=32.39, R_T=0.00, R_U=0.30, R_entropy=7.95, penalties=-50.00, total=-9.36
  Coverage: 2/2 (100.00%), Transitions: [2]
  Combo comb_0049_site2_4__site2_5 reward: -9.3637
  Warning: 1 site(s) below 5 transitions
  Warning: Site 0 has 100.00% concentration
  Warning: Penalties clamped to -50.0
  Reward breakdown: R_P=0.00, R_T=0.00, R_U=0.15, R_entropy=0.00, penalties=-50.00, total=-49.85
  Coverage: 1/2 (50.00%), Transitions: [1]
  Combo comb_0200_site1_5__site1_1 reward: -49.8475
  Warning: 1 site(s) below 5 transitions
  Warning: Site 0 has 100.00% concentration
  Warning: Penalties clamped to -50.0
  Reward breakdown: R_P=0.00, R_T=0.00, R_U=0.15, R_entropy=0.00, penalties=-50.00, total=-49.85
  Coverage: 1/2 (50.00%), Transitions: [1]
  Combo comb_0031_site2_3__site2_1 reward: -49.8475
  Warning: 1 site(s) below 5 transitions
  Warning: Site 0 has 100.00% concentration
  Warning: Penalties clamped to -50.0
  Reward breakdown: R_P=0.00, R_T=0.00, R_U=0.15, R_entropy=0.00, penalties=-50.00, total=-49.85
  Coverage: 1/2 (50.00%), Transitions: [1]
  Combo comb_0234_site1_6__site1_4 reward: -49.8475
  Warning: 1 site(s) below 5 transitions
  Warning: Site 0 has 100.00% concentration
  Warning: Penalties clamped to -50.0
  Reward breakdown: R_P=0.00, R_T=0.00, R_U=0.15, R_entropy=0.00, penalties=-50.00, total=-49.85
  Coverage: 1/2 (50.00%), Transitions: [1]
  Combo comb_0077_site1_1__site1_3 reward: -49.8475
  Warning: 1 site(s) below 5 transitions
  Warning: Site 0 has 100.00% concentration
  Warning: Penalties clamped to -50.0
  Reward breakdown: R_P=0.00, R_T=0.00, R_U=0.15, R_entropy=0.00, penalties=-50.00, total=-49.85
  Coverage: 1/2 (50.00%), Transitions: [1]
  Combo comb_0033_site2_3__site2_4 reward: -49.8475
  Warning: 1 site(s) below 5 transitions
  Warning: Site 0 has 100.00% concentration
  Warning: Penalties clamped to -50.0
  Reward breakdown: R_P=0.00, R_T=0.00, R_U=0.15, R_entropy=0.00, penalties=-50.00, total=-49.85
  Coverage: 1/2 (50.00%), Transitions: [1]
  Combo comb_0109_site1_2__site1_4 reward: -49.8475
  Warning: 1 site(s) below 5 transitions
  Warning: Site 0 has 100.00% concentration
  Warning: Penalties clamped to -50.0
  Reward breakdown: R_P=0.00, R_T=0.00, R_U=0.15, R_entropy=0.00, penalties=-50.00, total=-49.85
  Coverage: 1/2 (50.00%), Transitions: [1]
  Combo comb_0107_site1_2__site1_1 reward: -49.8475
  Warning: 1 site(s) below 5 transitions
  Warning: Site 0 has 100.00% concentration
  Warning: Penalties clamped to -50.0
  Reward breakdown: R_P=0.00, R_T=0.00, R_U=0.15, R_entropy=0.00, penalties=-50.00, total=-49.85
  Coverage: 1/2 (50.00%), Transitions: [1]
  Combo comb_0046_site2_4__site2_1 reward: -49.8475
  Warning: 1 site(s) below 5 transitions
  Warning: Site 0 has 100.00% concentration
  Warning: Penalties clamped to -50.0
  Reward breakdown: R_P=0.00, R_T=0.00, R_U=0.15, R_entropy=0.00, penalties=-50.00, total=-49.85
  Coverage: 1/2 (50.00%), Transitions: [1]
  Combo comb_0080_site1_1__site1_6 reward: -49.8475
  Warning: 1 site(s) below 5 transitions
  Warning: Site 0 has 100.00% concentration
  Warning: Penalties clamped to -50.0
  Reward breakdown: R_P=0.00, R_T=0.00, R_U=0.15, R_entropy=0.00, penalties=-50.00, total=-49.85
  Coverage: 1/2 (50.00%), Transitions: [1]
  Combo comb_0004_site2_1__site2_5 reward: -49.8475
  Warning: 1 site(s) below 5 transitions
  Warning: Site 0 has 100.00% concentration
  Warning: Penalties clamped to -50.0
  Reward breakdown: R_P=0.00, R_T=0.00, R_U=0.15, R_entropy=0.00, penalties=-50.00, total=-49.85
  Coverage: 1/2 (50.00%), Transitions: [1]
  Combo comb_0018_site2_2__site2_4 reward: -49.8475
  Warning: 1 site(s) below 5 transitions
  Warning: Site 0 has 100.00% concentration
  Warning: Penalties clamped to -50.0
  Reward breakdown: R_P=0.00, R_T=0.00, R_U=0.15, R_entropy=0.00, penalties=-50.00, total=-49.85
  Coverage: 1/2 (50.00%), Transitions: [1]
  Combo comb_0001_site2_1__site2_2 reward: -49.8475
  Warning: 1 site(s) below 5 transitions
  Warning: Site 0 has 100.00% concentration
  Warning: Penalties clamped to -50.0
  Reward breakdown: R_P=0.00, R_T=0.00, R_U=0.15, R_entropy=0.00, penalties=-50.00, total=-49.85
  Coverage: 1/2 (50.00%), Transitions: [1]
  Combo comb_0062_site2_5__site2_2 reward: -49.8475
  Warning: 1 site(s) below 5 transitions
  Warning: Site 0 has 100.00% concentration
  Warning: Penalties clamped to -50.0
  Reward breakdown: R_P=0.00, R_T=0.00, R_U=0.15, R_entropy=0.00, penalties=-50.00, total=-49.85
  Coverage: 1/2 (50.00%), Transitions: [1]
  Combo comb_0108_site1_2__site1_3 reward: -49.8475
  Job 6216528 completed
  Job 6216538 completed
  Warning: 1 site(s) below 5 transitions
  Warning: Site 0 has 100.00% concentration
  Warning: Penalties clamped to -50.0
  Reward breakdown: R_P=0.00, R_T=0.00, R_U=0.15, R_entropy=0.00, penalties=-50.00, total=-49.85
  Coverage: 1/2 (50.00%), Transitions: [1]
  Combo comb_0173_site1_4__site1_6 reward: -49.8475
  Warning: 1 site(s) below 5 transitions
  Warning: Site 0 has 100.00% concentration
  Warning: Penalties clamped to -50.0
  Reward breakdown: R_P=0.00, R_T=0.00, R_U=0.15, R_entropy=0.00, penalties=-50.00, total=-49.85
  Coverage: 1/2 (50.00%), Transitions: [1]
  Combo comb_0047_site2_4__site2_2 reward: -49.8475
Epoch 1 Stats:
  Loss: -51.2079
  Avg Reward: -48.0768

--- Epoch 2/100 - Stage 1/2: pairs_single_site_easy (epoch 2/50) ---
  Applying reward overrides: {'min_transitions_per_site': 5}
Epoch 1, Combo 1/41: comb_0170_site1_4__site1_2
  Wrote variables to /home/pbowling/mllf/examples/14benz/generated_combos/comb_0170_site1_4__site1_2/run_001/variables.py
  Submitted job 6216555
Epoch 1, Combo 2/41: comb_0169_site1_4__site1_1
  Wrote variables to /home/pbowling/mllf/examples/14benz/generated_combos/comb_0169_site1_4__site1_1/run_001/variables.py
  Submitted job 6216556
Epoch 1, Combo 3/41: comb_0032_site2_3__site2_2
  Wrote variables to /home/pbowling/mllf/examples/14benz/generated_combos/comb_0032_site2_3__site2_2/run_001/variables.py
  Submitted job 6216557
Epoch 1, Combo 4/41: comb_0064_site2_5__site2_4
  Wrote variables to /home/pbowling/mllf/examples/14benz/generated_combos/comb_0064_site2_5__site2_4/run_001/variables.py
  Submitted job 6216558
Epoch 1, Combo 5/41: comb_0048_site2_4__site2_3
  Wrote variables to /home/pbowling/mllf/examples/14benz/generated_combos/comb_0048_site2_4__site2_3/run_001/variables.py
  Submitted job 6216559
Epoch 1, Combo 6/41: comb_0034_site2_3__site2_5
  Wrote variables to /home/pbowling/mllf/examples/14benz/generated_combos/comb_0034_site2_3__site2_5/run_001/variables.py
  Submitted job 6216560
Epoch 1, Combo 7/41: comb_0201_site1_5__site1_2
  Wrote variables to /home/pbowling/mllf/examples/14benz/generated_combos/comb_0201_site1_5__site1_2/run_001/variables.py
  Submitted job 6216561
Epoch 1, Combo 8/41: comb_0016_site2_2__site2_1
  Wrote variables to /home/pbowling/mllf/examples/14benz/generated_combos/comb_0016_site2_2__site2_1/run_001/variables.py
  Submitted job 6216562
Epoch 1, Combo 9/41: comb_0231_site1_6__site1_1
  Wrote variables to /home/pbowling/mllf/examples/14benz/generated_combos/comb_0231_site1_6__site1_1/run_001/variables.py
  Submitted job 6216563
Epoch 1, Combo 10/41: comb_0108_site1_2__site1_3
  Wrote variables to /home/pbowling/mllf/examples/14benz/generated_combos/comb_0108_site1_2__site1_3/run_001/variables.py
  Submitted job 6216564
Epoch 1, Combo 11/41: comb_0062_site2_5__site2_2
  Wrote variables to /home/pbowling/mllf/examples/14benz/generated_combos/comb_0062_site2_5__site2_2/run_001/variables.py
  Submitted job 6216565
Epoch 1, Combo 12/41: comb_0001_site2_1__site2_2
  Wrote variables to /home/pbowling/mllf/examples/14benz/generated_combos/comb_0001_site2_1__site2_2/run_001/variables.py
  Submitted job 6216566
Epoch 1, Combo 13/41: comb_0018_site2_2__site2_4
  Wrote variables to /home/pbowling/mllf/examples/14benz/generated_combos/comb_0018_site2_2__site2_4/run_001/variables.py
  Submitted job 6216567
Epoch 1, Combo 14/41: comb_0004_site2_1__site2_5
  Wrote variables to /home/pbowling/mllf/examples/14benz/generated_combos/comb_0004_site2_1__site2_5/run_001/variables.py
  Submitted job 6216568
Epoch 1, Combo 15/41: comb_0080_site1_1__site1_6
  Wrote variables to /home/pbowling/mllf/examples/14benz/generated_combos/comb_0080_site1_1__site1_6/run_001/variables.py
  Submitted job 6216569
Epoch 1, Combo 16/41: comb_0047_site2_4__site2_2
  Wrote variables to /home/pbowling/mllf/examples/14benz/generated_combos/comb_0047_site2_4__site2_2/run_001/variables.py
  Submitted job 6216570
Epoch 1, Combo 17/41: comb_0046_site2_4__site2_1
  Wrote variables to /home/pbowling/mllf/examples/14benz/generated_combos/comb_0046_site2_4__site2_1/run_001/variables.py
  Submitted job 6216571
Epoch 1, Combo 18/41: comb_0107_site1_2__site1_1
  Wrote variables to /home/pbowling/mllf/examples/14benz/generated_combos/comb_0107_site1_2__site1_1/run_001/variables.py
  Submitted job 6216572
Epoch 1, Combo 19/41: comb_0109_site1_2__site1_4
  Wrote variables to /home/pbowling/mllf/examples/14benz/generated_combos/comb_0109_site1_2__site1_4/run_001/variables.py
  Submitted job 6216573
Epoch 1, Combo 20/41: comb_0033_site2_3__site2_4
  Wrote variables to /home/pbowling/mllf/examples/14benz/generated_combos/comb_0033_site2_3__site2_4/run_001/variables.py
  Submitted job 6216574
Epoch 1, Combo 21/41: comb_0077_site1_1__site1_3
  Wrote variables to /home/pbowling/mllf/examples/14benz/generated_combos/comb_0077_site1_1__site1_3/run_001/variables.py
  Submitted job 6216575
Epoch 1, Combo 22/41: comb_0234_site1_6__site1_4
  Wrote variables to /home/pbowling/mllf/examples/14benz/generated_combos/comb_0234_site1_6__site1_4/run_001/variables.py
  Submitted job 6216576
Epoch 1, Combo 23/41: comb_0031_site2_3__site2_1
  Wrote variables to /home/pbowling/mllf/examples/14benz/generated_combos/comb_0031_site2_3__site2_1/run_001/variables.py
  Submitted job 6216577
Epoch 1, Combo 24/41: comb_0200_site1_5__site1_1
  Wrote variables to /home/pbowling/mllf/examples/14benz/generated_combos/comb_0200_site1_5__site1_1/run_001/variables.py
  Submitted job 6216578
Epoch 1, Combo 25/41: comb_0049_site2_4__site2_5
  Wrote variables to /home/pbowling/mllf/examples/14benz/generated_combos/comb_0049_site2_4__site2_5/run_001/variables.py
  Submitted job 6216579
Epoch 1, Combo 26/41: comb_0173_site1_4__site1_6
  Wrote variables to /home/pbowling/mllf/examples/14benz/generated_combos/comb_0173_site1_4__site1_6/run_001/variables.py
  Submitted job 6216580
Epoch 1, Combo 27/41: comb_0232_site1_6__site1_2
  Wrote variables to /home/pbowling/mllf/examples/14benz/generated_combos/comb_0232_site1_6__site1_2/run_001/variables.py
  Submitted job 6216581
Epoch 1, Combo 28/41: comb_0110_site1_2__site1_5
  Wrote variables to /home/pbowling/mllf/examples/14benz/generated_combos/comb_0110_site1_2__site1_5/run_001/variables.py
  Submitted job 6216582
Epoch 1, Combo 29/41: comb_0171_site1_4__site1_3
  Wrote variables to /home/pbowling/mllf/examples/14benz/generated_combos/comb_0171_site1_4__site1_3/run_001/variables.py
  Submitted job 6216583
Epoch 1, Combo 30/41: comb_0111_site1_2__site1_6
  Wrote variables to /home/pbowling/mllf/examples/14benz/generated_combos/comb_0111_site1_2__site1_6/run_001/variables.py
  Submitted job 6216584
Epoch 1, Combo 31/41: comb_0172_site1_4__site1_5
  Wrote variables to /home/pbowling/mllf/examples/14benz/generated_combos/comb_0172_site1_4__site1_5/run_001/variables.py
  Submitted job 6216585
Epoch 1, Combo 32/41: comb_0076_site1_1__site1_2
  Wrote variables to /home/pbowling/mllf/examples/14benz/generated_combos/comb_0076_site1_1__site1_2/run_001/variables.py
  Submitted job 6216586
Epoch 1, Combo 33/41: comb_0204_site1_5__site1_6
  Wrote variables to /home/pbowling/mllf/examples/14benz/generated_combos/comb_0204_site1_5__site1_6/run_001/variables.py
  Submitted job 6216587
Epoch 1, Combo 34/41: comb_0003_site2_1__site2_4
  Wrote variables to /home/pbowling/mllf/examples/14benz/generated_combos/comb_0003_site2_1__site2_4/run_001/variables.py
  Submitted job 6216588
Epoch 1, Combo 35/41: comb_0063_site2_5__site2_3
  Wrote variables to /home/pbowling/mllf/examples/14benz/generated_combos/comb_0063_site2_5__site2_3/run_001/variables.py
  Submitted job 6216589
Epoch 1, Combo 36/41: comb_0019_site2_2__site2_5
  Wrote variables to /home/pbowling/mllf/examples/14benz/generated_combos/comb_0019_site2_2__site2_5/run_001/variables.py
  Submitted job 6216590
Epoch 1, Combo 37/41: comb_0140_site1_3__site1_4
  Wrote variables to /home/pbowling/mllf/examples/14benz/generated_combos/comb_0140_site1_3__site1_4/run_001/variables.py
  Submitted job 6216591
Epoch 1, Combo 38/41: comb_0235_site1_6__site1_5
  Wrote variables to /home/pbowling/mllf/examples/14benz/generated_combos/comb_0235_site1_6__site1_5/run_001/variables.py
  Submitted job 6216592
Epoch 1, Combo 39/41: comb_0139_site1_3__site1_2
  Wrote variables to /home/pbowling/mllf/examples/14benz/generated_combos/comb_0139_site1_3__site1_2/run_001/variables.py
  Submitted job 6216593
Epoch 1, Combo 40/41: comb_0202_site1_5__site1_3
  Wrote variables to /home/pbowling/mllf/examples/14benz/generated_combos/comb_0202_site1_5__site1_3/run_001/variables.py
  Submitted job 6216594
Epoch 1, Combo 41/41: comb_0142_site1_3__site1_6
  Wrote variables to /home/pbowling/mllf/examples/14benz/generated_combos/comb_0142_site1_3__site1_6/run_001/variables.py
  Submitted job 6216595

Waiting for 41 remaining jobs...
  Job 6216555 completed
  Warning: 1 site(s) below 5 transitions
  Warning: Site 0 has 100.00% concentration
  Warning: Penalties clamped to -50.0
  Reward breakdown: R_P=0.00, R_T=0.00, R_U=0.15, R_entropy=0.00, penalties=-50.00, total=-49.85
  Coverage: 1/2 (50.00%), Transitions: [1]
  Combo comb_0170_site1_4__site1_2 reward: -49.8475
  Job 6216556 completed
  Job 6216557 completed
  Job 6216558 completed
  Job 6216559 completed
  Job 6216560 completed
  Job 6216562 completed
  Job 6216594 completed
  Job 6216595 completed
  Warning: 1 site(s) below 5 transitions
  Warning: Site 0 has 100.00% concentration
  Warning: Penalties clamped to -50.0
  Reward breakdown: R_P=0.00, R_T=0.00, R_U=0.15, R_entropy=0.00, penalties=-50.00, total=-49.85
  Coverage: 1/2 (50.00%), Transitions: [1]
  Combo comb_0142_site1_3__site1_6 reward: -49.8475
  Warning: 1 site(s) below 5 transitions
  Warning: Site 0 has 100.00% concentration
  Warning: Penalties clamped to -50.0
  Reward breakdown: R_P=0.00, R_T=0.00, R_U=0.15, R_entropy=0.00, penalties=-50.00, total=-49.85
  Coverage: 1/2 (50.00%), Transitions: [1]
  Combo comb_0202_site1_5__site1_3 reward: -49.8475
  Warning: 1 site(s) below 5 transitions
  Warning: Site 0 has 100.00% concentration
  Warning: Penalties clamped to -50.0
  Reward breakdown: R_P=0.00, R_T=0.00, R_U=0.15, R_entropy=0.00, penalties=-50.00, total=-49.85
  Coverage: 1/2 (50.00%), Transitions: [1]
  Combo comb_0016_site2_2__site2_1 reward: -49.8475
  Warning: 1 site(s) below 5 transitions
  Warning: Site 0 has 100.00% concentration
  Warning: Penalties clamped to -50.0
  Reward breakdown: R_P=0.00, R_T=0.00, R_U=0.15, R_entropy=0.00, penalties=-50.00, total=-49.85
  Coverage: 1/2 (50.00%), Transitions: [1]
  Combo comb_0034_site2_3__site2_5 reward: -49.8475
  Warning: 1 site(s) below 5 transitions
  Warning: Site 0 has 100.00% concentration
  Warning: Penalties clamped to -50.0
  Reward breakdown: R_P=0.00, R_T=0.00, R_U=0.15, R_entropy=0.00, penalties=-50.00, total=-49.85
  Coverage: 1/2 (50.00%), Transitions: [1]
  Combo comb_0048_site2_4__site2_3 reward: -49.8475
  Warning: 1 site(s) below 5 transitions
  Warning: Site 0 has 100.00% concentration
  Warning: Penalties clamped to -50.0
  Reward breakdown: R_P=0.00, R_T=0.00, R_U=0.15, R_entropy=0.00, penalties=-50.00, total=-49.85
  Coverage: 1/2 (50.00%), Transitions: [1]
  Combo comb_0064_site2_5__site2_4 reward: -49.8475
  Warning: 1 site(s) below 5 transitions
  Warning: Site 0 has 100.00% concentration
  Warning: Penalties clamped to -50.0
  Reward breakdown: R_P=0.00, R_T=0.00, R_U=0.15, R_entropy=0.00, penalties=-50.00, total=-49.85
  Coverage: 1/2 (50.00%), Transitions: [1]
  Combo comb_0032_site2_3__site2_2 reward: -49.8475
  Warning: 1 site(s) below 5 transitions
  Warning: Site 0 has 100.00% concentration
  Warning: Penalties clamped to -50.0
  Reward breakdown: R_P=0.00, R_T=0.00, R_U=0.15, R_entropy=0.00, penalties=-50.00, total=-49.85
  Coverage: 1/2 (50.00%), Transitions: [1]
  Combo comb_0169_site1_4__site1_1 reward: -49.8475
  Job 6216561 completed
  Job 6216563 completed
  Job 6216564 completed
  Job 6216565 completed
  Job 6216566 completed
  Job 6216567 completed
  Job 6216568 completed
  Job 6216569 completed
  Job 6216571 completed
  Job 6216572 completed
  Job 6216573 completed
  Job 6216574 completed
  Job 6216575 completed
  Job 6216576 completed
  Job 6216577 completed
  Job 6216578 completed
  Job 6216579 completed
  Job 6216580 completed
  Job 6216581 completed
  Job 6216582 completed
  Job 6216583 completed
  Job 6216584 completed
  Job 6216585 completed
  Job 6216586 completed
  Job 6216587 completed
  Job 6216588 completed
  Job 6216589 completed
  Job 6216591 completed
  Job 6216592 completed
  Job 6216593 completed
  Warning: 1 site(s) below 5 transitions
  Warning: Site 0 has 100.00% concentration
  Warning: Penalties clamped to -50.0
  Reward breakdown: R_P=0.00, R_T=0.00, R_U=0.15, R_entropy=0.00, penalties=-50.00, total=-49.85
  Coverage: 1/2 (50.00%), Transitions: [1]
  Combo comb_0139_site1_3__site1_2 reward: -49.8475
  Warning: 1 site(s) below 5 transitions
  Warning: Site 0 has 100.00% concentration
  Warning: Penalties clamped to -50.0
  Reward breakdown: R_P=0.00, R_T=0.00, R_U=0.15, R_entropy=0.00, penalties=-50.00, total=-49.85
  Coverage: 1/2 (50.00%), Transitions: [1]
  Combo comb_0235_site1_6__site1_5 reward: -49.8475
  Warning: 1 site(s) below 5 transitions
  Warning: Site 0 has 100.00% concentration
  Warning: Penalties clamped to -50.0
  Reward breakdown: R_P=0.00, R_T=0.00, R_U=0.15, R_entropy=0.00, penalties=-50.00, total=-49.85
  Coverage: 1/2 (50.00%), Transitions: [1]
  Combo comb_0140_site1_3__site1_4 reward: -49.8475
  Warning: 1 site(s) below 5 transitions
  Warning: Site 0 has 100.00% concentration
  Warning: Penalties clamped to -50.0
  Reward breakdown: R_P=0.00, R_T=0.00, R_U=0.15, R_entropy=0.00, penalties=-50.00, total=-49.85
  Coverage: 1/2 (50.00%), Transitions: [1]
  Combo comb_0063_site2_5__site2_3 reward: -49.8475
  Warning: 1 site(s) below 5 transitions
  Warning: Coverage 0.00 below minimum 0.5
  Warning: Penalties clamped to -50.0
  Reward breakdown: R_P=0.00, R_T=0.00, R_U=0.00, R_entropy=0.00, penalties=-50.00, total=-50.00
  Coverage: 0/2 (0.00%), Transitions: [0]
  Combo comb_0003_site2_1__site2_4 reward: -50.0000
  Warning: 1 site(s) below 5 transitions
  Warning: Site 0 has 100.00% concentration
  Warning: Penalties clamped to -50.0
  Reward breakdown: R_P=0.00, R_T=0.00, R_U=0.15, R_entropy=0.00, penalties=-50.00, total=-49.85
  Coverage: 1/2 (50.00%), Transitions: [1]
  Combo comb_0204_site1_5__site1_6 reward: -49.8475
  Warning: 1 site(s) below 5 transitions
  Warning: Site 0 has 100.00% concentration
  Warning: Penalties clamped to -50.0
  Reward breakdown: R_P=0.00, R_T=0.00, R_U=0.15, R_entropy=0.00, penalties=-50.00, total=-49.85
  Coverage: 1/2 (50.00%), Transitions: [1]
  Combo comb_0076_site1_1__site1_2 reward: -49.8475
  Warning: 1 site(s) below 5 transitions
  Warning: Penalties clamped to -50.0
  Reward breakdown: R_P=21.96, R_T=0.00, R_U=0.30, R_entropy=7.45, penalties=-50.00, total=-20.30
  Coverage: 2/2 (100.00%), Transitions: [2]
  Combo comb_0172_site1_4__site1_5 reward: -20.2969
  Warning: 1 site(s) below 5 transitions
  Warning: Site 0 has 100.00% concentration
  Warning: Penalties clamped to -50.0
  Reward breakdown: R_P=0.00, R_T=0.00, R_U=0.15, R_entropy=0.00, penalties=-50.00, total=-49.85
  Coverage: 1/2 (50.00%), Transitions: [1]
  Combo comb_0111_site1_2__site1_6 reward: -49.8475
  Warning: 1 site(s) below 5 transitions
  Warning: Penalties clamped to -50.0
  Reward breakdown: R_P=24.13, R_T=0.00, R_U=0.30, R_entropy=6.94, penalties=-50.00, total=-18.63
  Coverage: 2/2 (100.00%), Transitions: [2]
  Combo comb_0171_site1_4__site1_3 reward: -18.6319
  Warning: 1 site(s) below 5 transitions
  Warning: Site 0 has 100.00% concentration
  Warning: Penalties clamped to -50.0
  Reward breakdown: R_P=0.00, R_T=0.00, R_U=0.15, R_entropy=0.00, penalties=-50.00, total=-49.85
  Coverage: 1/2 (50.00%), Transitions: [1]
  Combo comb_0110_site1_2__site1_5 reward: -49.8475
  Warning: 1 site(s) below 5 transitions
  Warning: Site 0 has 100.00% concentration
  Warning: Penalties clamped to -50.0
  Reward breakdown: R_P=0.00, R_T=0.00, R_U=0.15, R_entropy=0.00, penalties=-50.00, total=-49.85
  Coverage: 1/2 (50.00%), Transitions: [1]
  Combo comb_0232_site1_6__site1_2 reward: -49.8475
  Warning: 1 site(s) below 5 transitions
  Warning: Site 0 has 100.00% concentration
  Warning: Penalties clamped to -50.0
  Reward breakdown: R_P=0.00, R_T=0.00, R_U=0.15, R_entropy=0.00, penalties=-50.00, total=-49.85
  Coverage: 1/2 (50.00%), Transitions: [1]
  Combo comb_0173_site1_4__site1_6 reward: -49.8475
  Warning: 1 site(s) below 5 transitions
  Warning: Site 0 has 100.00% concentration
  Warning: Penalties clamped to -50.0
  Reward breakdown: R_P=0.00, R_T=0.00, R_U=0.15, R_entropy=0.00, penalties=-50.00, total=-49.85
  Coverage: 1/2 (50.00%), Transitions: [1]
  Combo comb_0049_site2_4__site2_5 reward: -49.8475
  Warning: 1 site(s) below 5 transitions
  Warning: Site 0 has 100.00% concentration
  Warning: Penalties clamped to -50.0
  Reward breakdown: R_P=0.00, R_T=0.00, R_U=0.15, R_entropy=0.00, penalties=-50.00, total=-49.85
  Coverage: 1/2 (50.00%), Transitions: [1]
  Combo comb_0200_site1_5__site1_1 reward: -49.8475
  Warning: Site 0 has 99.97% concentration
  Reward breakdown: R_P=9.93, R_T=0.09, R_U=0.30, R_entropy=0.03, penalties=-3.99, total=6.35
  Coverage: 2/2 (100.00%), Transitions: [9]
  Combo comb_0031_site2_3__site2_1 reward: 6.3542
  Warning: 1 site(s) below 5 transitions
  Warning: Site 0 has 100.00% concentration
  Warning: Penalties clamped to -50.0
  Reward breakdown: R_P=0.00, R_T=0.00, R_U=0.15, R_entropy=0.00, penalties=-50.00, total=-49.85
  Coverage: 1/2 (50.00%), Transitions: [1]
  Combo comb_0234_site1_6__site1_4 reward: -49.8475
  Warning: 1 site(s) below 5 transitions
  Warning: Site 0 has 100.00% concentration
  Warning: Penalties clamped to -50.0
  Reward breakdown: R_P=0.00, R_T=0.00, R_U=0.15, R_entropy=0.00, penalties=-50.00, total=-49.85
  Coverage: 1/2 (50.00%), Transitions: [1]
  Combo comb_0077_site1_1__site1_3 reward: -49.8475
  Warning: 1 site(s) below 5 transitions
  Warning: Site 0 has 100.00% concentration
  Warning: Penalties clamped to -50.0
  Reward breakdown: R_P=0.00, R_T=0.00, R_U=0.15, R_entropy=0.00, penalties=-50.00, total=-49.85
  Coverage: 1/2 (50.00%), Transitions: [1]
  Combo comb_0033_site2_3__site2_4 reward: -49.8475
  Warning: 1 site(s) below 5 transitions
  Warning: Site 0 has 100.00% concentration
  Warning: Penalties clamped to -50.0
  Reward breakdown: R_P=0.00, R_T=0.00, R_U=0.15, R_entropy=0.00, penalties=-50.00, total=-49.85
  Coverage: 1/2 (50.00%), Transitions: [1]
  Combo comb_0109_site1_2__site1_4 reward: -49.8475
  Warning: 1 site(s) below 5 transitions
  Warning: Site 0 has 100.00% concentration
  Warning: Penalties clamped to -50.0
  Reward breakdown: R_P=0.00, R_T=0.00, R_U=0.15, R_entropy=0.00, penalties=-50.00, total=-49.85
  Coverage: 1/2 (50.00%), Transitions: [1]
  Combo comb_0107_site1_2__site1_1 reward: -49.8475
  Warning: 1 site(s) below 5 transitions
  Warning: Site 0 has 100.00% concentration
  Warning: Penalties clamped to -50.0
  Reward breakdown: R_P=0.00, R_T=0.00, R_U=0.15, R_entropy=0.00, penalties=-50.00, total=-49.85
  Coverage: 1/2 (50.00%), Transitions: [1]
  Combo comb_0046_site2_4__site2_1 reward: -49.8475
  Warning: 1 site(s) below 5 transitions
  Warning: Site 0 has 100.00% concentration
  Warning: Penalties clamped to -50.0
  Reward breakdown: R_P=0.00, R_T=0.00, R_U=0.15, R_entropy=0.00, penalties=-50.00, total=-49.85
  Coverage: 1/2 (50.00%), Transitions: [1]
  Combo comb_0080_site1_1__site1_6 reward: -49.8475
  Warning: 1 site(s) below 5 transitions
  Warning: Site 0 has 100.00% concentration
  Warning: Penalties clamped to -50.0
  Reward breakdown: R_P=0.00, R_T=0.00, R_U=0.15, R_entropy=0.00, penalties=-50.00, total=-49.85
  Coverage: 1/2 (50.00%), Transitions: [1]
  Combo comb_0004_site2_1__site2_5 reward: -49.8475
  Warning: 1 site(s) below 5 transitions
  Warning: Site 0 has 100.00% concentration
  Warning: Penalties clamped to -50.0
  Reward breakdown: R_P=0.00, R_T=0.00, R_U=0.15, R_entropy=0.00, penalties=-50.00, total=-49.85
  Coverage: 1/2 (50.00%), Transitions: [1]
  Combo comb_0018_site2_2__site2_4 reward: -49.8475
  Warning: 1 site(s) below 5 transitions
  Warning: Site 0 has 100.00% concentration
  Warning: Penalties clamped to -50.0
  Reward breakdown: R_P=0.00, R_T=0.00, R_U=0.15, R_entropy=0.00, penalties=-50.00, total=-49.85
  Coverage: 1/2 (50.00%), Transitions: [1]
  Combo comb_0001_site2_1__site2_2 reward: -49.8475
  Warning: 1 site(s) below 5 transitions
  Warning: Site 0 has 100.00% concentration
  Warning: Penalties clamped to -50.0
  Reward breakdown: R_P=0.00, R_T=0.00, R_U=0.15, R_entropy=0.00, penalties=-50.00, total=-49.85
  Coverage: 1/2 (50.00%), Transitions: [1]
  Combo comb_0062_site2_5__site2_2 reward: -49.8475
  Warning: 1 site(s) below 5 transitions
  Warning: Site 0 has 100.00% concentration
  Warning: Penalties clamped to -50.0
  Reward breakdown: R_P=0.00, R_T=0.00, R_U=0.15, R_entropy=0.00, penalties=-50.00, total=-49.85
  Coverage: 1/2 (50.00%), Transitions: [1]
  Combo comb_0108_site1_2__site1_3 reward: -49.8475
  Warning: 1 site(s) below 5 transitions
  Warning: Site 0 has 100.00% concentration
  Warning: Penalties clamped to -50.0
  Reward breakdown: R_P=0.00, R_T=0.00, R_U=0.15, R_entropy=0.00, penalties=-50.00, total=-49.85
  Coverage: 1/2 (50.00%), Transitions: [1]
  Combo comb_0231_site1_6__site1_1 reward: -49.8475
  Warning: 1 site(s) below 5 transitions
  Warning: Site 0 has 100.00% concentration
  Warning: Penalties clamped to -50.0
  Reward breakdown: R_P=0.00, R_T=0.00, R_U=0.15, R_entropy=0.00, penalties=-50.00, total=-49.85
  Coverage: 1/2 (50.00%), Transitions: [1]
  Combo comb_0201_site1_5__site1_2 reward: -49.8475
  Job 6216590 completed
  Warning: 1 site(s) below 5 transitions
  Warning: Site 0 has 100.00% concentration
  Warning: Penalties clamped to -50.0
  Reward breakdown: R_P=0.00, R_T=0.00, R_U=0.15, R_entropy=0.00, penalties=-50.00, total=-49.85
  Coverage: 1/2 (50.00%), Transitions: [1]
  Combo comb_0019_site2_2__site2_5 reward: -49.8475
  Job 6216570 completed
  Warning: 1 site(s) below 5 transitions
  Warning: Site 0 has 100.00% concentration
  Warning: Penalties clamped to -50.0
  Reward breakdown: R_P=0.00, R_T=0.00, R_U=0.15, R_entropy=0.00, penalties=-50.00, total=-49.85
  Coverage: 1/2 (50.00%), Transitions: [1]
  Combo comb_0047_site2_4__site2_2 reward: -49.8475
Epoch 2 Stats:
  Loss: -39.8394
  Avg Reward: -46.9983

--- Epoch 3/100 - Stage 1/2: pairs_single_site_easy (epoch 3/50) ---
  Applying reward overrides: {'min_transitions_per_site': 5}
Epoch 2, Combo 1/41: comb_0170_site1_4__site1_2
  Wrote variables to /home/pbowling/mllf/examples/14benz/generated_combos/comb_0170_site1_4__site1_2/run_002/variables.py
  Submitted job 6216597
Epoch 2, Combo 2/41: comb_0169_site1_4__site1_1
  Wrote variables to /home/pbowling/mllf/examples/14benz/generated_combos/comb_0169_site1_4__site1_1/run_002/variables.py
  Submitted job 6216598
Epoch 2, Combo 3/41: comb_0032_site2_3__site2_2
  Wrote variables to /home/pbowling/mllf/examples/14benz/generated_combos/comb_0032_site2_3__site2_2/run_002/variables.py
  Submitted job 6216599
Epoch 2, Combo 4/41: comb_0064_site2_5__site2_4
  Wrote variables to /home/pbowling/mllf/examples/14benz/generated_combos/comb_0064_site2_5__site2_4/run_002/variables.py
  Submitted job 6216600
Epoch 2, Combo 5/41: comb_0048_site2_4__site2_3
  Wrote variables to /home/pbowling/mllf/examples/14benz/generated_combos/comb_0048_site2_4__site2_3/run_002/variables.py
  Submitted job 6216601
Epoch 2, Combo 6/41: comb_0034_site2_3__site2_5
  Wrote variables to /home/pbowling/mllf/examples/14benz/generated_combos/comb_0034_site2_3__site2_5/run_002/variables.py
  Submitted job 6216602
Epoch 2, Combo 7/41: comb_0201_site1_5__site1_2
  Wrote variables to /home/pbowling/mllf/examples/14benz/generated_combos/comb_0201_site1_5__site1_2/run_002/variables.py
  Submitted job 6216603
Epoch 2, Combo 8/41: comb_0016_site2_2__site2_1
  Wrote variables to /home/pbowling/mllf/examples/14benz/generated_combos/comb_0016_site2_2__site2_1/run_002/variables.py
  Submitted job 6216604
Epoch 2, Combo 9/41: comb_0231_site1_6__site1_1
  Wrote variables to /home/pbowling/mllf/examples/14benz/generated_combos/comb_0231_site1_6__site1_1/run_002/variables.py
  Submitted job 6216605
Epoch 2, Combo 10/41: comb_0108_site1_2__site1_3
  Wrote variables to /home/pbowling/mllf/examples/14benz/generated_combos/comb_0108_site1_2__site1_3/run_002/variables.py
  Submitted job 6216606
Epoch 2, Combo 11/41: comb_0062_site2_5__site2_2
  Wrote variables to /home/pbowling/mllf/examples/14benz/generated_combos/comb_0062_site2_5__site2_2/run_002/variables.py
  Submitted job 6216607
Epoch 2, Combo 12/41: comb_0001_site2_1__site2_2
  Wrote variables to /home/pbowling/mllf/examples/14benz/generated_combos/comb_0001_site2_1__site2_2/run_002/variables.py
  Submitted job 6216608
Epoch 2, Combo 13/41: comb_0018_site2_2__site2_4
  Wrote variables to /home/pbowling/mllf/examples/14benz/generated_combos/comb_0018_site2_2__site2_4/run_002/variables.py
  Submitted job 6216609
Epoch 2, Combo 14/41: comb_0004_site2_1__site2_5
  Wrote variables to /home/pbowling/mllf/examples/14benz/generated_combos/comb_0004_site2_1__site2_5/run_002/variables.py
  Submitted job 6216610
Epoch 2, Combo 15/41: comb_0080_site1_1__site1_6
  Wrote variables to /home/pbowling/mllf/examples/14benz/generated_combos/comb_0080_site1_1__site1_6/run_002/variables.py
  Submitted job 6216611
Epoch 2, Combo 16/41: comb_0047_site2_4__site2_2
  Wrote variables to /home/pbowling/mllf/examples/14benz/generated_combos/comb_0047_site2_4__site2_2/run_002/variables.py
  Submitted job 6216612
Epoch 2, Combo 17/41: comb_0046_site2_4__site2_1
  Wrote variables to /home/pbowling/mllf/examples/14benz/generated_combos/comb_0046_site2_4__site2_1/run_002/variables.py
  Submitted job 6216613
Epoch 2, Combo 18/41: comb_0107_site1_2__site1_1
  Wrote variables to /home/pbowling/mllf/examples/14benz/generated_combos/comb_0107_site1_2__site1_1/run_002/variables.py
  Submitted job 6216614
Epoch 2, Combo 19/41: comb_0109_site1_2__site1_4
  Wrote variables to /home/pbowling/mllf/examples/14benz/generated_combos/comb_0109_site1_2__site1_4/run_002/variables.py
  Submitted job 6216615
Epoch 2, Combo 20/41: comb_0033_site2_3__site2_4
  Wrote variables to /home/pbowling/mllf/examples/14benz/generated_combos/comb_0033_site2_3__site2_4/run_002/variables.py
  Submitted job 6216616
Epoch 2, Combo 21/41: comb_0077_site1_1__site1_3
  Wrote variables to /home/pbowling/mllf/examples/14benz/generated_combos/comb_0077_site1_1__site1_3/run_002/variables.py
  Submitted job 6216617
Epoch 2, Combo 22/41: comb_0234_site1_6__site1_4
  Wrote variables to /home/pbowling/mllf/examples/14benz/generated_combos/comb_0234_site1_6__site1_4/run_002/variables.py
  Submitted job 6216618
Epoch 2, Combo 23/41: comb_0031_site2_3__site2_1
  Wrote variables to /home/pbowling/mllf/examples/14benz/generated_combos/comb_0031_site2_3__site2_1/run_002/variables.py
  Submitted job 6216619
Epoch 2, Combo 24/41: comb_0200_site1_5__site1_1
  Wrote variables to /home/pbowling/mllf/examples/14benz/generated_combos/comb_0200_site1_5__site1_1/run_002/variables.py
  Submitted job 6216620
Epoch 2, Combo 25/41: comb_0049_site2_4__site2_5
  Wrote variables to /home/pbowling/mllf/examples/14benz/generated_combos/comb_0049_site2_4__site2_5/run_002/variables.py
  Submitted job 6216621
Epoch 2, Combo 26/41: comb_0173_site1_4__site1_6
  Wrote variables to /home/pbowling/mllf/examples/14benz/generated_combos/comb_0173_site1_4__site1_6/run_002/variables.py
  Submitted job 6216622
Epoch 2, Combo 27/41: comb_0232_site1_6__site1_2
  Wrote variables to /home/pbowling/mllf/examples/14benz/generated_combos/comb_0232_site1_6__site1_2/run_002/variables.py
  Submitted job 6216623
Epoch 2, Combo 28/41: comb_0110_site1_2__site1_5
  Wrote variables to /home/pbowling/mllf/examples/14benz/generated_combos/comb_0110_site1_2__site1_5/run_002/variables.py
  Submitted job 6216624
Epoch 2, Combo 29/41: comb_0171_site1_4__site1_3
  Wrote variables to /home/pbowling/mllf/examples/14benz/generated_combos/comb_0171_site1_4__site1_3/run_002/variables.py
  Submitted job 6216625
Epoch 2, Combo 30/41: comb_0111_site1_2__site1_6
  Wrote variables to /home/pbowling/mllf/examples/14benz/generated_combos/comb_0111_site1_2__site1_6/run_002/variables.py
  Submitted job 6216626
Epoch 2, Combo 31/41: comb_0172_site1_4__site1_5
  Wrote variables to /home/pbowling/mllf/examples/14benz/generated_combos/comb_0172_site1_4__site1_5/run_002/variables.py
  Submitted job 6216627
Epoch 2, Combo 32/41: comb_0076_site1_1__site1_2
  Wrote variables to /home/pbowling/mllf/examples/14benz/generated_combos/comb_0076_site1_1__site1_2/run_002/variables.py
  Submitted job 6216628
Epoch 2, Combo 33/41: comb_0204_site1_5__site1_6
  Wrote variables to /home/pbowling/mllf/examples/14benz/generated_combos/comb_0204_site1_5__site1_6/run_002/variables.py
  Submitted job 6216629
Epoch 2, Combo 34/41: comb_0003_site2_1__site2_4
  Wrote variables to /home/pbowling/mllf/examples/14benz/generated_combos/comb_0003_site2_1__site2_4/run_002/variables.py
  Submitted job 6216630
Epoch 2, Combo 35/41: comb_0063_site2_5__site2_3
  Wrote variables to /home/pbowling/mllf/examples/14benz/generated_combos/comb_0063_site2_5__site2_3/run_002/variables.py
  Submitted job 6216631
Epoch 2, Combo 36/41: comb_0019_site2_2__site2_5
  Wrote variables to /home/pbowling/mllf/examples/14benz/generated_combos/comb_0019_site2_2__site2_5/run_002/variables.py
  Submitted job 6216632
Epoch 2, Combo 37/41: comb_0140_site1_3__site1_4
  Wrote variables to /home/pbowling/mllf/examples/14benz/generated_combos/comb_0140_site1_3__site1_4/run_002/variables.py
  Submitted job 6216633
Epoch 2, Combo 38/41: comb_0235_site1_6__site1_5
  Wrote variables to /home/pbowling/mllf/examples/14benz/generated_combos/comb_0235_site1_6__site1_5/run_002/variables.py
  Submitted job 6216634
Epoch 2, Combo 39/41: comb_0139_site1_3__site1_2
  Wrote variables to /home/pbowling/mllf/examples/14benz/generated_combos/comb_0139_site1_3__site1_2/run_002/variables.py
  Submitted job 6216635
Epoch 2, Combo 40/41: comb_0202_site1_5__site1_3
  Wrote variables to /home/pbowling/mllf/examples/14benz/generated_combos/comb_0202_site1_5__site1_3/run_002/variables.py
  Submitted job 6216636
Epoch 2, Combo 41/41: comb_0142_site1_3__site1_6
  Wrote variables to /home/pbowling/mllf/examples/14benz/generated_combos/comb_0142_site1_3__site1_6/run_002/variables.py
  Submitted job 6216637

Waiting for 41 remaining jobs...
  Job 6216597 completed
  Job 6216598 completed
  Job 6216599 completed
  Warning: 1 site(s) below 5 transitions
  Warning: Site 0 has 100.00% concentration
  Warning: Penalties clamped to -50.0
  Reward breakdown: R_P=0.00, R_T=0.00, R_U=0.15, R_entropy=0.00, penalties=-50.00, total=-49.85
  Coverage: 1/2 (50.00%), Transitions: [1]
  Combo comb_0032_site2_3__site2_2 reward: -49.8475
  Warning: 1 site(s) below 5 transitions
  Warning: Site 0 has 100.00% concentration
  Warning: Penalties clamped to -50.0
  Reward breakdown: R_P=0.00, R_T=0.00, R_U=0.15, R_entropy=0.00, penalties=-50.00, total=-49.85
  Coverage: 1/2 (50.00%), Transitions: [1]
  Combo comb_0169_site1_4__site1_1 reward: -49.8475
  Warning: 1 site(s) below 5 transitions
  Warning: Penalties clamped to -50.0
  Reward breakdown: R_P=26.46, R_T=0.00, R_U=0.30, R_entropy=7.47, penalties=-50.00, total=-15.77
  Coverage: 2/2 (100.00%), Transitions: [2]
  Combo comb_0170_site1_4__site1_2 reward: -15.7729
  Job 6216600 completed
  Job 6216601 completed
  Job 6216602 completed
  Job 6216603 completed
  Job 6216604 completed
  Job 6216605 completed
  Job 6216636 completed
  Job 6216637 completed
  Warning: 1 site(s) below 5 transitions
  Warning: Site 0 has 100.00% concentration
  Warning: Penalties clamped to -50.0
  Reward breakdown: R_P=0.00, R_T=0.00, R_U=0.15, R_entropy=0.00, penalties=-50.00, total=-49.85
  Coverage: 1/2 (50.00%), Transitions: [1]
  Combo comb_0142_site1_3__site1_6 reward: -49.8475
  Warning: 1 site(s) below 5 transitions
  Warning: Penalties clamped to -50.0
  Reward breakdown: R_P=28.25, R_T=0.00, R_U=0.30, R_entropy=7.73, penalties=-50.00, total=-13.72
  Coverage: 2/2 (100.00%), Transitions: [2]
  Combo comb_0202_site1_5__site1_3 reward: -13.7172
  Warning: 1 site(s) below 5 transitions
  Warning: Site 0 has 100.00% concentration
  Warning: Penalties clamped to -50.0
  Reward breakdown: R_P=0.00, R_T=0.00, R_U=0.15, R_entropy=0.00, penalties=-50.00, total=-49.85
  Coverage: 1/2 (50.00%), Transitions: [1]
  Combo comb_0231_site1_6__site1_1 reward: -49.8475
  Warning: 1 site(s) below 5 transitions
  Warning: Site 0 has 100.00% concentration
  Warning: Penalties clamped to -50.0
  Reward breakdown: R_P=0.00, R_T=0.00, R_U=0.15, R_entropy=0.00, penalties=-50.00, total=-49.85
  Coverage: 1/2 (50.00%), Transitions: [1]
  Combo comb_0016_site2_2__site2_1 reward: -49.8475
  Warning: 1 site(s) below 5 transitions
  Warning: Site 0 has 100.00% concentration
  Warning: Penalties clamped to -50.0
  Reward breakdown: R_P=0.00, R_T=0.00, R_U=0.15, R_entropy=0.00, penalties=-50.00, total=-49.85
  Coverage: 1/2 (50.00%), Transitions: [1]
  Combo comb_0201_site1_5__site1_2 reward: -49.8475
  Warning: 1 site(s) below 5 transitions
  Warning: Site 0 has 100.00% concentration
  Warning: Penalties clamped to -50.0
  Reward breakdown: R_P=0.00, R_T=0.00, R_U=0.15, R_entropy=0.00, penalties=-50.00, total=-49.85
  Coverage: 1/2 (50.00%), Transitions: [1]
  Combo comb_0034_site2_3__site2_5 reward: -49.8475
  Warning: 1 site(s) below 5 transitions
  Warning: Site 0 has 100.00% concentration
  Warning: Penalties clamped to -50.0
  Reward breakdown: R_P=0.00, R_T=0.00, R_U=0.15, R_entropy=0.00, penalties=-50.00, total=-49.85
  Coverage: 1/2 (50.00%), Transitions: [1]
  Combo comb_0048_site2_4__site2_3 reward: -49.8475
  Warning: 1 site(s) below 5 transitions
  Warning: Site 0 has 100.00% concentration
  Warning: Penalties clamped to -50.0
  Reward breakdown: R_P=0.00, R_T=0.00, R_U=0.15, R_entropy=0.00, penalties=-50.00, total=-49.85
  Coverage: 1/2 (50.00%), Transitions: [1]
  Combo comb_0064_site2_5__site2_4 reward: -49.8475
  Job 6216606 completed
  Job 6216607 completed
  Job 6216608 completed
  Job 6216609 completed
  Job 6216610 completed
  Job 6216611 completed
  Job 6216613 completed
  Job 6216614 completed
  Job 6216615 completed
  Job 6216616 completed
  Job 6216617 completed
  Job 6216618 completed
  Job 6216619 completed
  Job 6216620 completed
  Job 6216622 completed
  Job 6216623 completed
  Job 6216624 completed
  Job 6216625 completed
  Job 6216626 completed
  Job 6216627 completed
  Job 6216628 completed
  Job 6216629 completed
  Job 6216630 completed
  Job 6216631 completed
  Job 6216632 completed
  Job 6216633 completed
  Job 6216634 completed
  Job 6216635 completed
  Warning: 1 site(s) below 5 transitions
  Warning: Site 0 has 100.00% concentration
  Warning: Penalties clamped to -50.0
  Reward breakdown: R_P=0.00, R_T=0.00, R_U=0.15, R_entropy=0.00, penalties=-50.00, total=-49.85
  Coverage: 1/2 (50.00%), Transitions: [1]
  Combo comb_0139_site1_3__site1_2 reward: -49.8475
  Warning: 1 site(s) below 5 transitions
  Warning: Site 0 has 100.00% concentration
  Warning: Penalties clamped to -50.0
  Reward breakdown: R_P=0.00, R_T=0.00, R_U=0.15, R_entropy=0.00, penalties=-50.00, total=-49.85
  Coverage: 1/2 (50.00%), Transitions: [1]
  Combo comb_0235_site1_6__site1_5 reward: -49.8475
  Warning: 1 site(s) below 5 transitions
  Warning: Site 0 has 100.00% concentration
  Warning: Penalties clamped to -50.0
  Reward breakdown: R_P=0.00, R_T=0.00, R_U=0.15, R_entropy=0.00, penalties=-50.00, total=-49.85
  Coverage: 1/2 (50.00%), Transitions: [1]
  Combo comb_0140_site1_3__site1_4 reward: -49.8475
  Warning: 1 site(s) below 5 transitions
  Warning: Site 0 has 100.00% concentration
  Warning: Penalties clamped to -50.0
  Reward breakdown: R_P=0.00, R_T=0.00, R_U=0.15, R_entropy=0.00, penalties=-50.00, total=-49.85
  Coverage: 1/2 (50.00%), Transitions: [1]
  Combo comb_0019_site2_2__site2_5 reward: -49.8475
  Warning: Site 0 has 99.40% concentration
  Reward breakdown: R_P=4.75, R_T=0.49, R_U=0.30, R_entropy=0.43, penalties=-3.88, total=2.09
  Coverage: 2/2 (100.00%), Transitions: [33]
  Combo comb_0063_site2_5__site2_3 reward: 2.0892
  Warning: Site 0 has 99.98% concentration
  Reward breakdown: R_P=11.94, R_T=0.09, R_U=0.30, R_entropy=0.02, penalties=-4.00, total=8.35
  Coverage: 2/2 (100.00%), Transitions: [9]
  Combo comb_0003_site2_1__site2_4 reward: 8.3504
  Warning: 1 site(s) below 5 transitions
  Warning: Site 0 has 100.00% concentration
  Warning: Penalties clamped to -50.0
  Reward breakdown: R_P=0.00, R_T=0.00, R_U=0.15, R_entropy=0.00, penalties=-50.00, total=-49.85
  Coverage: 1/2 (50.00%), Transitions: [1]
  Combo comb_0204_site1_5__site1_6 reward: -49.8475
  Warning: 1 site(s) below 5 transitions
  Warning: Site 0 has 100.00% concentration
  Warning: Penalties clamped to -50.0
  Reward breakdown: R_P=0.00, R_T=0.00, R_U=0.15, R_entropy=0.00, penalties=-50.00, total=-49.85
  Coverage: 1/2 (50.00%), Transitions: [1]
  Combo comb_0076_site1_1__site1_2 reward: -49.8475
  Warning: 1 site(s) below 5 transitions
  Warning: Penalties clamped to -50.0
  Reward breakdown: R_P=24.53, R_T=0.00, R_U=0.30, R_entropy=7.08, penalties=-50.00, total=-18.09
  Coverage: 2/2 (100.00%), Transitions: [2]
  Combo comb_0172_site1_4__site1_5 reward: -18.0859
  Warning: 1 site(s) below 5 transitions
  Warning: Site 0 has 100.00% concentration
  Warning: Penalties clamped to -50.0
  Reward breakdown: R_P=0.00, R_T=0.00, R_U=0.15, R_entropy=0.00, penalties=-50.00, total=-49.85
  Coverage: 1/2 (50.00%), Transitions: [1]
  Combo comb_0111_site1_2__site1_6 reward: -49.8475
  Warning: 1 site(s) below 5 transitions
  Warning: Site 0 has 100.00% concentration
  Warning: Penalties clamped to -50.0
  Reward breakdown: R_P=0.00, R_T=0.00, R_U=0.15, R_entropy=0.00, penalties=-50.00, total=-49.85
  Coverage: 1/2 (50.00%), Transitions: [1]
  Combo comb_0171_site1_4__site1_3 reward: -49.8475
  Warning: 1 site(s) below 5 transitions
  Warning: Site 0 has 100.00% concentration
  Warning: Penalties clamped to -50.0
  Reward breakdown: R_P=0.00, R_T=0.00, R_U=0.15, R_entropy=0.00, penalties=-50.00, total=-49.85
  Coverage: 1/2 (50.00%), Transitions: [1]
  Combo comb_0110_site1_2__site1_5 reward: -49.8475
  Warning: 1 site(s) below 5 transitions
  Warning: Site 0 has 100.00% concentration
  Warning: Penalties clamped to -50.0
  Reward breakdown: R_P=0.00, R_T=0.00, R_U=0.15, R_entropy=0.00, penalties=-50.00, total=-49.85
  Coverage: 1/2 (50.00%), Transitions: [1]
  Combo comb_0232_site1_6__site1_2 reward: -49.8475
  Warning: 1 site(s) below 5 transitions
  Warning: Site 0 has 100.00% concentration
  Warning: Penalties clamped to -50.0
  Reward breakdown: R_P=0.00, R_T=0.00, R_U=0.15, R_entropy=0.00, penalties=-50.00, total=-49.85
  Coverage: 1/2 (50.00%), Transitions: [1]
  Combo comb_0173_site1_4__site1_6 reward: -49.8475
  Warning: 1 site(s) below 5 transitions
  Warning: Site 0 has 100.00% concentration
  Warning: Penalties clamped to -50.0
  Reward breakdown: R_P=0.00, R_T=0.00, R_U=0.15, R_entropy=0.00, penalties=-50.00, total=-49.85
  Coverage: 1/2 (50.00%), Transitions: [1]
  Combo comb_0200_site1_5__site1_1 reward: -49.8475
  Warning: 1 site(s) below 5 transitions
  Warning: Site 0 has 100.00% concentration
  Warning: Penalties clamped to -50.0
  Reward breakdown: R_P=0.00, R_T=0.00, R_U=0.15, R_entropy=0.00, penalties=-50.00, total=-49.85
  Coverage: 1/2 (50.00%), Transitions: [1]
  Combo comb_0031_site2_3__site2_1 reward: -49.8475
  Warning: 1 site(s) below 5 transitions
  Warning: Site 0 has 100.00% concentration
  Warning: Penalties clamped to -50.0
  Reward breakdown: R_P=0.00, R_T=0.00, R_U=0.15, R_entropy=0.00, penalties=-50.00, total=-49.85
  Coverage: 1/2 (50.00%), Transitions: [1]
  Combo comb_0234_site1_6__site1_4 reward: -49.8475
  Warning: 1 site(s) below 5 transitions
  Warning: Site 0 has 100.00% concentration
  Warning: Penalties clamped to -50.0
  Reward breakdown: R_P=0.00, R_T=0.00, R_U=0.15, R_entropy=0.00, penalties=-50.00, total=-49.85
  Coverage: 1/2 (50.00%), Transitions: [1]
  Combo comb_0077_site1_1__site1_3 reward: -49.8475
  Warning: 1 site(s) below 5 transitions
  Warning: Site 0 has 100.00% concentration
  Warning: Penalties clamped to -50.0
  Reward breakdown: R_P=0.00, R_T=0.00, R_U=0.15, R_entropy=0.00, penalties=-50.00, total=-49.85
  Coverage: 1/2 (50.00%), Transitions: [1]
  Combo comb_0033_site2_3__site2_4 reward: -49.8475
  Warning: 1 site(s) below 5 transitions
  Warning: Site 0 has 100.00% concentration
  Warning: Penalties clamped to -50.0
  Reward breakdown: R_P=0.00, R_T=0.00, R_U=0.15, R_entropy=0.00, penalties=-50.00, total=-49.85
  Coverage: 1/2 (50.00%), Transitions: [1]
  Combo comb_0109_site1_2__site1_4 reward: -49.8475
  Warning: 1 site(s) below 5 transitions
  Warning: Site 0 has 100.00% concentration
  Warning: Penalties clamped to -50.0
  Reward breakdown: R_P=0.00, R_T=0.00, R_U=0.15, R_entropy=0.00, penalties=-50.00, total=-49.85
  Coverage: 1/2 (50.00%), Transitions: [1]
  Combo comb_0107_site1_2__site1_1 reward: -49.8475
  Warning: 1 site(s) below 5 transitions
  Warning: Site 0 has 94.34% concentration
  Warning: Penalties clamped to -50.0
  Reward breakdown: R_P=0.02, R_T=0.00, R_U=0.30, R_entropy=2.51, penalties=-50.00, total=-47.17
  Coverage: 2/2 (100.00%), Transitions: [3]
  Combo comb_0046_site2_4__site2_1 reward: -47.1677
  Warning: 1 site(s) below 5 transitions
  Warning: Site 0 has 100.00% concentration
  Warning: Penalties clamped to -50.0
  Reward breakdown: R_P=0.00, R_T=0.00, R_U=0.15, R_entropy=0.00, penalties=-50.00, total=-49.85
  Coverage: 1/2 (50.00%), Transitions: [1]
  Combo comb_0080_site1_1__site1_6 reward: -49.8475
  Warning: 1 site(s) below 5 transitions
  Warning: Site 0 has 99.93% concentration
  Warning: Penalties clamped to -50.0
  Reward breakdown: R_P=3.30, R_T=0.00, R_U=0.30, R_entropy=0.06, penalties=-50.00, total=-46.34
  Coverage: 2/2 (100.00%), Transitions: [2]
  Combo comb_0004_site2_1__site2_5 reward: -46.3359
  Warning: 1 site(s) below 5 transitions
  Warning: Site 0 has 100.00% concentration
  Warning: Penalties clamped to -50.0
  Reward breakdown: R_P=0.00, R_T=0.00, R_U=0.15, R_entropy=0.00, penalties=-50.00, total=-49.85
  Coverage: 1/2 (50.00%), Transitions: [1]
  Combo comb_0018_site2_2__site2_4 reward: -49.8475
  Warning: 1 site(s) below 5 transitions
  Warning: Site 0 has 100.00% concentration
  Warning: Penalties clamped to -50.0
  Reward breakdown: R_P=0.00, R_T=0.00, R_U=0.15, R_entropy=0.00, penalties=-50.00, total=-49.85
  Coverage: 1/2 (50.00%), Transitions: [1]
  Combo comb_0001_site2_1__site2_2 reward: -49.8475
  Warning: 1 site(s) below 5 transitions
  Warning: Site 0 has 100.00% concentration
  Warning: Penalties clamped to -50.0
  Reward breakdown: R_P=0.00, R_T=0.00, R_U=0.15, R_entropy=0.00, penalties=-50.00, total=-49.85
  Coverage: 1/2 (50.00%), Transitions: [1]
  Combo comb_0062_site2_5__site2_2 reward: -49.8475
  Warning: 1 site(s) below 5 transitions
  Warning: Site 0 has 100.00% concentration
  Warning: Penalties clamped to -50.0
  Reward breakdown: R_P=0.00, R_T=0.00, R_U=0.15, R_entropy=0.00, penalties=-50.00, total=-49.85
  Coverage: 1/2 (50.00%), Transitions: [1]
  Combo comb_0108_site1_2__site1_3 reward: -49.8475
  Job 6216621 completed
  Warning: 1 site(s) below 5 transitions
  Warning: Site 0 has 100.00% concentration
  Warning: Penalties clamped to -50.0
  Reward breakdown: R_P=0.00, R_T=0.00, R_U=0.15, R_entropy=0.00, penalties=-50.00, total=-49.85
  Coverage: 1/2 (50.00%), Transitions: [1]
  Combo comb_0049_site2_4__site2_5 reward: -49.8475
  Job 6216612 completed
  Warning: 1 site(s) below 5 transitions
  Warning: Site 0 has 100.00% concentration
  Warning: Penalties clamped to -50.0
  Reward breakdown: R_P=0.00, R_T=0.00, R_U=0.15, R_entropy=0.00, penalties=-50.00, total=-49.85
  Coverage: 1/2 (50.00%), Transitions: [1]
  Combo comb_0047_site2_4__site2_2 reward: -49.8475
Epoch 3 Stats:
  Loss: -339.4717
  Avg Reward: -44.5233

--- Epoch 4/100 - Stage 1/2: pairs_single_site_easy (epoch 4/50) ---
  Applying reward overrides: {'min_transitions_per_site': 5}
Epoch 3, Combo 1/41: comb_0170_site1_4__site1_2
  Wrote variables to /home/pbowling/mllf/examples/14benz/generated_combos/comb_0170_site1_4__site1_2/run_003/variables.py
  Submitted job 6216638
Epoch 3, Combo 2/41: comb_0169_site1_4__site1_1
  Wrote variables to /home/pbowling/mllf/examples/14benz/generated_combos/comb_0169_site1_4__site1_1/run_003/variables.py
  Submitted job 6216639
Epoch 3, Combo 3/41: comb_0032_site2_3__site2_2
  Wrote variables to /home/pbowling/mllf/examples/14benz/generated_combos/comb_0032_site2_3__site2_2/run_003/variables.py
  Submitted job 6216640
Epoch 3, Combo 4/41: comb_0064_site2_5__site2_4
  Wrote variables to /home/pbowling/mllf/examples/14benz/generated_combos/comb_0064_site2_5__site2_4/run_003/variables.py
  Submitted job 6216641
Epoch 3, Combo 5/41: comb_0048_site2_4__site2_3
  Wrote variables to /home/pbowling/mllf/examples/14benz/generated_combos/comb_0048_site2_4__site2_3/run_003/variables.py
  Submitted job 6216642
Epoch 3, Combo 6/41: comb_0034_site2_3__site2_5
  Wrote variables to /home/pbowling/mllf/examples/14benz/generated_combos/comb_0034_site2_3__site2_5/run_003/variables.py
  Submitted job 6216643
Epoch 3, Combo 7/41: comb_0201_site1_5__site1_2
  Wrote variables to /home/pbowling/mllf/examples/14benz/generated_combos/comb_0201_site1_5__site1_2/run_003/variables.py
  Submitted job 6216644
Epoch 3, Combo 8/41: comb_0016_site2_2__site2_1
  Wrote variables to /home/pbowling/mllf/examples/14benz/generated_combos/comb_0016_site2_2__site2_1/run_003/variables.py
  Submitted job 6216645
Epoch 3, Combo 9/41: comb_0231_site1_6__site1_1
  Wrote variables to /home/pbowling/mllf/examples/14benz/generated_combos/comb_0231_site1_6__site1_1/run_003/variables.py
  Submitted job 6216646
Epoch 3, Combo 10/41: comb_0108_site1_2__site1_3
  Wrote variables to /home/pbowling/mllf/examples/14benz/generated_combos/comb_0108_site1_2__site1_3/run_003/variables.py
  Submitted job 6216647
Epoch 3, Combo 11/41: comb_0062_site2_5__site2_2
  Wrote variables to /home/pbowling/mllf/examples/14benz/generated_combos/comb_0062_site2_5__site2_2/run_003/variables.py
  Submitted job 6216648
Epoch 3, Combo 12/41: comb_0001_site2_1__site2_2
  Wrote variables to /home/pbowling/mllf/examples/14benz/generated_combos/comb_0001_site2_1__site2_2/run_003/variables.py
  Submitted job 6216649
Epoch 3, Combo 13/41: comb_0018_site2_2__site2_4
  Wrote variables to /home/pbowling/mllf/examples/14benz/generated_combos/comb_0018_site2_2__site2_4/run_003/variables.py
  Submitted job 6216650
Epoch 3, Combo 14/41: comb_0004_site2_1__site2_5
  Wrote variables to /home/pbowling/mllf/examples/14benz/generated_combos/comb_0004_site2_1__site2_5/run_003/variables.py
  Submitted job 6216651
Epoch 3, Combo 15/41: comb_0080_site1_1__site1_6
  Wrote variables to /home/pbowling/mllf/examples/14benz/generated_combos/comb_0080_site1_1__site1_6/run_003/variables.py
  Submitted job 6216652
Epoch 3, Combo 16/41: comb_0047_site2_4__site2_2
  Wrote variables to /home/pbowling/mllf/examples/14benz/generated_combos/comb_0047_site2_4__site2_2/run_003/variables.py
  Submitted job 6216653
Epoch 3, Combo 17/41: comb_0046_site2_4__site2_1
  Wrote variables to /home/pbowling/mllf/examples/14benz/generated_combos/comb_0046_site2_4__site2_1/run_003/variables.py
  Submitted job 6216654
Epoch 3, Combo 18/41: comb_0107_site1_2__site1_1
  Wrote variables to /home/pbowling/mllf/examples/14benz/generated_combos/comb_0107_site1_2__site1_1/run_003/variables.py
  Submitted job 6216655
Epoch 3, Combo 19/41: comb_0109_site1_2__site1_4
  Wrote variables to /home/pbowling/mllf/examples/14benz/generated_combos/comb_0109_site1_2__site1_4/run_003/variables.py
  Submitted job 6216656
Epoch 3, Combo 20/41: comb_0033_site2_3__site2_4
  Wrote variables to /home/pbowling/mllf/examples/14benz/generated_combos/comb_0033_site2_3__site2_4/run_003/variables.py
  Submitted job 6216657
Epoch 3, Combo 21/41: comb_0077_site1_1__site1_3
  Wrote variables to /home/pbowling/mllf/examples/14benz/generated_combos/comb_0077_site1_1__site1_3/run_003/variables.py
  Submitted job 6216658
Epoch 3, Combo 22/41: comb_0234_site1_6__site1_4
  Wrote variables to /home/pbowling/mllf/examples/14benz/generated_combos/comb_0234_site1_6__site1_4/run_003/variables.py
  Submitted job 6216659
Epoch 3, Combo 23/41: comb_0031_site2_3__site2_1
  Wrote variables to /home/pbowling/mllf/examples/14benz/generated_combos/comb_0031_site2_3__site2_1/run_003/variables.py
  Submitted job 6216660
Epoch 3, Combo 24/41: comb_0200_site1_5__site1_1
  Wrote variables to /home/pbowling/mllf/examples/14benz/generated_combos/comb_0200_site1_5__site1_1/run_003/variables.py
  Submitted job 6216661
Epoch 3, Combo 25/41: comb_0049_site2_4__site2_5
  Wrote variables to /home/pbowling/mllf/examples/14benz/generated_combos/comb_0049_site2_4__site2_5/run_003/variables.py
  Submitted job 6216662
Epoch 3, Combo 26/41: comb_0173_site1_4__site1_6
  Wrote variables to /home/pbowling/mllf/examples/14benz/generated_combos/comb_0173_site1_4__site1_6/run_003/variables.py
  Submitted job 6216663
Epoch 3, Combo 27/41: comb_0232_site1_6__site1_2
  Wrote variables to /home/pbowling/mllf/examples/14benz/generated_combos/comb_0232_site1_6__site1_2/run_003/variables.py
  Submitted job 6216664
Epoch 3, Combo 28/41: comb_0110_site1_2__site1_5
  Wrote variables to /home/pbowling/mllf/examples/14benz/generated_combos/comb_0110_site1_2__site1_5/run_003/variables.py
  Submitted job 6216665
Epoch 3, Combo 29/41: comb_0171_site1_4__site1_3
  Wrote variables to /home/pbowling/mllf/examples/14benz/generated_combos/comb_0171_site1_4__site1_3/run_003/variables.py
  Submitted job 6216666
Epoch 3, Combo 30/41: comb_0111_site1_2__site1_6
  Wrote variables to /home/pbowling/mllf/examples/14benz/generated_combos/comb_0111_site1_2__site1_6/run_003/variables.py
  Submitted job 6216667
Epoch 3, Combo 31/41: comb_0172_site1_4__site1_5
  Wrote variables to /home/pbowling/mllf/examples/14benz/generated_combos/comb_0172_site1_4__site1_5/run_003/variables.py
  Submitted job 6216668
Epoch 3, Combo 32/41: comb_0076_site1_1__site1_2
  Wrote variables to /home/pbowling/mllf/examples/14benz/generated_combos/comb_0076_site1_1__site1_2/run_003/variables.py
  Submitted job 6216669
Epoch 3, Combo 33/41: comb_0204_site1_5__site1_6
  Wrote variables to /home/pbowling/mllf/examples/14benz/generated_combos/comb_0204_site1_5__site1_6/run_003/variables.py
  Submitted job 6216670
Epoch 3, Combo 34/41: comb_0003_site2_1__site2_4
  Wrote variables to /home/pbowling/mllf/examples/14benz/generated_combos/comb_0003_site2_1__site2_4/run_003/variables.py
  Submitted job 6216671
Epoch 3, Combo 35/41: comb_0063_site2_5__site2_3
  Wrote variables to /home/pbowling/mllf/examples/14benz/generated_combos/comb_0063_site2_5__site2_3/run_003/variables.py
  Submitted job 6216672
Epoch 3, Combo 36/41: comb_0019_site2_2__site2_5
  Wrote variables to /home/pbowling/mllf/examples/14benz/generated_combos/comb_0019_site2_2__site2_5/run_003/variables.py
  Submitted job 6216673
Epoch 3, Combo 37/41: comb_0140_site1_3__site1_4
  Wrote variables to /home/pbowling/mllf/examples/14benz/generated_combos/comb_0140_site1_3__site1_4/run_003/variables.py
  Submitted job 6216674
Epoch 3, Combo 38/41: comb_0235_site1_6__site1_5
  Wrote variables to /home/pbowling/mllf/examples/14benz/generated_combos/comb_0235_site1_6__site1_5/run_003/variables.py
  Submitted job 6216675
Epoch 3, Combo 39/41: comb_0139_site1_3__site1_2
  Wrote variables to /home/pbowling/mllf/examples/14benz/generated_combos/comb_0139_site1_3__site1_2/run_003/variables.py
  Submitted job 6216676
Epoch 3, Combo 40/41: comb_0202_site1_5__site1_3
  Wrote variables to /home/pbowling/mllf/examples/14benz/generated_combos/comb_0202_site1_5__site1_3/run_003/variables.py
  Submitted job 6216677
Epoch 3, Combo 41/41: comb_0142_site1_3__site1_6
  Wrote variables to /home/pbowling/mllf/examples/14benz/generated_combos/comb_0142_site1_3__site1_6/run_003/variables.py
  Submitted job 6216678

Waiting for 41 remaining jobs...
  Job 6216638 completed
  Job 6216639 completed
  Job 6216640 completed
  Warning: 1 site(s) below 5 transitions
  Warning: Site 0 has 100.00% concentration
  Warning: Penalties clamped to -50.0
  Reward breakdown: R_P=0.00, R_T=0.00, R_U=0.15, R_entropy=0.00, penalties=-50.00, total=-49.85
  Coverage: 1/2 (50.00%), Transitions: [1]
  Combo comb_0032_site2_3__site2_2 reward: -49.8475
  Warning: 1 site(s) below 5 transitions
  Warning: Site 0 has 100.00% concentration
  Warning: Penalties clamped to -50.0
  Reward breakdown: R_P=0.00, R_T=0.00, R_U=0.15, R_entropy=0.00, penalties=-50.00, total=-49.85
  Coverage: 1/2 (50.00%), Transitions: [1]
  Combo comb_0169_site1_4__site1_1 reward: -49.8475
  Warning: 1 site(s) below 5 transitions
  Warning: Site 0 has 100.00% concentration
  Warning: Penalties clamped to -50.0
  Reward breakdown: R_P=0.00, R_T=0.00, R_U=0.15, R_entropy=0.00, penalties=-50.00, total=-49.85
  Coverage: 1/2 (50.00%), Transitions: [1]
  Combo comb_0170_site1_4__site1_2 reward: -49.8475
  Job 6216641 completed
  Job 6216642 completed
  Job 6216643 completed
  Job 6216645 completed
  Job 6216646 completed
  Job 6216677 completed
  Job 6216678 completed
  Warning: 1 site(s) below 5 transitions
  Warning: Site 0 has 100.00% concentration
  Warning: Penalties clamped to -50.0
  Reward breakdown: R_P=0.00, R_T=0.00, R_U=0.15, R_entropy=0.00, penalties=-50.00, total=-49.85
  Coverage: 1/2 (50.00%), Transitions: [1]
  Combo comb_0142_site1_3__site1_6 reward: -49.8475
  Warning: 1 site(s) below 5 transitions
  Warning: Site 0 has 100.00% concentration
  Warning: Penalties clamped to -50.0
  Reward breakdown: R_P=0.00, R_T=0.00, R_U=0.15, R_entropy=0.00, penalties=-50.00, total=-49.85
  Coverage: 1/2 (50.00%), Transitions: [1]
  Combo comb_0202_site1_5__site1_3 reward: -49.8475
  Warning: 1 site(s) below 5 transitions
  Warning: Site 0 has 100.00% concentration
  Warning: Penalties clamped to -50.0
  Reward breakdown: R_P=0.00, R_T=0.00, R_U=0.15, R_entropy=0.00, penalties=-50.00, total=-49.85
  Coverage: 1/2 (50.00%), Transitions: [1]
  Combo comb_0231_site1_6__site1_1 reward: -49.8475
  Warning: 1 site(s) below 5 transitions
  Warning: Site 0 has 100.00% concentration
  Warning: Penalties clamped to -50.0
  Reward breakdown: R_P=0.00, R_T=0.00, R_U=0.15, R_entropy=0.00, penalties=-50.00, total=-49.85
  Coverage: 1/2 (50.00%), Transitions: [1]
  Combo comb_0016_site2_2__site2_1 reward: -49.8475
  Warning: 1 site(s) below 5 transitions
  Warning: Site 0 has 100.00% concentration
  Warning: Penalties clamped to -50.0
  Reward breakdown: R_P=0.00, R_T=0.00, R_U=0.15, R_entropy=0.00, penalties=-50.00, total=-49.85
  Coverage: 1/2 (50.00%), Transitions: [1]
  Combo comb_0034_site2_3__site2_5 reward: -49.8475
  Warning: 1 site(s) below 5 transitions
  Warning: Site 0 has 100.00% concentration
  Warning: Penalties clamped to -50.0
  Reward breakdown: R_P=0.00, R_T=0.00, R_U=0.15, R_entropy=0.00, penalties=-50.00, total=-49.85
  Coverage: 1/2 (50.00%), Transitions: [1]
  Combo comb_0048_site2_4__site2_3 reward: -49.8475
  Warning: 1 site(s) below 5 transitions
  Warning: Site 0 has 100.00% concentration
  Warning: Penalties clamped to -50.0
  Reward breakdown: R_P=0.00, R_T=0.00, R_U=0.15, R_entropy=0.00, penalties=-50.00, total=-49.85
  Coverage: 1/2 (50.00%), Transitions: [1]
  Combo comb_0064_site2_5__site2_4 reward: -49.8475
  Job 6216644 completed
  Job 6216647 completed
  Job 6216648 completed
  Job 6216649 completed
  Job 6216650 completed
  Job 6216651 completed
  Job 6216652 completed
  Job 6216654 completed
  Job 6216655 completed
  Job 6216656 completed
  Job 6216657 completed
  Job 6216658 completed
  Job 6216659 completed
  Job 6216660 completed
  Job 6216661 completed
  Job 6216662 completed
  Job 6216663 completed
  Job 6216664 completed
  Job 6216665 completed
  Job 6216666 completed
  Job 6216667 completed
  Job 6216668 completed
  Job 6216669 completed
  Job 6216670 completed
  Job 6216671 completed
  Job 6216672 completed
  Job 6216673 completed
  Job 6216674 completed
  Job 6216675 completed
  Job 6216676 completed
  Warning: 1 site(s) below 5 transitions
  Warning: Site 0 has 100.00% concentration
  Warning: Penalties clamped to -50.0
  Reward breakdown: R_P=0.00, R_T=0.00, R_U=0.15, R_entropy=0.00, penalties=-50.00, total=-49.85
  Coverage: 1/2 (50.00%), Transitions: [1]
  Combo comb_0139_site1_3__site1_2 reward: -49.8475
  Warning: 1 site(s) below 5 transitions
  Warning: Site 0 has 100.00% concentration
  Warning: Penalties clamped to -50.0
  Reward breakdown: R_P=0.00, R_T=0.00, R_U=0.15, R_entropy=0.00, penalties=-50.00, total=-49.85
  Coverage: 1/2 (50.00%), Transitions: [1]
  Combo comb_0235_site1_6__site1_5 reward: -49.8475
  Warning: 1 site(s) below 5 transitions
  Warning: Site 0 has 100.00% concentration
  Warning: Penalties clamped to -50.0
  Reward breakdown: R_P=0.00, R_T=0.00, R_U=0.15, R_entropy=0.00, penalties=-50.00, total=-49.85
  Coverage: 1/2 (50.00%), Transitions: [1]
  Combo comb_0140_site1_3__site1_4 reward: -49.8475
  Warning: 1 site(s) below 5 transitions
  Warning: Site 0 has 100.00% concentration
  Warning: Penalties clamped to -50.0
  Reward breakdown: R_P=0.00, R_T=0.00, R_U=0.15, R_entropy=0.00, penalties=-50.00, total=-49.85
  Coverage: 1/2 (50.00%), Transitions: [1]
  Combo comb_0019_site2_2__site2_5 reward: -49.8475
  Warning: Site 0 has 99.66% concentration
  Reward breakdown: R_P=9.92, R_T=0.07, R_U=0.30, R_entropy=0.26, penalties=-3.93, total=6.62
  Coverage: 2/2 (100.00%), Transitions: [7]
  Combo comb_0063_site2_5__site2_3 reward: 6.6215
  Warning: 1 site(s) below 5 transitions
  Warning: Site 0 has 100.00% concentration
  Warning: Penalties clamped to -50.0
  Reward breakdown: R_P=0.00, R_T=0.00, R_U=0.15, R_entropy=0.00, penalties=-50.00, total=-49.85
  Coverage: 1/2 (50.00%), Transitions: [1]
  Combo comb_0003_site2_1__site2_4 reward: -49.8475
  Warning: 1 site(s) below 5 transitions
  Warning: Site 0 has 100.00% concentration
  Warning: Penalties clamped to -50.0
  Reward breakdown: R_P=0.00, R_T=0.00, R_U=0.15, R_entropy=0.00, penalties=-50.00, total=-49.85
  Coverage: 1/2 (50.00%), Transitions: [1]
  Combo comb_0204_site1_5__site1_6 reward: -49.8475
  Warning: 1 site(s) below 5 transitions
  Warning: Site 0 has 100.00% concentration
  Warning: Penalties clamped to -50.0
  Reward breakdown: R_P=0.00, R_T=0.00, R_U=0.15, R_entropy=0.00, penalties=-50.00, total=-49.85
  Coverage: 1/2 (50.00%), Transitions: [1]
  Combo comb_0076_site1_1__site1_2 reward: -49.8475
  Warning: 1 site(s) below 5 transitions
  Warning: Site 0 has 100.00% concentration
  Warning: Penalties clamped to -50.0
  Reward breakdown: R_P=0.00, R_T=0.00, R_U=0.15, R_entropy=0.00, penalties=-50.00, total=-49.85
  Coverage: 1/2 (50.00%), Transitions: [1]
  Combo comb_0172_site1_4__site1_5 reward: -49.8475
  Warning: 1 site(s) below 5 transitions
  Warning: Site 0 has 100.00% concentration
  Warning: Penalties clamped to -50.0
  Reward breakdown: R_P=0.00, R_T=0.00, R_U=0.15, R_entropy=0.00, penalties=-50.00, total=-49.85
  Coverage: 1/2 (50.00%), Transitions: [1]
  Combo comb_0111_site1_2__site1_6 reward: -49.8475
  Warning: 1 site(s) below 5 transitions
  Warning: Site 0 has 100.00% concentration
  Warning: Penalties clamped to -50.0
  Reward breakdown: R_P=0.00, R_T=0.00, R_U=0.15, R_entropy=0.00, penalties=-50.00, total=-49.85
  Coverage: 1/2 (50.00%), Transitions: [1]
  Combo comb_0171_site1_4__site1_3 reward: -49.8475
  Warning: 1 site(s) below 5 transitions
  Warning: Site 0 has 100.00% concentration
  Warning: Penalties clamped to -50.0
  Reward breakdown: R_P=0.00, R_T=0.00, R_U=0.15, R_entropy=0.00, penalties=-50.00, total=-49.85
  Coverage: 1/2 (50.00%), Transitions: [1]
  Combo comb_0110_site1_2__site1_5 reward: -49.8475
  Warning: 1 site(s) below 5 transitions
  Warning: Site 0 has 100.00% concentration
  Warning: Penalties clamped to -50.0
  Reward breakdown: R_P=0.00, R_T=0.00, R_U=0.15, R_entropy=0.00, penalties=-50.00, total=-49.85
  Coverage: 1/2 (50.00%), Transitions: [1]
  Combo comb_0232_site1_6__site1_2 reward: -49.8475
  Warning: 1 site(s) below 5 transitions
  Warning: Site 0 has 100.00% concentration
  Warning: Penalties clamped to -50.0
  Reward breakdown: R_P=0.00, R_T=0.00, R_U=0.15, R_entropy=0.00, penalties=-50.00, total=-49.85
  Coverage: 1/2 (50.00%), Transitions: [1]
  Combo comb_0173_site1_4__site1_6 reward: -49.8475
  Warning: 1 site(s) below 5 transitions
  Warning: Coverage 0.00 below minimum 0.5
  Warning: Penalties clamped to -50.0
  Reward breakdown: R_P=0.00, R_T=0.00, R_U=0.00, R_entropy=0.00, penalties=-50.00, total=-50.00
  Coverage: 0/2 (0.00%), Transitions: [0]
  Combo comb_0049_site2_4__site2_5 reward: -50.0000
  Warning: 1 site(s) below 5 transitions
  Warning: Site 0 has 100.00% concentration
  Warning: Penalties clamped to -50.0
  Reward breakdown: R_P=0.00, R_T=0.00, R_U=0.15, R_entropy=0.00, penalties=-50.00, total=-49.85
  Coverage: 1/2 (50.00%), Transitions: [1]
  Combo comb_0200_site1_5__site1_1 reward: -49.8475
  Warning: 1 site(s) below 5 transitions
  Warning: Site 0 has 100.00% concentration
  Warning: Penalties clamped to -50.0
  Reward breakdown: R_P=0.00, R_T=0.00, R_U=0.15, R_entropy=0.00, penalties=-50.00, total=-49.85
  Coverage: 1/2 (50.00%), Transitions: [1]
  Combo comb_0031_site2_3__site2_1 reward: -49.8475
  Warning: 1 site(s) below 5 transitions
  Warning: Penalties clamped to -50.0
  Reward breakdown: R_P=30.41, R_T=0.00, R_U=0.30, R_entropy=7.84, penalties=-50.00, total=-11.46
  Coverage: 2/2 (100.00%), Transitions: [2]
  Combo comb_0234_site1_6__site1_4 reward: -11.4554
  Warning: 1 site(s) below 5 transitions
  Warning: Site 0 has 100.00% concentration
  Warning: Penalties clamped to -50.0
  Reward breakdown: R_P=0.00, R_T=0.00, R_U=0.15, R_entropy=0.00, penalties=-50.00, total=-49.85
  Coverage: 1/2 (50.00%), Transitions: [1]
  Combo comb_0077_site1_1__site1_3 reward: -49.8475
  Warning: 1 site(s) below 5 transitions
  Warning: Site 0 has 100.00% concentration
  Warning: Penalties clamped to -50.0
  Reward breakdown: R_P=0.00, R_T=0.00, R_U=0.15, R_entropy=0.00, penalties=-50.00, total=-49.85
  Coverage: 1/2 (50.00%), Transitions: [1]
  Combo comb_0033_site2_3__site2_4 reward: -49.8475
  Warning: 1 site(s) below 5 transitions
  Warning: Site 0 has 100.00% concentration
  Warning: Penalties clamped to -50.0
  Reward breakdown: R_P=0.00, R_T=0.00, R_U=0.15, R_entropy=0.00, penalties=-50.00, total=-49.85
  Coverage: 1/2 (50.00%), Transitions: [1]
  Combo comb_0109_site1_2__site1_4 reward: -49.8475
  Warning: 1 site(s) below 5 transitions
  Warning: Site 0 has 100.00% concentration
  Warning: Penalties clamped to -50.0
  Reward breakdown: R_P=0.00, R_T=0.00, R_U=0.15, R_entropy=0.00, penalties=-50.00, total=-49.85
  Coverage: 1/2 (50.00%), Transitions: [1]
  Combo comb_0107_site1_2__site1_1 reward: -49.8475
  Warning: 1 site(s) below 5 transitions
  Warning: Coverage 0.00 below minimum 0.5
  Warning: Penalties clamped to -50.0
  Reward breakdown: R_P=0.00, R_T=0.00, R_U=0.00, R_entropy=0.00, penalties=-50.00, total=-50.00
  Coverage: 0/2 (0.00%), Transitions: [0]
  Combo comb_0046_site2_4__site2_1 reward: -50.0000
  Warning: 1 site(s) below 5 transitions
  Warning: Site 0 has 100.00% concentration
  Warning: Penalties clamped to -50.0
  Reward breakdown: R_P=0.00, R_T=0.00, R_U=0.15, R_entropy=0.00, penalties=-50.00, total=-49.85
  Coverage: 1/2 (50.00%), Transitions: [1]
  Combo comb_0080_site1_1__site1_6 reward: -49.8475
  Warning: 1 site(s) below 5 transitions
  Warning: Site 0 has 100.00% concentration
  Warning: Penalties clamped to -50.0
  Reward breakdown: R_P=0.00, R_T=0.00, R_U=0.15, R_entropy=0.00, penalties=-50.00, total=-49.85
  Coverage: 1/2 (50.00%), Transitions: [1]
  Combo comb_0004_site2_1__site2_5 reward: -49.8475
  Warning: 1 site(s) below 5 transitions
  Warning: Site 0 has 100.00% concentration
  Warning: Penalties clamped to -50.0
  Reward breakdown: R_P=0.00, R_T=0.00, R_U=0.15, R_entropy=0.00, penalties=-50.00, total=-49.85
  Coverage: 1/2 (50.00%), Transitions: [1]
  Combo comb_0018_site2_2__site2_4 reward: -49.8475
  Warning: 1 site(s) below 5 transitions
  Warning: Site 0 has 100.00% concentration
  Warning: Penalties clamped to -50.0
  Reward breakdown: R_P=0.00, R_T=0.00, R_U=0.15, R_entropy=0.00, penalties=-50.00, total=-49.85
  Coverage: 1/2 (50.00%), Transitions: [1]
  Combo comb_0001_site2_1__site2_2 reward: -49.8475
  Warning: 1 site(s) below 5 transitions
  Warning: Site 0 has 100.00% concentration
  Warning: Penalties clamped to -50.0
  Reward breakdown: R_P=0.00, R_T=0.00, R_U=0.15, R_entropy=0.00, penalties=-50.00, total=-49.85
  Coverage: 1/2 (50.00%), Transitions: [1]
  Combo comb_0062_site2_5__site2_2 reward: -49.8475
  Warning: 1 site(s) below 5 transitions
  Warning: Site 0 has 100.00% concentration
  Warning: Penalties clamped to -50.0
  Reward breakdown: R_P=0.00, R_T=0.00, R_U=0.15, R_entropy=0.00, penalties=-50.00, total=-49.85
  Coverage: 1/2 (50.00%), Transitions: [1]
  Combo comb_0108_site1_2__site1_3 reward: -49.8475
  Warning: 1 site(s) below 5 transitions
  Warning: Site 0 has 100.00% concentration
  Warning: Penalties clamped to -50.0
  Reward breakdown: R_P=0.00, R_T=0.00, R_U=0.15, R_entropy=0.00, penalties=-50.00, total=-49.85
  Coverage: 1/2 (50.00%), Transitions: [1]
  Combo comb_0201_site1_5__site1_2 reward: -49.8475
  Job 6216653 completed
  Warning: 1 site(s) below 5 transitions
  Warning: Site 0 has 100.00% concentration
  Warning: Penalties clamped to -50.0
  Reward breakdown: R_P=0.00, R_T=0.00, R_U=0.15, R_entropy=0.00, penalties=-50.00, total=-49.85
  Coverage: 1/2 (50.00%), Transitions: [1]
  Combo comb_0047_site2_4__site2_2 reward: -49.8475
Epoch 4 Stats:
  Loss: -79.7203
  Avg Reward: -47.5413

--- Epoch 5/100 - Stage 1/2: pairs_single_site_easy (epoch 5/50) ---
  Applying reward overrides: {'min_transitions_per_site': 5}
Epoch 4, Combo 1/41: comb_0170_site1_4__site1_2
  Wrote variables to /home/pbowling/mllf/examples/14benz/generated_combos/comb_0170_site1_4__site1_2/run_004/variables.py
  Submitted job 6216679
Epoch 4, Combo 2/41: comb_0169_site1_4__site1_1
  Wrote variables to /home/pbowling/mllf/examples/14benz/generated_combos/comb_0169_site1_4__site1_1/run_004/variables.py
  Submitted job 6216680
Epoch 4, Combo 3/41: comb_0032_site2_3__site2_2
  Wrote variables to /home/pbowling/mllf/examples/14benz/generated_combos/comb_0032_site2_3__site2_2/run_004/variables.py
  Submitted job 6216681
Epoch 4, Combo 4/41: comb_0064_site2_5__site2_4
  Wrote variables to /home/pbowling/mllf/examples/14benz/generated_combos/comb_0064_site2_5__site2_4/run_004/variables.py
  Submitted job 6216682
Epoch 4, Combo 5/41: comb_0048_site2_4__site2_3
  Wrote variables to /home/pbowling/mllf/examples/14benz/generated_combos/comb_0048_site2_4__site2_3/run_004/variables.py
  Submitted job 6216683
Epoch 4, Combo 6/41: comb_0034_site2_3__site2_5
  Wrote variables to /home/pbowling/mllf/examples/14benz/generated_combos/comb_0034_site2_3__site2_5/run_004/variables.py
  Submitted job 6216684
Epoch 4, Combo 7/41: comb_0201_site1_5__site1_2
  Wrote variables to /home/pbowling/mllf/examples/14benz/generated_combos/comb_0201_site1_5__site1_2/run_004/variables.py
  Submitted job 6216685
Epoch 4, Combo 8/41: comb_0016_site2_2__site2_1
  Wrote variables to /home/pbowling/mllf/examples/14benz/generated_combos/comb_0016_site2_2__site2_1/run_004/variables.py
  Submitted job 6216686
Epoch 4, Combo 9/41: comb_0231_site1_6__site1_1
  Wrote variables to /home/pbowling/mllf/examples/14benz/generated_combos/comb_0231_site1_6__site1_1/run_004/variables.py
  Submitted job 6216687
Epoch 4, Combo 10/41: comb_0108_site1_2__site1_3
  Wrote variables to /home/pbowling/mllf/examples/14benz/generated_combos/comb_0108_site1_2__site1_3/run_004/variables.py
  Submitted job 6216688
Epoch 4, Combo 11/41: comb_0062_site2_5__site2_2
  Wrote variables to /home/pbowling/mllf/examples/14benz/generated_combos/comb_0062_site2_5__site2_2/run_004/variables.py
  Submitted job 6216689
Epoch 4, Combo 12/41: comb_0001_site2_1__site2_2
  Wrote variables to /home/pbowling/mllf/examples/14benz/generated_combos/comb_0001_site2_1__site2_2/run_004/variables.py
  Submitted job 6216690
Epoch 4, Combo 13/41: comb_0018_site2_2__site2_4
  Wrote variables to /home/pbowling/mllf/examples/14benz/generated_combos/comb_0018_site2_2__site2_4/run_004/variables.py
  Submitted job 6216691
Epoch 4, Combo 14/41: comb_0004_site2_1__site2_5
  Wrote variables to /home/pbowling/mllf/examples/14benz/generated_combos/comb_0004_site2_1__site2_5/run_004/variables.py
  Submitted job 6216692
Epoch 4, Combo 15/41: comb_0080_site1_1__site1_6
  Wrote variables to /home/pbowling/mllf/examples/14benz/generated_combos/comb_0080_site1_1__site1_6/run_004/variables.py
  Submitted job 6216693
Epoch 4, Combo 16/41: comb_0047_site2_4__site2_2
  Wrote variables to /home/pbowling/mllf/examples/14benz/generated_combos/comb_0047_site2_4__site2_2/run_004/variables.py
  Submitted job 6216694
Epoch 4, Combo 17/41: comb_0046_site2_4__site2_1
  Wrote variables to /home/pbowling/mllf/examples/14benz/generated_combos/comb_0046_site2_4__site2_1/run_004/variables.py
  Submitted job 6216695
Epoch 4, Combo 18/41: comb_0107_site1_2__site1_1
  Wrote variables to /home/pbowling/mllf/examples/14benz/generated_combos/comb_0107_site1_2__site1_1/run_004/variables.py
  Submitted job 6216696
Epoch 4, Combo 19/41: comb_0109_site1_2__site1_4
  Wrote variables to /home/pbowling/mllf/examples/14benz/generated_combos/comb_0109_site1_2__site1_4/run_004/variables.py
  Submitted job 6216697
Epoch 4, Combo 20/41: comb_0033_site2_3__site2_4
  Wrote variables to /home/pbowling/mllf/examples/14benz/generated_combos/comb_0033_site2_3__site2_4/run_004/variables.py
  Submitted job 6216698
Epoch 4, Combo 21/41: comb_0077_site1_1__site1_3
  Wrote variables to /home/pbowling/mllf/examples/14benz/generated_combos/comb_0077_site1_1__site1_3/run_004/variables.py
  Submitted job 6216699
Epoch 4, Combo 22/41: comb_0234_site1_6__site1_4
  Wrote variables to /home/pbowling/mllf/examples/14benz/generated_combos/comb_0234_site1_6__site1_4/run_004/variables.py
  Submitted job 6216700
Epoch 4, Combo 23/41: comb_0031_site2_3__site2_1
  Wrote variables to /home/pbowling/mllf/examples/14benz/generated_combos/comb_0031_site2_3__site2_1/run_004/variables.py
  Submitted job 6216701
Epoch 4, Combo 24/41: comb_0200_site1_5__site1_1
  Wrote variables to /home/pbowling/mllf/examples/14benz/generated_combos/comb_0200_site1_5__site1_1/run_004/variables.py
  Submitted job 6216702
Epoch 4, Combo 25/41: comb_0049_site2_4__site2_5
  Wrote variables to /home/pbowling/mllf/examples/14benz/generated_combos/comb_0049_site2_4__site2_5/run_004/variables.py
  Submitted job 6216703
Epoch 4, Combo 26/41: comb_0173_site1_4__site1_6
  Wrote variables to /home/pbowling/mllf/examples/14benz/generated_combos/comb_0173_site1_4__site1_6/run_004/variables.py
  Submitted job 6216704
Epoch 4, Combo 27/41: comb_0232_site1_6__site1_2
  Wrote variables to /home/pbowling/mllf/examples/14benz/generated_combos/comb_0232_site1_6__site1_2/run_004/variables.py
  Submitted job 6216705
Epoch 4, Combo 28/41: comb_0110_site1_2__site1_5
  Wrote variables to /home/pbowling/mllf/examples/14benz/generated_combos/comb_0110_site1_2__site1_5/run_004/variables.py
  Submitted job 6216706
Epoch 4, Combo 29/41: comb_0171_site1_4__site1_3
  Wrote variables to /home/pbowling/mllf/examples/14benz/generated_combos/comb_0171_site1_4__site1_3/run_004/variables.py
  Submitted job 6216707
Epoch 4, Combo 30/41: comb_0111_site1_2__site1_6
  Wrote variables to /home/pbowling/mllf/examples/14benz/generated_combos/comb_0111_site1_2__site1_6/run_004/variables.py
  Submitted job 6216708
Epoch 4, Combo 31/41: comb_0172_site1_4__site1_5
  Wrote variables to /home/pbowling/mllf/examples/14benz/generated_combos/comb_0172_site1_4__site1_5/run_004/variables.py
  Submitted job 6216709
Epoch 4, Combo 32/41: comb_0076_site1_1__site1_2
  Wrote variables to /home/pbowling/mllf/examples/14benz/generated_combos/comb_0076_site1_1__site1_2/run_004/variables.py
  Submitted job 6216710
Epoch 4, Combo 33/41: comb_0204_site1_5__site1_6
  Wrote variables to /home/pbowling/mllf/examples/14benz/generated_combos/comb_0204_site1_5__site1_6/run_004/variables.py
  Submitted job 6216711
Epoch 4, Combo 34/41: comb_0003_site2_1__site2_4
  Wrote variables to /home/pbowling/mllf/examples/14benz/generated_combos/comb_0003_site2_1__site2_4/run_004/variables.py
  Submitted job 6216712
Epoch 4, Combo 35/41: comb_0063_site2_5__site2_3
  Wrote variables to /home/pbowling/mllf/examples/14benz/generated_combos/comb_0063_site2_5__site2_3/run_004/variables.py
  Submitted job 6216713
Epoch 4, Combo 36/41: comb_0019_site2_2__site2_5
  Wrote variables to /home/pbowling/mllf/examples/14benz/generated_combos/comb_0019_site2_2__site2_5/run_004/variables.py
  Submitted job 6216714
Epoch 4, Combo 37/41: comb_0140_site1_3__site1_4
  Wrote variables to /home/pbowling/mllf/examples/14benz/generated_combos/comb_0140_site1_3__site1_4/run_004/variables.py
  Submitted job 6216715
Epoch 4, Combo 38/41: comb_0235_site1_6__site1_5
  Wrote variables to /home/pbowling/mllf/examples/14benz/generated_combos/comb_0235_site1_6__site1_5/run_004/variables.py
  Submitted job 6216716
Epoch 4, Combo 39/41: comb_0139_site1_3__site1_2
  Wrote variables to /home/pbowling/mllf/examples/14benz/generated_combos/comb_0139_site1_3__site1_2/run_004/variables.py
  Submitted job 6216717
Epoch 4, Combo 40/41: comb_0202_site1_5__site1_3
  Wrote variables to /home/pbowling/mllf/examples/14benz/generated_combos/comb_0202_site1_5__site1_3/run_004/variables.py
  Submitted job 6216718
Epoch 4, Combo 41/41: comb_0142_site1_3__site1_6
  Wrote variables to /home/pbowling/mllf/examples/14benz/generated_combos/comb_0142_site1_3__site1_6/run_004/variables.py
  Submitted job 6216719

Waiting for 41 remaining jobs...
  Job 6216679 completed
  Job 6216680 completed
  Job 6216681 completed
  Warning: 1 site(s) below 5 transitions
  Warning: Site 0 has 100.00% concentration
  Warning: Penalties clamped to -50.0
  Reward breakdown: R_P=0.00, R_T=0.00, R_U=0.15, R_entropy=0.00, penalties=-50.00, total=-49.85
  Coverage: 1/2 (50.00%), Transitions: [1]
  Combo comb_0032_site2_3__site2_2 reward: -49.8475
  Warning: 1 site(s) below 5 transitions
  Warning: Site 0 has 100.00% concentration
  Warning: Penalties clamped to -50.0
  Reward breakdown: R_P=0.00, R_T=0.00, R_U=0.15, R_entropy=0.00, penalties=-50.00, total=-49.85
  Coverage: 1/2 (50.00%), Transitions: [1]
  Combo comb_0169_site1_4__site1_1 reward: -49.8475
  Warning: 1 site(s) below 5 transitions
  Warning: Site 0 has 100.00% concentration
  Warning: Penalties clamped to -50.0
  Reward breakdown: R_P=0.00, R_T=0.00, R_U=0.15, R_entropy=0.00, penalties=-50.00, total=-49.85
  Coverage: 1/2 (50.00%), Transitions: [1]
  Combo comb_0170_site1_4__site1_2 reward: -49.8475
  Job 6216682 completed
  Job 6216683 completed
  Job 6216684 completed
  Job 6216685 completed
  Job 6216686 completed
  Job 6216718 completed
  Job 6216719 completed
  Warning: 1 site(s) below 5 transitions
  Warning: Site 0 has 100.00% concentration
  Warning: Penalties clamped to -50.0
  Reward breakdown: R_P=0.00, R_T=0.00, R_U=0.15, R_entropy=0.00, penalties=-50.00, total=-49.85
  Coverage: 1/2 (50.00%), Transitions: [1]
  Combo comb_0142_site1_3__site1_6 reward: -49.8475
  Warning: 1 site(s) below 5 transitions
  Warning: Site 0 has 100.00% concentration
  Warning: Penalties clamped to -50.0
  Reward breakdown: R_P=0.00, R_T=0.00, R_U=0.15, R_entropy=0.00, penalties=-50.00, total=-49.85
  Coverage: 1/2 (50.00%), Transitions: [1]
  Combo comb_0202_site1_5__site1_3 reward: -49.8475
  Warning: 1 site(s) below 5 transitions
  Warning: Site 0 has 100.00% concentration
  Warning: Penalties clamped to -50.0
  Reward breakdown: R_P=0.00, R_T=0.00, R_U=0.15, R_entropy=0.00, penalties=-50.00, total=-49.85
  Coverage: 1/2 (50.00%), Transitions: [1]
  Combo comb_0016_site2_2__site2_1 reward: -49.8475
  Warning: 1 site(s) below 5 transitions
  Warning: Site 0 has 100.00% concentration
  Warning: Penalties clamped to -50.0
  Reward breakdown: R_P=0.00, R_T=0.00, R_U=0.15, R_entropy=0.00, penalties=-50.00, total=-49.85
  Coverage: 1/2 (50.00%), Transitions: [1]
  Combo comb_0201_site1_5__site1_2 reward: -49.8475
  Warning: 1 site(s) below 5 transitions
  Warning: Site 0 has 100.00% concentration
  Warning: Penalties clamped to -50.0
  Reward breakdown: R_P=0.00, R_T=0.00, R_U=0.15, R_entropy=0.00, penalties=-50.00, total=-49.85
  Coverage: 1/2 (50.00%), Transitions: [1]
  Combo comb_0034_site2_3__site2_5 reward: -49.8475
  Warning: 1 site(s) below 5 transitions
  Warning: Site 0 has 99.61% concentration
  Warning: Penalties clamped to -50.0
  Reward breakdown: R_P=13.25, R_T=0.00, R_U=0.30, R_entropy=0.30, penalties=-50.00, total=-36.15
  Coverage: 2/2 (100.00%), Transitions: [3]
  Combo comb_0048_site2_4__site2_3 reward: -36.1529
  Warning: 1 site(s) below 5 transitions
  Warning: Site 0 has 100.00% concentration
  Warning: Penalties clamped to -50.0
  Reward breakdown: R_P=0.00, R_T=0.00, R_U=0.15, R_entropy=0.00, penalties=-50.00, total=-49.85
  Coverage: 1/2 (50.00%), Transitions: [1]
  Combo comb_0064_site2_5__site2_4 reward: -49.8475
  Job 6216687 completed
  Job 6216688 completed
  Job 6216689 completed
  Job 6216690 completed
  Job 6216691 completed
  Job 6216692 completed
  Job 6216693 completed
  Job 6216695 completed
  Job 6216696 completed
  Job 6216697 completed
  Job 6216698 completed
  Job 6216699 completed
  Job 6216700 completed
  Job 6216701 completed
  Job 6216702 completed
  Job 6216703 completed
  Job 6216704 completed
  Job 6216705 completed
  Job 6216706 completed
  Job 6216707 completed
  Job 6216708 completed
  Job 6216709 completed
  Job 6216710 completed
  Job 6216711 completed
  Job 6216712 completed
  Job 6216713 completed
  Job 6216714 completed
  Job 6216715 completed
  Job 6216716 completed
  Job 6216717 completed
  Warning: 1 site(s) below 5 transitions
  Warning: Site 0 has 100.00% concentration
  Warning: Penalties clamped to -50.0
  Reward breakdown: R_P=0.00, R_T=0.00, R_U=0.15, R_entropy=0.00, penalties=-50.00, total=-49.85
  Coverage: 1/2 (50.00%), Transitions: [1]
  Combo comb_0139_site1_3__site1_2 reward: -49.8475
  Warning: 1 site(s) below 5 transitions
  Warning: Site 0 has 100.00% concentration
  Warning: Penalties clamped to -50.0
  Reward breakdown: R_P=0.00, R_T=0.00, R_U=0.15, R_entropy=0.00, penalties=-50.00, total=-49.85
  Coverage: 1/2 (50.00%), Transitions: [1]
  Combo comb_0235_site1_6__site1_5 reward: -49.8475
  Warning: 1 site(s) below 5 transitions
  Warning: Site 0 has 100.00% concentration
  Warning: Penalties clamped to -50.0
  Reward breakdown: R_P=0.00, R_T=0.00, R_U=0.15, R_entropy=0.00, penalties=-50.00, total=-49.85
  Coverage: 1/2 (50.00%), Transitions: [1]
  Combo comb_0140_site1_3__site1_4 reward: -49.8475
  Warning: 1 site(s) below 5 transitions
  Warning: Site 0 has 100.00% concentration
  Warning: Penalties clamped to -50.0
  Reward breakdown: R_P=0.00, R_T=0.00, R_U=0.15, R_entropy=0.00, penalties=-50.00, total=-49.85
  Coverage: 1/2 (50.00%), Transitions: [1]
  Combo comb_0019_site2_2__site2_5 reward: -49.8475
  Warning: 1 site(s) below 5 transitions
  Warning: Site 0 has 100.00% concentration
  Warning: Penalties clamped to -50.0
  Reward breakdown: R_P=0.00, R_T=0.00, R_U=0.15, R_entropy=0.00, penalties=-50.00, total=-49.85
  Coverage: 1/2 (50.00%), Transitions: [1]
  Combo comb_0063_site2_5__site2_3 reward: -49.8475
  Warning: 1 site(s) below 5 transitions
  Warning: Site 0 has 100.00% concentration
  Warning: Penalties clamped to -50.0
  Reward breakdown: R_P=0.00, R_T=0.00, R_U=0.15, R_entropy=0.00, penalties=-50.00, total=-49.85
  Coverage: 1/2 (50.00%), Transitions: [1]
  Combo comb_0003_site2_1__site2_4 reward: -49.8475
  Warning: 1 site(s) below 5 transitions
  Warning: Site 0 has 100.00% concentration
  Warning: Penalties clamped to -50.0
  Reward breakdown: R_P=0.00, R_T=0.00, R_U=0.15, R_entropy=0.00, penalties=-50.00, total=-49.85
  Coverage: 1/2 (50.00%), Transitions: [1]
  Combo comb_0204_site1_5__site1_6 reward: -49.8475
  Warning: 1 site(s) below 5 transitions
  Warning: Site 0 has 100.00% concentration
  Warning: Penalties clamped to -50.0
  Reward breakdown: R_P=0.00, R_T=0.00, R_U=0.15, R_entropy=0.00, penalties=-50.00, total=-49.85
  Coverage: 1/2 (50.00%), Transitions: [1]
  Combo comb_0076_site1_1__site1_2 reward: -49.8475
  Warning: 1 site(s) below 5 transitions
  Warning: Site 0 has 100.00% concentration
  Warning: Penalties clamped to -50.0
  Reward breakdown: R_P=0.00, R_T=0.00, R_U=0.15, R_entropy=0.00, penalties=-50.00, total=-49.85
  Coverage: 1/2 (50.00%), Transitions: [1]
  Combo comb_0172_site1_4__site1_5 reward: -49.8475
  Warning: 1 site(s) below 5 transitions
  Warning: Site 0 has 100.00% concentration
  Warning: Penalties clamped to -50.0
  Reward breakdown: R_P=0.00, R_T=0.00, R_U=0.15, R_entropy=0.00, penalties=-50.00, total=-49.85
  Coverage: 1/2 (50.00%), Transitions: [1]
  Combo comb_0111_site1_2__site1_6 reward: -49.8475
  Warning: 1 site(s) below 5 transitions
  Warning: Site 0 has 100.00% concentration
  Warning: Penalties clamped to -50.0
  Reward breakdown: R_P=0.00, R_T=0.00, R_U=0.15, R_entropy=0.00, penalties=-50.00, total=-49.85
  Coverage: 1/2 (50.00%), Transitions: [1]
  Combo comb_0171_site1_4__site1_3 reward: -49.8475
  Warning: 1 site(s) below 5 transitions
  Warning: Site 0 has 100.00% concentration
  Warning: Penalties clamped to -50.0
  Reward breakdown: R_P=0.00, R_T=0.00, R_U=0.15, R_entropy=0.00, penalties=-50.00, total=-49.85
  Coverage: 1/2 (50.00%), Transitions: [1]
  Combo comb_0110_site1_2__site1_5 reward: -49.8475
  Warning: 1 site(s) below 5 transitions
  Warning: Site 0 has 100.00% concentration
  Warning: Penalties clamped to -50.0
  Reward breakdown: R_P=0.00, R_T=0.00, R_U=0.15, R_entropy=0.00, penalties=-50.00, total=-49.85
  Coverage: 1/2 (50.00%), Transitions: [1]
  Combo comb_0232_site1_6__site1_2 reward: -49.8475
  Warning: 1 site(s) below 5 transitions
  Warning: Site 0 has 100.00% concentration
  Warning: Penalties clamped to -50.0
  Reward breakdown: R_P=0.00, R_T=0.00, R_U=0.15, R_entropy=0.00, penalties=-50.00, total=-49.85
  Coverage: 1/2 (50.00%), Transitions: [1]
  Combo comb_0173_site1_4__site1_6 reward: -49.8475
  Warning: 1 site(s) below 5 transitions
  Warning: Site 0 has 100.00% concentration
  Warning: Penalties clamped to -50.0
  Reward breakdown: R_P=0.00, R_T=0.00, R_U=0.15, R_entropy=0.00, penalties=-50.00, total=-49.85
  Coverage: 1/2 (50.00%), Transitions: [1]
  Combo comb_0049_site2_4__site2_5 reward: -49.8475
  Warning: 1 site(s) below 5 transitions
  Warning: Site 0 has 100.00% concentration
  Warning: Penalties clamped to -50.0
  Reward breakdown: R_P=0.00, R_T=0.00, R_U=0.15, R_entropy=0.00, penalties=-50.00, total=-49.85
  Coverage: 1/2 (50.00%), Transitions: [1]
  Combo comb_0200_site1_5__site1_1 reward: -49.8475
  Warning: 1 site(s) below 5 transitions
  Warning: Site 0 has 100.00% concentration
  Warning: Penalties clamped to -50.0
  Reward breakdown: R_P=0.00, R_T=0.00, R_U=0.15, R_entropy=0.00, penalties=-50.00, total=-49.85
  Coverage: 1/2 (50.00%), Transitions: [1]
  Combo comb_0031_site2_3__site2_1 reward: -49.8475
  Warning: 1 site(s) below 5 transitions
  Warning: Site 0 has 100.00% concentration
  Warning: Penalties clamped to -50.0
  Reward breakdown: R_P=0.00, R_T=0.00, R_U=0.15, R_entropy=0.00, penalties=-50.00, total=-49.85
  Coverage: 1/2 (50.00%), Transitions: [1]
  Combo comb_0234_site1_6__site1_4 reward: -49.8475
  Warning: 1 site(s) below 5 transitions
  Warning: Site 0 has 100.00% concentration
  Warning: Penalties clamped to -50.0
  Reward breakdown: R_P=0.00, R_T=0.00, R_U=0.15, R_entropy=0.00, penalties=-50.00, total=-49.85
  Coverage: 1/2 (50.00%), Transitions: [1]
  Combo comb_0077_site1_1__site1_3 reward: -49.8475
  Warning: 1 site(s) below 5 transitions
  Warning: Site 0 has 100.00% concentration
  Warning: Penalties clamped to -50.0
  Reward breakdown: R_P=0.00, R_T=0.00, R_U=0.15, R_entropy=0.00, penalties=-50.00, total=-49.85
  Coverage: 1/2 (50.00%), Transitions: [1]
  Combo comb_0033_site2_3__site2_4 reward: -49.8475
  Warning: 1 site(s) below 5 transitions
  Warning: Site 0 has 100.00% concentration
  Warning: Penalties clamped to -50.0
  Reward breakdown: R_P=0.00, R_T=0.00, R_U=0.15, R_entropy=0.00, penalties=-50.00, total=-49.85
  Coverage: 1/2 (50.00%), Transitions: [1]
  Combo comb_0109_site1_2__site1_4 reward: -49.8475
  Warning: 1 site(s) below 5 transitions
  Warning: Site 0 has 100.00% concentration
  Warning: Penalties clamped to -50.0
  Reward breakdown: R_P=0.00, R_T=0.00, R_U=0.15, R_entropy=0.00, penalties=-50.00, total=-49.85
  Coverage: 1/2 (50.00%), Transitions: [1]
  Combo comb_0107_site1_2__site1_1 reward: -49.8475
  Warning: 1 site(s) below 5 transitions
  Warning: Site 0 has 100.00% concentration
  Warning: Penalties clamped to -50.0
  Reward breakdown: R_P=0.00, R_T=0.00, R_U=0.15, R_entropy=0.00, penalties=-50.00, total=-49.85
  Coverage: 1/2 (50.00%), Transitions: [1]
  Combo comb_0046_site2_4__site2_1 reward: -49.8475
  Warning: 1 site(s) below 5 transitions
  Warning: Site 0 has 100.00% concentration
  Warning: Penalties clamped to -50.0
  Reward breakdown: R_P=0.00, R_T=0.00, R_U=0.15, R_entropy=0.00, penalties=-50.00, total=-49.85
  Coverage: 1/2 (50.00%), Transitions: [1]
  Combo comb_0080_site1_1__site1_6 reward: -49.8475
  Warning: 1 site(s) below 5 transitions
  Warning: Site 0 has 99.48% concentration
  Warning: Penalties clamped to -50.0
  Reward breakdown: R_P=11.03, R_T=0.00, R_U=0.30, R_entropy=0.38, penalties=-50.00, total=-38.29
  Coverage: 2/2 (100.00%), Transitions: [2]
  Combo comb_0004_site2_1__site2_5 reward: -38.2888
  Warning: 1 site(s) below 5 transitions
  Warning: Site 0 has 100.00% concentration
  Warning: Penalties clamped to -50.0
  Reward breakdown: R_P=0.00, R_T=0.00, R_U=0.15, R_entropy=0.00, penalties=-50.00, total=-49.85
  Coverage: 1/2 (50.00%), Transitions: [1]
  Combo comb_0018_site2_2__site2_4 reward: -49.8475
  Warning: 1 site(s) below 5 transitions
  Warning: Site 0 has 100.00% concentration
  Warning: Penalties clamped to -50.0
  Reward breakdown: R_P=0.00, R_T=0.00, R_U=0.15, R_entropy=0.00, penalties=-50.00, total=-49.85
  Coverage: 1/2 (50.00%), Transitions: [1]
  Combo comb_0001_site2_1__site2_2 reward: -49.8475
  Warning: 1 site(s) below 5 transitions
  Warning: Site 0 has 100.00% concentration
  Warning: Penalties clamped to -50.0
  Reward breakdown: R_P=0.00, R_T=0.00, R_U=0.15, R_entropy=0.00, penalties=-50.00, total=-49.85
  Coverage: 1/2 (50.00%), Transitions: [1]
  Combo comb_0062_site2_5__site2_2 reward: -49.8475
  Warning: 1 site(s) below 5 transitions
  Warning: Site 0 has 100.00% concentration
  Warning: Penalties clamped to -50.0
  Reward breakdown: R_P=0.00, R_T=0.00, R_U=0.15, R_entropy=0.00, penalties=-50.00, total=-49.85
  Coverage: 1/2 (50.00%), Transitions: [1]
  Combo comb_0108_site1_2__site1_3 reward: -49.8475
  Warning: 1 site(s) below 5 transitions
  Warning: Site 0 has 100.00% concentration
  Warning: Penalties clamped to -50.0
  Reward breakdown: R_P=0.00, R_T=0.00, R_U=0.15, R_entropy=0.00, penalties=-50.00, total=-49.85
  Coverage: 1/2 (50.00%), Transitions: [1]
  Combo comb_0231_site1_6__site1_1 reward: -49.8475
  Job 6216694 completed
  Warning: 1 site(s) below 5 transitions
  Warning: Site 0 has 100.00% concentration
  Warning: Penalties clamped to -50.0
  Reward breakdown: R_P=0.00, R_T=0.00, R_U=0.15, R_entropy=0.00, penalties=-50.00, total=-49.85
  Coverage: 1/2 (50.00%), Transitions: [1]
  Combo comb_0047_site2_4__site2_2 reward: -49.8475
Epoch 5 Stats:
  Loss: -127.5247
  Avg Reward: -49.2316
  Saved checkpoint to /home/pbowling/mllf/examples/14benz/training_output/checkpoint_epoch_005.pt

--- Epoch 6/100 - Stage 1/2: pairs_single_site_easy (epoch 6/50) ---
  Applying reward overrides: {'min_transitions_per_site': 5}
Epoch 5, Combo 1/41: comb_0170_site1_4__site1_2
  Wrote variables to /home/pbowling/mllf/examples/14benz/generated_combos/comb_0170_site1_4__site1_2/run_005/variables.py
  Submitted job 6216720
Epoch 5, Combo 2/41: comb_0169_site1_4__site1_1
  Wrote variables to /home/pbowling/mllf/examples/14benz/generated_combos/comb_0169_site1_4__site1_1/run_005/variables.py
  Submitted job 6216721
Epoch 5, Combo 3/41: comb_0032_site2_3__site2_2
  Wrote variables to /home/pbowling/mllf/examples/14benz/generated_combos/comb_0032_site2_3__site2_2/run_005/variables.py
  Submitted job 6216722
Epoch 5, Combo 4/41: comb_0064_site2_5__site2_4
  Wrote variables to /home/pbowling/mllf/examples/14benz/generated_combos/comb_0064_site2_5__site2_4/run_005/variables.py
  Submitted job 6216723
Epoch 5, Combo 5/41: comb_0048_site2_4__site2_3
  Wrote variables to /home/pbowling/mllf/examples/14benz/generated_combos/comb_0048_site2_4__site2_3/run_005/variables.py
  Submitted job 6216724
Epoch 5, Combo 6/41: comb_0034_site2_3__site2_5
  Wrote variables to /home/pbowling/mllf/examples/14benz/generated_combos/comb_0034_site2_3__site2_5/run_005/variables.py
  Submitted job 6216725
Epoch 5, Combo 7/41: comb_0201_site1_5__site1_2
  Wrote variables to /home/pbowling/mllf/examples/14benz/generated_combos/comb_0201_site1_5__site1_2/run_005/variables.py
  Submitted job 6216726
Epoch 5, Combo 8/41: comb_0016_site2_2__site2_1
  Wrote variables to /home/pbowling/mllf/examples/14benz/generated_combos/comb_0016_site2_2__site2_1/run_005/variables.py
  Submitted job 6216727
Epoch 5, Combo 9/41: comb_0231_site1_6__site1_1
  Wrote variables to /home/pbowling/mllf/examples/14benz/generated_combos/comb_0231_site1_6__site1_1/run_005/variables.py
  Submitted job 6216728
Epoch 5, Combo 10/41: comb_0108_site1_2__site1_3
  Wrote variables to /home/pbowling/mllf/examples/14benz/generated_combos/comb_0108_site1_2__site1_3/run_005/variables.py
  Submitted job 6216729
Epoch 5, Combo 11/41: comb_0062_site2_5__site2_2
  Wrote variables to /home/pbowling/mllf/examples/14benz/generated_combos/comb_0062_site2_5__site2_2/run_005/variables.py
  Submitted job 6216730
Epoch 5, Combo 12/41: comb_0001_site2_1__site2_2
  Wrote variables to /home/pbowling/mllf/examples/14benz/generated_combos/comb_0001_site2_1__site2_2/run_005/variables.py
  Submitted job 6216731
Epoch 5, Combo 13/41: comb_0018_site2_2__site2_4
  Wrote variables to /home/pbowling/mllf/examples/14benz/generated_combos/comb_0018_site2_2__site2_4/run_005/variables.py
  Submitted job 6216732
Epoch 5, Combo 14/41: comb_0004_site2_1__site2_5
  Wrote variables to /home/pbowling/mllf/examples/14benz/generated_combos/comb_0004_site2_1__site2_5/run_005/variables.py
  Submitted job 6216733
Epoch 5, Combo 15/41: comb_0080_site1_1__site1_6
  Wrote variables to /home/pbowling/mllf/examples/14benz/generated_combos/comb_0080_site1_1__site1_6/run_005/variables.py
  Submitted job 6216734
Epoch 5, Combo 16/41: comb_0047_site2_4__site2_2
  Wrote variables to /home/pbowling/mllf/examples/14benz/generated_combos/comb_0047_site2_4__site2_2/run_005/variables.py
  Submitted job 6216735
Epoch 5, Combo 17/41: comb_0046_site2_4__site2_1
  Wrote variables to /home/pbowling/mllf/examples/14benz/generated_combos/comb_0046_site2_4__site2_1/run_005/variables.py
  Submitted job 6216736
Epoch 5, Combo 18/41: comb_0107_site1_2__site1_1
  Wrote variables to /home/pbowling/mllf/examples/14benz/generated_combos/comb_0107_site1_2__site1_1/run_005/variables.py
  Submitted job 6216737
Epoch 5, Combo 19/41: comb_0109_site1_2__site1_4
  Wrote variables to /home/pbowling/mllf/examples/14benz/generated_combos/comb_0109_site1_2__site1_4/run_005/variables.py
  Submitted job 6216738
Epoch 5, Combo 20/41: comb_0033_site2_3__site2_4
  Wrote variables to /home/pbowling/mllf/examples/14benz/generated_combos/comb_0033_site2_3__site2_4/run_005/variables.py
  Submitted job 6216739
Epoch 5, Combo 21/41: comb_0077_site1_1__site1_3
  Wrote variables to /home/pbowling/mllf/examples/14benz/generated_combos/comb_0077_site1_1__site1_3/run_005/variables.py
  Submitted job 6216740
Epoch 5, Combo 22/41: comb_0234_site1_6__site1_4
  Wrote variables to /home/pbowling/mllf/examples/14benz/generated_combos/comb_0234_site1_6__site1_4/run_005/variables.py
  Submitted job 6216741
Epoch 5, Combo 23/41: comb_0031_site2_3__site2_1
  Wrote variables to /home/pbowling/mllf/examples/14benz/generated_combos/comb_0031_site2_3__site2_1/run_005/variables.py
  Submitted job 6216742
Epoch 5, Combo 24/41: comb_0200_site1_5__site1_1
  Wrote variables to /home/pbowling/mllf/examples/14benz/generated_combos/comb_0200_site1_5__site1_1/run_005/variables.py
  Submitted job 6216743
Epoch 5, Combo 25/41: comb_0049_site2_4__site2_5
  Wrote variables to /home/pbowling/mllf/examples/14benz/generated_combos/comb_0049_site2_4__site2_5/run_005/variables.py
  Submitted job 6216744
Epoch 5, Combo 26/41: comb_0173_site1_4__site1_6
  Wrote variables to /home/pbowling/mllf/examples/14benz/generated_combos/comb_0173_site1_4__site1_6/run_005/variables.py
  Submitted job 6216745
Epoch 5, Combo 27/41: comb_0232_site1_6__site1_2
  Wrote variables to /home/pbowling/mllf/examples/14benz/generated_combos/comb_0232_site1_6__site1_2/run_005/variables.py
  Submitted job 6216746
Epoch 5, Combo 28/41: comb_0110_site1_2__site1_5
  Wrote variables to /home/pbowling/mllf/examples/14benz/generated_combos/comb_0110_site1_2__site1_5/run_005/variables.py
  Submitted job 6216747
Epoch 5, Combo 29/41: comb_0171_site1_4__site1_3
  Wrote variables to /home/pbowling/mllf/examples/14benz/generated_combos/comb_0171_site1_4__site1_3/run_005/variables.py
  Submitted job 6216748
Epoch 5, Combo 30/41: comb_0111_site1_2__site1_6
  Wrote variables to /home/pbowling/mllf/examples/14benz/generated_combos/comb_0111_site1_2__site1_6/run_005/variables.py
  Submitted job 6216749
Epoch 5, Combo 31/41: comb_0172_site1_4__site1_5
  Wrote variables to /home/pbowling/mllf/examples/14benz/generated_combos/comb_0172_site1_4__site1_5/run_005/variables.py
  Submitted job 6216750
Epoch 5, Combo 32/41: comb_0076_site1_1__site1_2
  Wrote variables to /home/pbowling/mllf/examples/14benz/generated_combos/comb_0076_site1_1__site1_2/run_005/variables.py
  Submitted job 6216751
Epoch 5, Combo 33/41: comb_0204_site1_5__site1_6
  Wrote variables to /home/pbowling/mllf/examples/14benz/generated_combos/comb_0204_site1_5__site1_6/run_005/variables.py
  Submitted job 6216752
Epoch 5, Combo 34/41: comb_0003_site2_1__site2_4
  Wrote variables to /home/pbowling/mllf/examples/14benz/generated_combos/comb_0003_site2_1__site2_4/run_005/variables.py
  Submitted job 6216753
Epoch 5, Combo 35/41: comb_0063_site2_5__site2_3
  Wrote variables to /home/pbowling/mllf/examples/14benz/generated_combos/comb_0063_site2_5__site2_3/run_005/variables.py
  Submitted job 6216754
Epoch 5, Combo 36/41: comb_0019_site2_2__site2_5
  Wrote variables to /home/pbowling/mllf/examples/14benz/generated_combos/comb_0019_site2_2__site2_5/run_005/variables.py
  Submitted job 6216755
Epoch 5, Combo 37/41: comb_0140_site1_3__site1_4
  Wrote variables to /home/pbowling/mllf/examples/14benz/generated_combos/comb_0140_site1_3__site1_4/run_005/variables.py
  Submitted job 6216756
Epoch 5, Combo 38/41: comb_0235_site1_6__site1_5
  Wrote variables to /home/pbowling/mllf/examples/14benz/generated_combos/comb_0235_site1_6__site1_5/run_005/variables.py
  Submitted job 6216757
Epoch 5, Combo 39/41: comb_0139_site1_3__site1_2
  Wrote variables to /home/pbowling/mllf/examples/14benz/generated_combos/comb_0139_site1_3__site1_2/run_005/variables.py
  Submitted job 6216758
Epoch 5, Combo 40/41: comb_0202_site1_5__site1_3
  Wrote variables to /home/pbowling/mllf/examples/14benz/generated_combos/comb_0202_site1_5__site1_3/run_005/variables.py
  Submitted job 6216759
Epoch 5, Combo 41/41: comb_0142_site1_3__site1_6
  Wrote variables to /home/pbowling/mllf/examples/14benz/generated_combos/comb_0142_site1_3__site1_6/run_005/variables.py
  Submitted job 6216760

Waiting for 41 remaining jobs...
  Job 6216720 completed
  Job 6216721 completed
  Job 6216722 completed
  Warning: 1 site(s) below 5 transitions
  Warning: Site 0 has 100.00% concentration
  Warning: Penalties clamped to -50.0
  Reward breakdown: R_P=0.00, R_T=0.00, R_U=0.15, R_entropy=0.00, penalties=-50.00, total=-49.85
  Coverage: 1/2 (50.00%), Transitions: [1]
  Combo comb_0032_site2_3__site2_2 reward: -49.8475
  Warning: 1 site(s) below 5 transitions
  Warning: Site 0 has 100.00% concentration
  Warning: Penalties clamped to -50.0
  Reward breakdown: R_P=0.00, R_T=0.00, R_U=0.15, R_entropy=0.00, penalties=-50.00, total=-49.85
  Coverage: 1/2 (50.00%), Transitions: [1]
  Combo comb_0169_site1_4__site1_1 reward: -49.8475
  Warning: 1 site(s) below 5 transitions
  Warning: Site 0 has 100.00% concentration
  Warning: Penalties clamped to -50.0
  Reward breakdown: R_P=0.00, R_T=0.00, R_U=0.15, R_entropy=0.00, penalties=-50.00, total=-49.85
  Coverage: 1/2 (50.00%), Transitions: [1]
  Combo comb_0170_site1_4__site1_2 reward: -49.8475
  Job 6216723 completed
  Job 6216724 completed
  Job 6216725 completed
  Job 6216727 completed
  Job 6216759 completed
  Job 6216760 completed
  Warning: 1 site(s) below 5 transitions
  Warning: Site 0 has 100.00% concentration
  Warning: Penalties clamped to -50.0
  Reward breakdown: R_P=0.00, R_T=0.00, R_U=0.15, R_entropy=0.00, penalties=-50.00, total=-49.85
  Coverage: 1/2 (50.00%), Transitions: [1]
  Combo comb_0142_site1_3__site1_6 reward: -49.8475
  Warning: 1 site(s) below 5 transitions
  Warning: Site 0 has 100.00% concentration
  Warning: Penalties clamped to -50.0
  Reward breakdown: R_P=0.00, R_T=0.00, R_U=0.15, R_entropy=0.00, penalties=-50.00, total=-49.85
  Coverage: 1/2 (50.00%), Transitions: [1]
  Combo comb_0202_site1_5__site1_3 reward: -49.8475
  Warning: 1 site(s) below 5 transitions
  Warning: Site 0 has 100.00% concentration
  Warning: Penalties clamped to -50.0
  Reward breakdown: R_P=0.00, R_T=0.00, R_U=0.15, R_entropy=0.00, penalties=-50.00, total=-49.85
  Coverage: 1/2 (50.00%), Transitions: [1]
  Combo comb_0016_site2_2__site2_1 reward: -49.8475
  Warning: 1 site(s) below 5 transitions
  Warning: Coverage 0.00 below minimum 0.5
  Warning: Penalties clamped to -50.0
  Reward breakdown: R_P=0.00, R_T=0.00, R_U=0.00, R_entropy=0.00, penalties=-50.00, total=-50.00
  Coverage: 0/2 (0.00%), Transitions: [0]
  Combo comb_0034_site2_3__site2_5 reward: -50.0000
  Warning: 1 site(s) below 5 transitions
  Warning: Site 0 has 100.00% concentration
  Warning: Penalties clamped to -50.0
  Reward breakdown: R_P=0.00, R_T=0.00, R_U=0.15, R_entropy=0.00, penalties=-50.00, total=-49.85
  Coverage: 1/2 (50.00%), Transitions: [1]
  Combo comb_0048_site2_4__site2_3 reward: -49.8475
  Warning: Site 0 has 99.98% concentration
  Reward breakdown: R_P=8.31, R_T=0.07, R_U=0.30, R_entropy=0.02, penalties=-4.00, total=4.71
  Coverage: 2/2 (100.00%), Transitions: [7]
  Combo comb_0064_site2_5__site2_4 reward: 4.7115
  Job 6216726 completed
  Job 6216728 completed
  Job 6216729 completed
  Job 6216730 completed
  Job 6216731 completed
  Job 6216732 completed
  Job 6216733 completed
  Job 6216734 completed
  Job 6216736 completed
  Job 6216738 completed
  Job 6216739 completed
  Job 6216740 completed
  Job 6216742 completed
  Job 6216743 completed
  Job 6216744 completed
  Job 6216745 completed
  Job 6216746 completed
  Job 6216747 completed
  Job 6216748 completed
  Job 6216749 completed
  Job 6216750 completed
  Job 6216751 completed
  Job 6216752 completed
  Job 6216753 completed
  Job 6216754 completed
  Job 6216755 completed
  Job 6216756 completed
  Job 6216757 completed
  Job 6216758 completed
  Warning: 1 site(s) below 5 transitions
  Warning: Site 0 has 100.00% concentration
  Warning: Penalties clamped to -50.0
  Reward breakdown: R_P=0.00, R_T=0.00, R_U=0.15, R_entropy=0.00, penalties=-50.00, total=-49.85
  Coverage: 1/2 (50.00%), Transitions: [1]
  Combo comb_0139_site1_3__site1_2 reward: -49.8475
  Warning: 1 site(s) below 5 transitions
  Warning: Site 0 has 100.00% concentration
  Warning: Penalties clamped to -50.0
  Reward breakdown: R_P=0.00, R_T=0.00, R_U=0.15, R_entropy=0.00, penalties=-50.00, total=-49.85
  Coverage: 1/2 (50.00%), Transitions: [1]
  Combo comb_0235_site1_6__site1_5 reward: -49.8475
  Warning: 1 site(s) below 5 transitions
  Warning: Site 0 has 100.00% concentration
  Warning: Penalties clamped to -50.0
  Reward breakdown: R_P=0.00, R_T=0.00, R_U=0.15, R_entropy=0.00, penalties=-50.00, total=-49.85
  Coverage: 1/2 (50.00%), Transitions: [1]
  Combo comb_0140_site1_3__site1_4 reward: -49.8475
  Warning: 1 site(s) below 5 transitions
  Warning: Site 0 has 100.00% concentration
  Warning: Penalties clamped to -50.0
  Reward breakdown: R_P=0.00, R_T=0.00, R_U=0.15, R_entropy=0.00, penalties=-50.00, total=-49.85
  Coverage: 1/2 (50.00%), Transitions: [1]
  Combo comb_0019_site2_2__site2_5 reward: -49.8475
  Warning: 1 site(s) below 5 transitions
  Warning: Site 0 has 100.00% concentration
  Warning: Penalties clamped to -50.0
  Reward breakdown: R_P=0.00, R_T=0.00, R_U=0.15, R_entropy=0.00, penalties=-50.00, total=-49.85
  Coverage: 1/2 (50.00%), Transitions: [1]
  Combo comb_0063_site2_5__site2_3 reward: -49.8475
  Warning: Site 0 has 84.80% concentration
  Reward breakdown: R_P=17.54, R_T=0.05, R_U=0.30, R_entropy=4.92, penalties=-0.96, total=21.84
  Coverage: 2/2 (100.00%), Transitions: [5]
  Combo comb_0003_site2_1__site2_4 reward: 21.8442
  Warning: 1 site(s) below 5 transitions
  Warning: Site 0 has 100.00% concentration
  Warning: Penalties clamped to -50.0
  Reward breakdown: R_P=0.00, R_T=0.00, R_U=0.15, R_entropy=0.00, penalties=-50.00, total=-49.85
  Coverage: 1/2 (50.00%), Transitions: [1]
  Combo comb_0204_site1_5__site1_6 reward: -49.8475
  Warning: 1 site(s) below 5 transitions
  Warning: Site 0 has 100.00% concentration
  Warning: Penalties clamped to -50.0
  Reward breakdown: R_P=0.00, R_T=0.00, R_U=0.15, R_entropy=0.00, penalties=-50.00, total=-49.85
  Coverage: 1/2 (50.00%), Transitions: [1]
  Combo comb_0076_site1_1__site1_2 reward: -49.8475
  Warning: 1 site(s) below 5 transitions
  Warning: Site 0 has 100.00% concentration
  Warning: Penalties clamped to -50.0
  Reward breakdown: R_P=0.00, R_T=0.00, R_U=0.15, R_entropy=0.00, penalties=-50.00, total=-49.85
  Coverage: 1/2 (50.00%), Transitions: [1]
  Combo comb_0172_site1_4__site1_5 reward: -49.8475
  Warning: 1 site(s) below 5 transitions
  Warning: Site 0 has 100.00% concentration
  Warning: Penalties clamped to -50.0
  Reward breakdown: R_P=0.00, R_T=0.00, R_U=0.15, R_entropy=0.00, penalties=-50.00, total=-49.85
  Coverage: 1/2 (50.00%), Transitions: [1]
  Combo comb_0111_site1_2__site1_6 reward: -49.8475
  Warning: 1 site(s) below 5 transitions
  Warning: Site 0 has 100.00% concentration
  Warning: Penalties clamped to -50.0
  Reward breakdown: R_P=0.00, R_T=0.00, R_U=0.15, R_entropy=0.00, penalties=-50.00, total=-49.85
  Coverage: 1/2 (50.00%), Transitions: [1]
  Combo comb_0171_site1_4__site1_3 reward: -49.8475
  Warning: 1 site(s) below 5 transitions
  Warning: Site 0 has 100.00% concentration
  Warning: Penalties clamped to -50.0
  Reward breakdown: R_P=0.00, R_T=0.00, R_U=0.15, R_entropy=0.00, penalties=-50.00, total=-49.85
  Coverage: 1/2 (50.00%), Transitions: [1]
  Combo comb_0110_site1_2__site1_5 reward: -49.8475
  Warning: 1 site(s) below 5 transitions
  Warning: Site 0 has 100.00% concentration
  Warning: Penalties clamped to -50.0
  Reward breakdown: R_P=0.00, R_T=0.00, R_U=0.15, R_entropy=0.00, penalties=-50.00, total=-49.85
  Coverage: 1/2 (50.00%), Transitions: [1]
  Combo comb_0232_site1_6__site1_2 reward: -49.8475
  Warning: 1 site(s) below 5 transitions
  Warning: Site 0 has 100.00% concentration
  Warning: Penalties clamped to -50.0
  Reward breakdown: R_P=0.00, R_T=0.00, R_U=0.15, R_entropy=0.00, penalties=-50.00, total=-49.85
  Coverage: 1/2 (50.00%), Transitions: [1]
  Combo comb_0173_site1_4__site1_6 reward: -49.8475
  Warning: 1 site(s) below 5 transitions
  Warning: Site 0 has 100.00% concentration
  Warning: Penalties clamped to -50.0
  Reward breakdown: R_P=0.00, R_T=0.00, R_U=0.15, R_entropy=0.00, penalties=-50.00, total=-49.85
  Coverage: 1/2 (50.00%), Transitions: [1]
  Combo comb_0049_site2_4__site2_5 reward: -49.8475
  Warning: 1 site(s) below 5 transitions
  Warning: Site 0 has 100.00% concentration
  Warning: Penalties clamped to -50.0
  Reward breakdown: R_P=0.00, R_T=0.00, R_U=0.15, R_entropy=0.00, penalties=-50.00, total=-49.85
  Coverage: 1/2 (50.00%), Transitions: [1]
  Combo comb_0200_site1_5__site1_1 reward: -49.8475
  Warning: 1 site(s) below 5 transitions
  Warning: Site 0 has 100.00% concentration
  Warning: Penalties clamped to -50.0
  Reward breakdown: R_P=0.00, R_T=0.00, R_U=0.15, R_entropy=0.00, penalties=-50.00, total=-49.85
  Coverage: 1/2 (50.00%), Transitions: [1]
  Combo comb_0031_site2_3__site2_1 reward: -49.8475
  Warning: 1 site(s) below 5 transitions
  Warning: Site 0 has 100.00% concentration
  Warning: Penalties clamped to -50.0
  Reward breakdown: R_P=0.00, R_T=0.00, R_U=0.15, R_entropy=0.00, penalties=-50.00, total=-49.85
  Coverage: 1/2 (50.00%), Transitions: [1]
  Combo comb_0077_site1_1__site1_3 reward: -49.8475
  Warning: 1 site(s) below 5 transitions
  Warning: Site 0 has 100.00% concentration
  Warning: Penalties clamped to -50.0
  Reward breakdown: R_P=0.00, R_T=0.00, R_U=0.15, R_entropy=0.00, penalties=-50.00, total=-49.85
  Coverage: 1/2 (50.00%), Transitions: [1]
  Combo comb_0033_site2_3__site2_4 reward: -49.8475
  Warning: 1 site(s) below 5 transitions
  Warning: Site 0 has 100.00% concentration
  Warning: Penalties clamped to -50.0
  Reward breakdown: R_P=0.00, R_T=0.00, R_U=0.15, R_entropy=0.00, penalties=-50.00, total=-49.85
  Coverage: 1/2 (50.00%), Transitions: [1]
  Combo comb_0109_site1_2__site1_4 reward: -49.8475
  Warning: 1 site(s) below 5 transitions
  Warning: Site 0 has 100.00% concentration
  Warning: Penalties clamped to -50.0
  Reward breakdown: R_P=0.00, R_T=0.00, R_U=0.15, R_entropy=0.00, penalties=-50.00, total=-49.85
  Coverage: 1/2 (50.00%), Transitions: [1]
  Combo comb_0046_site2_4__site2_1 reward: -49.8475
  Warning: 1 site(s) below 5 transitions
  Warning: Site 0 has 100.00% concentration
  Warning: Penalties clamped to -50.0
  Reward breakdown: R_P=0.00, R_T=0.00, R_U=0.15, R_entropy=0.00, penalties=-50.00, total=-49.85
  Coverage: 1/2 (50.00%), Transitions: [1]
  Combo comb_0080_site1_1__site1_6 reward: -49.8475
  Warning: 1 site(s) below 5 transitions
  Warning: Site 0 has 99.78% concentration
  Warning: Penalties clamped to -50.0
  Reward breakdown: R_P=8.63, R_T=0.00, R_U=0.30, R_entropy=0.18, penalties=-50.00, total=-40.89
  Coverage: 2/2 (100.00%), Transitions: [2]
  Combo comb_0004_site2_1__site2_5 reward: -40.8874
  Warning: 1 site(s) below 5 transitions
  Warning: Site 0 has 100.00% concentration
  Warning: Penalties clamped to -50.0
  Reward breakdown: R_P=0.00, R_T=0.00, R_U=0.15, R_entropy=0.00, penalties=-50.00, total=-49.85
  Coverage: 1/2 (50.00%), Transitions: [1]
  Combo comb_0018_site2_2__site2_4 reward: -49.8475
  Warning: 1 site(s) below 5 transitions
  Warning: Site 0 has 100.00% concentration
  Warning: Penalties clamped to -50.0
  Reward breakdown: R_P=0.00, R_T=0.00, R_U=0.15, R_entropy=0.00, penalties=-50.00, total=-49.85
  Coverage: 1/2 (50.00%), Transitions: [1]
  Combo comb_0001_site2_1__site2_2 reward: -49.8475
  Warning: 1 site(s) below 5 transitions
  Warning: Site 0 has 100.00% concentration
  Warning: Penalties clamped to -50.0
  Reward breakdown: R_P=0.00, R_T=0.00, R_U=0.15, R_entropy=0.00, penalties=-50.00, total=-49.85
  Coverage: 1/2 (50.00%), Transitions: [1]
  Combo comb_0062_site2_5__site2_2 reward: -49.8475
  Warning: 1 site(s) below 5 transitions
  Warning: Site 0 has 100.00% concentration
  Warning: Penalties clamped to -50.0
  Reward breakdown: R_P=0.00, R_T=0.00, R_U=0.15, R_entropy=0.00, penalties=-50.00, total=-49.85
  Coverage: 1/2 (50.00%), Transitions: [1]
  Combo comb_0108_site1_2__site1_3 reward: -49.8475
  Warning: 1 site(s) below 5 transitions
  Warning: Site 0 has 100.00% concentration
  Warning: Penalties clamped to -50.0
  Reward breakdown: R_P=0.00, R_T=0.00, R_U=0.15, R_entropy=0.00, penalties=-50.00, total=-49.85
  Coverage: 1/2 (50.00%), Transitions: [1]
  Combo comb_0231_site1_6__site1_1 reward: -49.8475
  Warning: 1 site(s) below 5 transitions
  Warning: Site 0 has 100.00% concentration
  Warning: Penalties clamped to -50.0
  Reward breakdown: R_P=0.00, R_T=0.00, R_U=0.15, R_entropy=0.00, penalties=-50.00, total=-49.85
  Coverage: 1/2 (50.00%), Transitions: [1]
  Combo comb_0201_site1_5__site1_2 reward: -49.8475
  Job 6216737 completed
  Job 6216741 completed
  Warning: 1 site(s) below 5 transitions
  Warning: Site 0 has 100.00% concentration
  Warning: Penalties clamped to -50.0
  Reward breakdown: R_P=0.00, R_T=0.00, R_U=0.15, R_entropy=0.00, penalties=-50.00, total=-49.85
  Coverage: 1/2 (50.00%), Transitions: [1]
  Combo comb_0234_site1_6__site1_4 reward: -49.8475
  Warning: 1 site(s) below 5 transitions
  Warning: Site 0 has 100.00% concentration
  Warning: Penalties clamped to -50.0
  Reward breakdown: R_P=0.00, R_T=0.00, R_U=0.15, R_entropy=0.00, penalties=-50.00, total=-49.85
  Coverage: 1/2 (50.00%), Transitions: [1]
  Combo comb_0107_site1_2__site1_1 reward: -49.8475
  Job 6216735 completed
  Warning: 1 site(s) below 5 transitions
  Warning: Site 0 has 100.00% concentration
  Warning: Penalties clamped to -50.0
  Reward breakdown: R_P=0.00, R_T=0.00, R_U=0.15, R_entropy=0.00, penalties=-50.00, total=-49.85
  Coverage: 1/2 (50.00%), Transitions: [1]
  Combo comb_0047_site2_4__site2_2 reward: -49.8475
Epoch 6 Stats:
  Loss: -198.5463
  Avg Reward: -46.5534

--- Epoch 7/100 - Stage 1/2: pairs_single_site_easy (epoch 7/50) ---
  Applying reward overrides: {'min_transitions_per_site': 5}
Epoch 6, Combo 1/41: comb_0170_site1_4__site1_2
  Wrote variables to /home/pbowling/mllf/examples/14benz/generated_combos/comb_0170_site1_4__site1_2/run_006/variables.py
  Submitted job 6216762
Epoch 6, Combo 2/41: comb_0169_site1_4__site1_1
  Wrote variables to /home/pbowling/mllf/examples/14benz/generated_combos/comb_0169_site1_4__site1_1/run_006/variables.py
  Submitted job 6216763
Epoch 6, Combo 3/41: comb_0032_site2_3__site2_2
  Wrote variables to /home/pbowling/mllf/examples/14benz/generated_combos/comb_0032_site2_3__site2_2/run_006/variables.py
  Submitted job 6216764
Epoch 6, Combo 4/41: comb_0064_site2_5__site2_4
  Wrote variables to /home/pbowling/mllf/examples/14benz/generated_combos/comb_0064_site2_5__site2_4/run_006/variables.py
  Submitted job 6216765
Epoch 6, Combo 5/41: comb_0048_site2_4__site2_3
  Wrote variables to /home/pbowling/mllf/examples/14benz/generated_combos/comb_0048_site2_4__site2_3/run_006/variables.py
  Submitted job 6216766
Epoch 6, Combo 6/41: comb_0034_site2_3__site2_5
  Wrote variables to /home/pbowling/mllf/examples/14benz/generated_combos/comb_0034_site2_3__site2_5/run_006/variables.py
  Submitted job 6216767
Epoch 6, Combo 7/41: comb_0201_site1_5__site1_2
  Wrote variables to /home/pbowling/mllf/examples/14benz/generated_combos/comb_0201_site1_5__site1_2/run_006/variables.py
  Submitted job 6216768
Epoch 6, Combo 8/41: comb_0016_site2_2__site2_1
  Wrote variables to /home/pbowling/mllf/examples/14benz/generated_combos/comb_0016_site2_2__site2_1/run_006/variables.py
  Submitted job 6216769
Epoch 6, Combo 9/41: comb_0231_site1_6__site1_1
  Wrote variables to /home/pbowling/mllf/examples/14benz/generated_combos/comb_0231_site1_6__site1_1/run_006/variables.py
  Submitted job 6216770
Epoch 6, Combo 10/41: comb_0108_site1_2__site1_3
  Wrote variables to /home/pbowling/mllf/examples/14benz/generated_combos/comb_0108_site1_2__site1_3/run_006/variables.py
  Submitted job 6216771
Epoch 6, Combo 11/41: comb_0062_site2_5__site2_2
  Wrote variables to /home/pbowling/mllf/examples/14benz/generated_combos/comb_0062_site2_5__site2_2/run_006/variables.py
  Submitted job 6216772
Epoch 6, Combo 12/41: comb_0001_site2_1__site2_2
  Wrote variables to /home/pbowling/mllf/examples/14benz/generated_combos/comb_0001_site2_1__site2_2/run_006/variables.py
  Submitted job 6216773
Epoch 6, Combo 13/41: comb_0018_site2_2__site2_4
  Wrote variables to /home/pbowling/mllf/examples/14benz/generated_combos/comb_0018_site2_2__site2_4/run_006/variables.py
  Submitted job 6216774
Epoch 6, Combo 14/41: comb_0004_site2_1__site2_5
  Wrote variables to /home/pbowling/mllf/examples/14benz/generated_combos/comb_0004_site2_1__site2_5/run_006/variables.py
  Submitted job 6216775
Epoch 6, Combo 15/41: comb_0080_site1_1__site1_6
  Wrote variables to /home/pbowling/mllf/examples/14benz/generated_combos/comb_0080_site1_1__site1_6/run_006/variables.py
  Submitted job 6216776
Epoch 6, Combo 16/41: comb_0047_site2_4__site2_2
  Wrote variables to /home/pbowling/mllf/examples/14benz/generated_combos/comb_0047_site2_4__site2_2/run_006/variables.py
  Submitted job 6216777
Epoch 6, Combo 17/41: comb_0046_site2_4__site2_1
  Wrote variables to /home/pbowling/mllf/examples/14benz/generated_combos/comb_0046_site2_4__site2_1/run_006/variables.py
  Submitted job 6216778
Epoch 6, Combo 18/41: comb_0107_site1_2__site1_1
  Wrote variables to /home/pbowling/mllf/examples/14benz/generated_combos/comb_0107_site1_2__site1_1/run_006/variables.py
  Submitted job 6216779
Epoch 6, Combo 19/41: comb_0109_site1_2__site1_4
  Wrote variables to /home/pbowling/mllf/examples/14benz/generated_combos/comb_0109_site1_2__site1_4/run_006/variables.py
  Submitted job 6216780
Epoch 6, Combo 20/41: comb_0033_site2_3__site2_4
  Wrote variables to /home/pbowling/mllf/examples/14benz/generated_combos/comb_0033_site2_3__site2_4/run_006/variables.py
  Submitted job 6216781
Epoch 6, Combo 21/41: comb_0077_site1_1__site1_3
  Wrote variables to /home/pbowling/mllf/examples/14benz/generated_combos/comb_0077_site1_1__site1_3/run_006/variables.py
  Submitted job 6216782
Epoch 6, Combo 22/41: comb_0234_site1_6__site1_4
  Wrote variables to /home/pbowling/mllf/examples/14benz/generated_combos/comb_0234_site1_6__site1_4/run_006/variables.py
  Submitted job 6216783
Epoch 6, Combo 23/41: comb_0031_site2_3__site2_1
  Wrote variables to /home/pbowling/mllf/examples/14benz/generated_combos/comb_0031_site2_3__site2_1/run_006/variables.py
  Submitted job 6216784
Epoch 6, Combo 24/41: comb_0200_site1_5__site1_1
  Wrote variables to /home/pbowling/mllf/examples/14benz/generated_combos/comb_0200_site1_5__site1_1/run_006/variables.py
  Submitted job 6216785
Epoch 6, Combo 25/41: comb_0049_site2_4__site2_5
  Wrote variables to /home/pbowling/mllf/examples/14benz/generated_combos/comb_0049_site2_4__site2_5/run_006/variables.py
  Submitted job 6216786
Epoch 6, Combo 26/41: comb_0173_site1_4__site1_6
  Wrote variables to /home/pbowling/mllf/examples/14benz/generated_combos/comb_0173_site1_4__site1_6/run_006/variables.py
  Submitted job 6216787
Epoch 6, Combo 27/41: comb_0232_site1_6__site1_2
  Wrote variables to /home/pbowling/mllf/examples/14benz/generated_combos/comb_0232_site1_6__site1_2/run_006/variables.py
  Submitted job 6216788
Epoch 6, Combo 28/41: comb_0110_site1_2__site1_5
  Wrote variables to /home/pbowling/mllf/examples/14benz/generated_combos/comb_0110_site1_2__site1_5/run_006/variables.py
  Submitted job 6216789
Epoch 6, Combo 29/41: comb_0171_site1_4__site1_3
  Wrote variables to /home/pbowling/mllf/examples/14benz/generated_combos/comb_0171_site1_4__site1_3/run_006/variables.py
  Submitted job 6216790
Epoch 6, Combo 30/41: comb_0111_site1_2__site1_6
  Wrote variables to /home/pbowling/mllf/examples/14benz/generated_combos/comb_0111_site1_2__site1_6/run_006/variables.py
  Submitted job 6216791
Epoch 6, Combo 31/41: comb_0172_site1_4__site1_5
  Wrote variables to /home/pbowling/mllf/examples/14benz/generated_combos/comb_0172_site1_4__site1_5/run_006/variables.py
  Submitted job 6216792
Epoch 6, Combo 32/41: comb_0076_site1_1__site1_2
  Wrote variables to /home/pbowling/mllf/examples/14benz/generated_combos/comb_0076_site1_1__site1_2/run_006/variables.py
  Submitted job 6216793
Epoch 6, Combo 33/41: comb_0204_site1_5__site1_6
  Wrote variables to /home/pbowling/mllf/examples/14benz/generated_combos/comb_0204_site1_5__site1_6/run_006/variables.py
  Submitted job 6216794
Epoch 6, Combo 34/41: comb_0003_site2_1__site2_4
  Wrote variables to /home/pbowling/mllf/examples/14benz/generated_combos/comb_0003_site2_1__site2_4/run_006/variables.py
  Submitted job 6216795
Epoch 6, Combo 35/41: comb_0063_site2_5__site2_3
  Wrote variables to /home/pbowling/mllf/examples/14benz/generated_combos/comb_0063_site2_5__site2_3/run_006/variables.py
  Submitted job 6216796
Epoch 6, Combo 36/41: comb_0019_site2_2__site2_5
  Wrote variables to /home/pbowling/mllf/examples/14benz/generated_combos/comb_0019_site2_2__site2_5/run_006/variables.py
  Submitted job 6216797
Epoch 6, Combo 37/41: comb_0140_site1_3__site1_4
  Wrote variables to /home/pbowling/mllf/examples/14benz/generated_combos/comb_0140_site1_3__site1_4/run_006/variables.py
  Submitted job 6216798
Epoch 6, Combo 38/41: comb_0235_site1_6__site1_5
  Wrote variables to /home/pbowling/mllf/examples/14benz/generated_combos/comb_0235_site1_6__site1_5/run_006/variables.py
  Submitted job 6216799
Epoch 6, Combo 39/41: comb_0139_site1_3__site1_2
  Wrote variables to /home/pbowling/mllf/examples/14benz/generated_combos/comb_0139_site1_3__site1_2/run_006/variables.py
  Submitted job 6216800
Epoch 6, Combo 40/41: comb_0202_site1_5__site1_3
  Wrote variables to /home/pbowling/mllf/examples/14benz/generated_combos/comb_0202_site1_5__site1_3/run_006/variables.py
  Submitted job 6216801
Epoch 6, Combo 41/41: comb_0142_site1_3__site1_6
  Wrote variables to /home/pbowling/mllf/examples/14benz/generated_combos/comb_0142_site1_3__site1_6/run_006/variables.py
  Submitted job 6216802

Waiting for 41 remaining jobs...
  Job 6216762 completed
  Job 6216763 completed
  Job 6216764 completed
  Warning: 1 site(s) below 5 transitions
  Warning: Site 0 has 100.00% concentration
  Warning: Penalties clamped to -50.0
  Reward breakdown: R_P=0.00, R_T=0.00, R_U=0.15, R_entropy=0.00, penalties=-50.00, total=-49.85
  Coverage: 1/2 (50.00%), Transitions: [1]
  Combo comb_0032_site2_3__site2_2 reward: -49.8475
  Warning: 1 site(s) below 5 transitions
  Warning: Site 0 has 100.00% concentration
  Warning: Penalties clamped to -50.0
  Reward breakdown: R_P=0.00, R_T=0.00, R_U=0.15, R_entropy=0.00, penalties=-50.00, total=-49.85
  Coverage: 1/2 (50.00%), Transitions: [1]
  Combo comb_0169_site1_4__site1_1 reward: -49.8475
  Warning: 1 site(s) below 5 transitions
  Warning: Site 0 has 100.00% concentration
  Warning: Penalties clamped to -50.0
  Reward breakdown: R_P=0.00, R_T=0.00, R_U=0.15, R_entropy=0.00, penalties=-50.00, total=-49.85
  Coverage: 1/2 (50.00%), Transitions: [1]
  Combo comb_0170_site1_4__site1_2 reward: -49.8475
  Job 6216765 completed
  Job 6216766 completed
  Job 6216767 completed
  Job 6216768 completed
  Job 6216769 completed
  Job 6216770 completed
  Job 6216801 completed
  Job 6216802 completed
  Warning: 1 site(s) below 5 transitions
  Warning: Site 0 has 100.00% concentration
  Warning: Penalties clamped to -50.0
  Reward breakdown: R_P=0.00, R_T=0.00, R_U=0.15, R_entropy=0.00, penalties=-50.00, total=-49.85
  Coverage: 1/2 (50.00%), Transitions: [1]
  Combo comb_0142_site1_3__site1_6 reward: -49.8475
  Warning: 1 site(s) below 5 transitions
  Warning: Site 0 has 100.00% concentration
  Warning: Penalties clamped to -50.0
  Reward breakdown: R_P=0.00, R_T=0.00, R_U=0.15, R_entropy=0.00, penalties=-50.00, total=-49.85
  Coverage: 1/2 (50.00%), Transitions: [1]
  Combo comb_0202_site1_5__site1_3 reward: -49.8475
  Warning: 1 site(s) below 5 transitions
  Warning: Site 0 has 100.00% concentration
  Warning: Penalties clamped to -50.0
  Reward breakdown: R_P=0.00, R_T=0.00, R_U=0.15, R_entropy=0.00, penalties=-50.00, total=-49.85
  Coverage: 1/2 (50.00%), Transitions: [1]
  Combo comb_0231_site1_6__site1_1 reward: -49.8475
  Warning: 1 site(s) below 5 transitions
  Warning: Site 0 has 100.00% concentration
  Warning: Penalties clamped to -50.0
  Reward breakdown: R_P=0.00, R_T=0.00, R_U=0.15, R_entropy=0.00, penalties=-50.00, total=-49.85
  Coverage: 1/2 (50.00%), Transitions: [1]
  Combo comb_0016_site2_2__site2_1 reward: -49.8475
  Warning: 1 site(s) below 5 transitions
  Warning: Site 0 has 100.00% concentration
  Warning: Penalties clamped to -50.0
  Reward breakdown: R_P=0.00, R_T=0.00, R_U=0.15, R_entropy=0.00, penalties=-50.00, total=-49.85
  Coverage: 1/2 (50.00%), Transitions: [1]
  Combo comb_0201_site1_5__site1_2 reward: -49.8475
  Warning: 1 site(s) below 5 transitions
  Warning: Site 0 has 100.00% concentration
  Warning: Penalties clamped to -50.0
  Reward breakdown: R_P=0.00, R_T=0.00, R_U=0.15, R_entropy=0.00, penalties=-50.00, total=-49.85
  Coverage: 1/2 (50.00%), Transitions: [1]
  Combo comb_0034_site2_3__site2_5 reward: -49.8475
  Warning: 1 site(s) below 5 transitions
  Warning: Site 0 has 100.00% concentration
  Warning: Penalties clamped to -50.0
  Reward breakdown: R_P=0.00, R_T=0.00, R_U=0.15, R_entropy=0.00, penalties=-50.00, total=-49.85
  Coverage: 1/2 (50.00%), Transitions: [1]
  Combo comb_0048_site2_4__site2_3 reward: -49.8475
  Warning: 1 site(s) below 5 transitions
  Warning: Site 0 has 100.00% concentration
  Warning: Penalties clamped to -50.0
  Reward breakdown: R_P=0.00, R_T=0.00, R_U=0.15, R_entropy=0.00, penalties=-50.00, total=-49.85
  Coverage: 1/2 (50.00%), Transitions: [1]
  Combo comb_0064_site2_5__site2_4 reward: -49.8475
  Job 6216771 completed
  Job 6216772 completed
  Job 6216773 completed
  Job 6216774 completed
  Job 6216775 completed
  Job 6216776 completed
  Job 6216778 completed
  Job 6216779 completed
  Job 6216780 completed
  Job 6216781 completed
  Job 6216782 completed
  Job 6216783 completed
  Job 6216784 completed
  Job 6216785 completed
  Job 6216786 completed
  Job 6216787 completed
  Job 6216788 completed
  Job 6216789 completed
  Job 6216790 completed
  Job 6216791 completed
  Job 6216792 completed
  Job 6216793 completed
  Job 6216794 completed
  Job 6216795 completed
  Job 6216796 completed
  Job 6216797 completed
  Job 6216798 completed
  Job 6216799 completed
  Job 6216800 completed
  Warning: 1 site(s) below 5 transitions
  Warning: Site 0 has 100.00% concentration
  Warning: Penalties clamped to -50.0
  Reward breakdown: R_P=0.00, R_T=0.00, R_U=0.15, R_entropy=0.00, penalties=-50.00, total=-49.85
  Coverage: 1/2 (50.00%), Transitions: [1]
  Combo comb_0139_site1_3__site1_2 reward: -49.8475
  Warning: 1 site(s) below 5 transitions
  Warning: Site 0 has 100.00% concentration
  Warning: Penalties clamped to -50.0
  Reward breakdown: R_P=0.00, R_T=0.00, R_U=0.15, R_entropy=0.00, penalties=-50.00, total=-49.85
  Coverage: 1/2 (50.00%), Transitions: [1]
  Combo comb_0235_site1_6__site1_5 reward: -49.8475
  Warning: 1 site(s) below 5 transitions
  Warning: Site 0 has 100.00% concentration
  Warning: Penalties clamped to -50.0
  Reward breakdown: R_P=0.00, R_T=0.00, R_U=0.15, R_entropy=0.00, penalties=-50.00, total=-49.85
  Coverage: 1/2 (50.00%), Transitions: [1]
  Combo comb_0140_site1_3__site1_4 reward: -49.8475
  Warning: 1 site(s) below 5 transitions
  Warning: Site 0 has 100.00% concentration
  Warning: Penalties clamped to -50.0
  Reward breakdown: R_P=0.00, R_T=0.00, R_U=0.15, R_entropy=0.00, penalties=-50.00, total=-49.85
  Coverage: 1/2 (50.00%), Transitions: [1]
  Combo comb_0019_site2_2__site2_5 reward: -49.8475
  Warning: 1 site(s) below 5 transitions
  Warning: Site 0 has 88.29% concentration
  Warning: Penalties clamped to -50.0
  Reward breakdown: R_P=12.59, R_T=0.00, R_U=0.30, R_entropy=4.17, penalties=-50.00, total=-32.94
  Coverage: 2/2 (100.00%), Transitions: [3]
  Combo comb_0063_site2_5__site2_3 reward: -32.9433
  Warning: 1 site(s) below 5 transitions
  Warning: Site 0 has 100.00% concentration
  Warning: Penalties clamped to -50.0
  Reward breakdown: R_P=0.00, R_T=0.00, R_U=0.15, R_entropy=0.00, penalties=-50.00, total=-49.85
  Coverage: 1/2 (50.00%), Transitions: [1]
  Combo comb_0003_site2_1__site2_4 reward: -49.8475
  Warning: 1 site(s) below 5 transitions
  Warning: Site 0 has 100.00% concentration
  Warning: Penalties clamped to -50.0
  Reward breakdown: R_P=0.00, R_T=0.00, R_U=0.15, R_entropy=0.00, penalties=-50.00, total=-49.85
  Coverage: 1/2 (50.00%), Transitions: [1]
  Combo comb_0204_site1_5__site1_6 reward: -49.8475
  Warning: 1 site(s) below 5 transitions
  Warning: Site 0 has 100.00% concentration
  Warning: Penalties clamped to -50.0
  Reward breakdown: R_P=0.00, R_T=0.00, R_U=0.15, R_entropy=0.00, penalties=-50.00, total=-49.85
  Coverage: 1/2 (50.00%), Transitions: [1]
  Combo comb_0076_site1_1__site1_2 reward: -49.8475
  Warning: 1 site(s) below 5 transitions
  Warning: Site 0 has 100.00% concentration
  Warning: Penalties clamped to -50.0
  Reward breakdown: R_P=0.00, R_T=0.00, R_U=0.15, R_entropy=0.00, penalties=-50.00, total=-49.85
  Coverage: 1/2 (50.00%), Transitions: [1]
  Combo comb_0172_site1_4__site1_5 reward: -49.8475
  Warning: 1 site(s) below 5 transitions
  Warning: Site 0 has 100.00% concentration
  Warning: Penalties clamped to -50.0
  Reward breakdown: R_P=0.00, R_T=0.00, R_U=0.15, R_entropy=0.00, penalties=-50.00, total=-49.85
  Coverage: 1/2 (50.00%), Transitions: [1]
  Combo comb_0111_site1_2__site1_6 reward: -49.8475
  Warning: 1 site(s) below 5 transitions
  Warning: Site 0 has 100.00% concentration
  Warning: Penalties clamped to -50.0
  Reward breakdown: R_P=0.00, R_T=0.00, R_U=0.15, R_entropy=0.00, penalties=-50.00, total=-49.85
  Coverage: 1/2 (50.00%), Transitions: [1]
  Combo comb_0171_site1_4__site1_3 reward: -49.8475
  Warning: 1 site(s) below 5 transitions
  Warning: Site 0 has 100.00% concentration
  Warning: Penalties clamped to -50.0
  Reward breakdown: R_P=0.00, R_T=0.00, R_U=0.15, R_entropy=0.00, penalties=-50.00, total=-49.85
  Coverage: 1/2 (50.00%), Transitions: [1]
  Combo comb_0110_site1_2__site1_5 reward: -49.8475
  Warning: 1 site(s) below 5 transitions
  Warning: Site 0 has 100.00% concentration
  Warning: Penalties clamped to -50.0
  Reward breakdown: R_P=0.00, R_T=0.00, R_U=0.15, R_entropy=0.00, penalties=-50.00, total=-49.85
  Coverage: 1/2 (50.00%), Transitions: [1]
  Combo comb_0232_site1_6__site1_2 reward: -49.8475
  Warning: 1 site(s) below 5 transitions
  Warning: Site 0 has 100.00% concentration
  Warning: Penalties clamped to -50.0
  Reward breakdown: R_P=0.00, R_T=0.00, R_U=0.15, R_entropy=0.00, penalties=-50.00, total=-49.85
  Coverage: 1/2 (50.00%), Transitions: [1]
  Combo comb_0173_site1_4__site1_6 reward: -49.8475
  Warning: 1 site(s) below 5 transitions
  Warning: Site 0 has 100.00% concentration
  Warning: Penalties clamped to -50.0
  Reward breakdown: R_P=0.00, R_T=0.00, R_U=0.15, R_entropy=0.00, penalties=-50.00, total=-49.85
  Coverage: 1/2 (50.00%), Transitions: [1]
  Combo comb_0049_site2_4__site2_5 reward: -49.8475
  Warning: 1 site(s) below 5 transitions
  Warning: Site 0 has 100.00% concentration
  Warning: Penalties clamped to -50.0
  Reward breakdown: R_P=0.00, R_T=0.00, R_U=0.15, R_entropy=0.00, penalties=-50.00, total=-49.85
  Coverage: 1/2 (50.00%), Transitions: [1]
  Combo comb_0200_site1_5__site1_1 reward: -49.8475
  Warning: 1 site(s) below 5 transitions
  Warning: Site 0 has 100.00% concentration
  Warning: Penalties clamped to -50.0
  Reward breakdown: R_P=0.00, R_T=0.00, R_U=0.15, R_entropy=0.00, penalties=-50.00, total=-49.85
  Coverage: 1/2 (50.00%), Transitions: [1]
  Combo comb_0031_site2_3__site2_1 reward: -49.8475
  Warning: 1 site(s) below 5 transitions
  Warning: Site 0 has 100.00% concentration
  Warning: Penalties clamped to -50.0
  Reward breakdown: R_P=0.00, R_T=0.00, R_U=0.15, R_entropy=0.00, penalties=-50.00, total=-49.85
  Coverage: 1/2 (50.00%), Transitions: [1]
  Combo comb_0234_site1_6__site1_4 reward: -49.8475
  Warning: 1 site(s) below 5 transitions
  Warning: Site 0 has 100.00% concentration
  Warning: Penalties clamped to -50.0
  Reward breakdown: R_P=0.00, R_T=0.00, R_U=0.15, R_entropy=0.00, penalties=-50.00, total=-49.85
  Coverage: 1/2 (50.00%), Transitions: [1]
  Combo comb_0077_site1_1__site1_3 reward: -49.8475
  Warning: 1 site(s) below 5 transitions
  Warning: Site 0 has 100.00% concentration
  Warning: Penalties clamped to -50.0
  Reward breakdown: R_P=0.00, R_T=0.00, R_U=0.15, R_entropy=0.00, penalties=-50.00, total=-49.85
  Coverage: 1/2 (50.00%), Transitions: [1]
  Combo comb_0033_site2_3__site2_4 reward: -49.8475
  Warning: 1 site(s) below 5 transitions
  Warning: Site 0 has 100.00% concentration
  Warning: Penalties clamped to -50.0
  Reward breakdown: R_P=0.00, R_T=0.00, R_U=0.15, R_entropy=0.00, penalties=-50.00, total=-49.85
  Coverage: 1/2 (50.00%), Transitions: [1]
  Combo comb_0109_site1_2__site1_4 reward: -49.8475
  Warning: 1 site(s) below 5 transitions
  Warning: Site 0 has 100.00% concentration
  Warning: Penalties clamped to -50.0
  Reward breakdown: R_P=0.00, R_T=0.00, R_U=0.15, R_entropy=0.00, penalties=-50.00, total=-49.85
  Coverage: 1/2 (50.00%), Transitions: [1]
  Combo comb_0107_site1_2__site1_1 reward: -49.8475
  Warning: 1 site(s) below 5 transitions
  Warning: Coverage 0.00 below minimum 0.5
  Warning: Penalties clamped to -50.0
  Reward breakdown: R_P=0.00, R_T=0.00, R_U=0.00, R_entropy=0.00, penalties=-50.00, total=-50.00
  Coverage: 0/2 (0.00%), Transitions: [0]
  Combo comb_0046_site2_4__site2_1 reward: -50.0000
  Warning: 1 site(s) below 5 transitions
  Warning: Site 0 has 100.00% concentration
  Warning: Penalties clamped to -50.0
  Reward breakdown: R_P=0.00, R_T=0.00, R_U=0.15, R_entropy=0.00, penalties=-50.00, total=-49.85
  Coverage: 1/2 (50.00%), Transitions: [1]
  Combo comb_0080_site1_1__site1_6 reward: -49.8475
  Warning: 1 site(s) below 5 transitions
  Warning: Site 0 has 100.00% concentration
  Warning: Penalties clamped to -50.0
  Reward breakdown: R_P=0.00, R_T=0.00, R_U=0.15, R_entropy=0.00, penalties=-50.00, total=-49.85
  Coverage: 1/2 (50.00%), Transitions: [1]
  Combo comb_0004_site2_1__site2_5 reward: -49.8475
  Warning: 1 site(s) below 5 transitions
  Warning: Site 0 has 100.00% concentration
  Warning: Penalties clamped to -50.0
  Reward breakdown: R_P=0.00, R_T=0.00, R_U=0.15, R_entropy=0.00, penalties=-50.00, total=-49.85
  Coverage: 1/2 (50.00%), Transitions: [1]
  Combo comb_0018_site2_2__site2_4 reward: -49.8475
  Warning: 1 site(s) below 5 transitions
  Warning: Site 0 has 100.00% concentration
  Warning: Penalties clamped to -50.0
  Reward breakdown: R_P=0.00, R_T=0.00, R_U=0.15, R_entropy=0.00, penalties=-50.00, total=-49.85
  Coverage: 1/2 (50.00%), Transitions: [1]
  Combo comb_0001_site2_1__site2_2 reward: -49.8475
  Warning: 1 site(s) below 5 transitions
  Warning: Site 0 has 100.00% concentration
  Warning: Penalties clamped to -50.0
  Reward breakdown: R_P=0.00, R_T=0.00, R_U=0.15, R_entropy=0.00, penalties=-50.00, total=-49.85
  Coverage: 1/2 (50.00%), Transitions: [1]
  Combo comb_0062_site2_5__site2_2 reward: -49.8475
  Warning: 1 site(s) below 5 transitions
  Warning: Site 0 has 100.00% concentration
  Warning: Penalties clamped to -50.0
  Reward breakdown: R_P=0.00, R_T=0.00, R_U=0.15, R_entropy=0.00, penalties=-50.00, total=-49.85
  Coverage: 1/2 (50.00%), Transitions: [1]
  Combo comb_0108_site1_2__site1_3 reward: -49.8475
  Job 6216777 completed
  Warning: 1 site(s) below 5 transitions
  Warning: Site 0 has 100.00% concentration
  Warning: Penalties clamped to -50.0
  Reward breakdown: R_P=0.00, R_T=0.00, R_U=0.15, R_entropy=0.00, penalties=-50.00, total=-49.85
  Coverage: 1/2 (50.00%), Transitions: [1]
  Combo comb_0047_site2_4__site2_2 reward: -49.8475
Epoch 7 Stats:
  Loss: -127.8854
  Avg Reward: -49.4389

--- Epoch 8/100 - Stage 1/2: pairs_single_site_easy (epoch 8/50) ---
  Applying reward overrides: {'min_transitions_per_site': 5}
Epoch 7, Combo 1/41: comb_0170_site1_4__site1_2
  Wrote variables to /home/pbowling/mllf/examples/14benz/generated_combos/comb_0170_site1_4__site1_2/run_007/variables.py
  Submitted job 6216804
Epoch 7, Combo 2/41: comb_0169_site1_4__site1_1
  Wrote variables to /home/pbowling/mllf/examples/14benz/generated_combos/comb_0169_site1_4__site1_1/run_007/variables.py
  Submitted job 6216805
Epoch 7, Combo 3/41: comb_0032_site2_3__site2_2
  Wrote variables to /home/pbowling/mllf/examples/14benz/generated_combos/comb_0032_site2_3__site2_2/run_007/variables.py
  Submitted job 6216806
Epoch 7, Combo 4/41: comb_0064_site2_5__site2_4
  Wrote variables to /home/pbowling/mllf/examples/14benz/generated_combos/comb_0064_site2_5__site2_4/run_007/variables.py
  Submitted job 6216807
Epoch 7, Combo 5/41: comb_0048_site2_4__site2_3
  Wrote variables to /home/pbowling/mllf/examples/14benz/generated_combos/comb_0048_site2_4__site2_3/run_007/variables.py
  Submitted job 6216808
Epoch 7, Combo 6/41: comb_0034_site2_3__site2_5
  Wrote variables to /home/pbowling/mllf/examples/14benz/generated_combos/comb_0034_site2_3__site2_5/run_007/variables.py
  Submitted job 6216809
Epoch 7, Combo 7/41: comb_0201_site1_5__site1_2
  Wrote variables to /home/pbowling/mllf/examples/14benz/generated_combos/comb_0201_site1_5__site1_2/run_007/variables.py
  Submitted job 6216810
Epoch 7, Combo 8/41: comb_0016_site2_2__site2_1
  Wrote variables to /home/pbowling/mllf/examples/14benz/generated_combos/comb_0016_site2_2__site2_1/run_007/variables.py
  Submitted job 6216811
Epoch 7, Combo 9/41: comb_0231_site1_6__site1_1
  Wrote variables to /home/pbowling/mllf/examples/14benz/generated_combos/comb_0231_site1_6__site1_1/run_007/variables.py
  Submitted job 6216812
Epoch 7, Combo 10/41: comb_0108_site1_2__site1_3
  Wrote variables to /home/pbowling/mllf/examples/14benz/generated_combos/comb_0108_site1_2__site1_3/run_007/variables.py
  Submitted job 6216813
Epoch 7, Combo 11/41: comb_0062_site2_5__site2_2
  Wrote variables to /home/pbowling/mllf/examples/14benz/generated_combos/comb_0062_site2_5__site2_2/run_007/variables.py
  Submitted job 6216814
Epoch 7, Combo 12/41: comb_0001_site2_1__site2_2
  Wrote variables to /home/pbowling/mllf/examples/14benz/generated_combos/comb_0001_site2_1__site2_2/run_007/variables.py
  Submitted job 6216815
Epoch 7, Combo 13/41: comb_0018_site2_2__site2_4
  Wrote variables to /home/pbowling/mllf/examples/14benz/generated_combos/comb_0018_site2_2__site2_4/run_007/variables.py
  Submitted job 6216816
Epoch 7, Combo 14/41: comb_0004_site2_1__site2_5
  Wrote variables to /home/pbowling/mllf/examples/14benz/generated_combos/comb_0004_site2_1__site2_5/run_007/variables.py
  Submitted job 6216817
Epoch 7, Combo 15/41: comb_0080_site1_1__site1_6
  Wrote variables to /home/pbowling/mllf/examples/14benz/generated_combos/comb_0080_site1_1__site1_6/run_007/variables.py
  Submitted job 6216818
Epoch 7, Combo 16/41: comb_0047_site2_4__site2_2
  Wrote variables to /home/pbowling/mllf/examples/14benz/generated_combos/comb_0047_site2_4__site2_2/run_007/variables.py
  Submitted job 6216819
Epoch 7, Combo 17/41: comb_0046_site2_4__site2_1
  Wrote variables to /home/pbowling/mllf/examples/14benz/generated_combos/comb_0046_site2_4__site2_1/run_007/variables.py
  Submitted job 6216820
Epoch 7, Combo 18/41: comb_0107_site1_2__site1_1
  Wrote variables to /home/pbowling/mllf/examples/14benz/generated_combos/comb_0107_site1_2__site1_1/run_007/variables.py
  Submitted job 6216821
Epoch 7, Combo 19/41: comb_0109_site1_2__site1_4
  Wrote variables to /home/pbowling/mllf/examples/14benz/generated_combos/comb_0109_site1_2__site1_4/run_007/variables.py
  Submitted job 6216822
Epoch 7, Combo 20/41: comb_0033_site2_3__site2_4
  Wrote variables to /home/pbowling/mllf/examples/14benz/generated_combos/comb_0033_site2_3__site2_4/run_007/variables.py
  Submitted job 6216823
Epoch 7, Combo 21/41: comb_0077_site1_1__site1_3
  Wrote variables to /home/pbowling/mllf/examples/14benz/generated_combos/comb_0077_site1_1__site1_3/run_007/variables.py
  Submitted job 6216824
Epoch 7, Combo 22/41: comb_0234_site1_6__site1_4
  Wrote variables to /home/pbowling/mllf/examples/14benz/generated_combos/comb_0234_site1_6__site1_4/run_007/variables.py
  Submitted job 6216825
Epoch 7, Combo 23/41: comb_0031_site2_3__site2_1
  Wrote variables to /home/pbowling/mllf/examples/14benz/generated_combos/comb_0031_site2_3__site2_1/run_007/variables.py
  Submitted job 6216826
Epoch 7, Combo 24/41: comb_0200_site1_5__site1_1
  Wrote variables to /home/pbowling/mllf/examples/14benz/generated_combos/comb_0200_site1_5__site1_1/run_007/variables.py
  Submitted job 6216827
Epoch 7, Combo 25/41: comb_0049_site2_4__site2_5
  Wrote variables to /home/pbowling/mllf/examples/14benz/generated_combos/comb_0049_site2_4__site2_5/run_007/variables.py
  Submitted job 6216828
Epoch 7, Combo 26/41: comb_0173_site1_4__site1_6
  Wrote variables to /home/pbowling/mllf/examples/14benz/generated_combos/comb_0173_site1_4__site1_6/run_007/variables.py
  Submitted job 6216829
Epoch 7, Combo 27/41: comb_0232_site1_6__site1_2
  Wrote variables to /home/pbowling/mllf/examples/14benz/generated_combos/comb_0232_site1_6__site1_2/run_007/variables.py
  Submitted job 6216830
Epoch 7, Combo 28/41: comb_0110_site1_2__site1_5
  Wrote variables to /home/pbowling/mllf/examples/14benz/generated_combos/comb_0110_site1_2__site1_5/run_007/variables.py
  Submitted job 6216831
Epoch 7, Combo 29/41: comb_0171_site1_4__site1_3
  Wrote variables to /home/pbowling/mllf/examples/14benz/generated_combos/comb_0171_site1_4__site1_3/run_007/variables.py
  Submitted job 6216832
Epoch 7, Combo 30/41: comb_0111_site1_2__site1_6
  Wrote variables to /home/pbowling/mllf/examples/14benz/generated_combos/comb_0111_site1_2__site1_6/run_007/variables.py
  Submitted job 6216833
Epoch 7, Combo 31/41: comb_0172_site1_4__site1_5
  Wrote variables to /home/pbowling/mllf/examples/14benz/generated_combos/comb_0172_site1_4__site1_5/run_007/variables.py
  Submitted job 6216834
Epoch 7, Combo 32/41: comb_0076_site1_1__site1_2
  Wrote variables to /home/pbowling/mllf/examples/14benz/generated_combos/comb_0076_site1_1__site1_2/run_007/variables.py
  Submitted job 6216835
Epoch 7, Combo 33/41: comb_0204_site1_5__site1_6
  Wrote variables to /home/pbowling/mllf/examples/14benz/generated_combos/comb_0204_site1_5__site1_6/run_007/variables.py
  Submitted job 6216836
Epoch 7, Combo 34/41: comb_0003_site2_1__site2_4
  Wrote variables to /home/pbowling/mllf/examples/14benz/generated_combos/comb_0003_site2_1__site2_4/run_007/variables.py
  Submitted job 6216837
Epoch 7, Combo 35/41: comb_0063_site2_5__site2_3
  Wrote variables to /home/pbowling/mllf/examples/14benz/generated_combos/comb_0063_site2_5__site2_3/run_007/variables.py
  Submitted job 6216838
Epoch 7, Combo 36/41: comb_0019_site2_2__site2_5
  Wrote variables to /home/pbowling/mllf/examples/14benz/generated_combos/comb_0019_site2_2__site2_5/run_007/variables.py
  Submitted job 6216839
Epoch 7, Combo 37/41: comb_0140_site1_3__site1_4
  Wrote variables to /home/pbowling/mllf/examples/14benz/generated_combos/comb_0140_site1_3__site1_4/run_007/variables.py
  Submitted job 6216840
Epoch 7, Combo 38/41: comb_0235_site1_6__site1_5
  Wrote variables to /home/pbowling/mllf/examples/14benz/generated_combos/comb_0235_site1_6__site1_5/run_007/variables.py
  Submitted job 6216841
Epoch 7, Combo 39/41: comb_0139_site1_3__site1_2
  Wrote variables to /home/pbowling/mllf/examples/14benz/generated_combos/comb_0139_site1_3__site1_2/run_007/variables.py
  Submitted job 6216842
Epoch 7, Combo 40/41: comb_0202_site1_5__site1_3
  Wrote variables to /home/pbowling/mllf/examples/14benz/generated_combos/comb_0202_site1_5__site1_3/run_007/variables.py
  Submitted job 6216843
Epoch 7, Combo 41/41: comb_0142_site1_3__site1_6
  Wrote variables to /home/pbowling/mllf/examples/14benz/generated_combos/comb_0142_site1_3__site1_6/run_007/variables.py
  Submitted job 6216844

Waiting for 41 remaining jobs...
